#,Internal Number,SAP No,Invoice No,Business Line,Inv Date,Customer Name,Customer PO No,Customer PO Date,Zone,Region,Sales Employee Name,Customer Support,Item No.,Customer Part No,Make,MOUSER MAKE,Mouser Manufacturer No,Item Group,Quantity,Unit Price,Basic Value,CGST,SGST,IGST,Total Freight,Total Freight Tax,Inv value,CN Quantity,CN Value,Total Value,Product Category
1,281443,328012867,26M12867,Mouser,2026-08-03 00:00:00,SHRI BALAJI INDUSTRIES,SBI/2026-27/055,2026-07-24 00:00:00,NORTH,NEW DELHI,ABHISHEKH CHOUDHARY,Abha,71-MMB02070C4991FB20,,MOUSER MAKE,Vishay,MMB02070C4991FB200,PASSIVE,50,12.36,618,0,0,111.24,0,0,729.24,0,0,729.24,
2,281443,328012867,26M12867,Mouser,2026-08-03 00:00:00,SHRI BALAJI INDUSTRIES,SBI/2026-27/055,2026-07-24 00:00:00,NORTH,NEW DELHI,ABHISHEKH CHOUDHARY,Abha,603-RSF200JB-73-330K,,MOUSER MAKE,YAGEO,RSF200JB-73-330K,PASSIVE,100,12.26,1226,0,0,220.68,0,0,1446.68,0,0,1446.68,
3,281443,328012867,26M12867,Mouser,2026-08-03 00:00:00,SHRI BALAJI INDUSTRIES,SBI/2026-27/055,2026-07-24 00:00:00,NORTH,NEW DELHI,ABHISHEKH CHOUDHARY,Abha,532-507302B00,,MOUSER MAKE,Aavid,507302B00000G,THERMAL,50,31.08,1554,0,0,279.72,0,0,1833.72,0,0,1833.72,
4,281465,328012888,26M12888,Mouser,2026-08-03 00:00:00,ALLENGERS MEDICAL DERABASSI,4000010016,2026-07-24 00:00:00,NORTH,NEW DELHI,MAHESH KUMAR MITTAL,Abha,571-2071531,12115340,MOUSER MAKE,TE Connectivity,207153-1,CONNECTOR,50,243,12150,0,0,2187,0,0,14337,0,0,14337,
5,281466,328012889,26M12889,Mouser,2026-08-03 00:00:00,DIASPRO INTECH PRIVATE LIMITED,DIPL/NOID/PO/FY26-27/062,2026-07-20 00:00:00,NORTH,NEW DELHI,RISHABH PANDEY,Om,650-44A1121-24-2/3-9,,MOUSER MAKE,TE Connectivity,44A1121-24-2/3-9,WIRE,525,295.1,154927.5,0,0,27886.95,0,0,182814.45,0,0,182814.45,
6,281467,328012890,26M12890,Mouser,2026-08-03 00:00:00,PRECISION EMBEDDED AUTOMATION SOLUTIONS,E-Mail : Vrajesh Parikh,2026-07-03 00:00:00,NORTH,GUJARAT,HARSH DOSHI,Poonam Kashyap,652-93A1A-B28-A10L,,MOUSER MAKE,Bourns,93A1A-B28-A10L,PASSIVE,100,575.7,57570,0,0,10362.6,0,0,67932.6,0,0,67932.6,
7,281470,328012892,26M12892,Mouser,2026-08-03 00:00:00,HL MANDO SOFTTECH INDIA PRIVATE LIMITED,Email :,2026-07-24 00:00:00,NORTH,NEW DELHI,ARPIT SINGH,Om,71-CRCW0402-16.2K-E3,,MOUSER MAKE,Vishay,CRCW040216K2FKED,PASSIVE,10,2.06,20.6,0,0,3.708,0,0,24.308,0,0,24.308,
8,281470,328012892,26M12892,Mouser,2026-08-03 00:00:00,HL MANDO SOFTTECH INDIA PRIVATE LIMITED,Email :,2026-07-24 00:00:00,NORTH,NEW DELHI,ARPIT SINGH,Om,71-CRCW0402-33-E3,,MOUSER MAKE,Vishay,CRCW040233R0FKED,PASSIVE,10,2.06,20.6,0,0,3.708,0,0,24.308,0,0,24.308,
9,281470,328012892,26M12892,Mouser,2026-08-03 00:00:00,HL MANDO SOFTTECH INDIA PRIVATE LIMITED,Email :,2026-07-24 00:00:00,NORTH,NEW DELHI,ARPIT SINGH,Om,71-CRCW0402-150K-E3,,MOUSER MAKE,Vishay,CRCW0402150KFKED,PASSIVE,120,1.65,198,0,0,35.64,0,0,233.64,0,0,233.64,
10,281470,328012892,26M12892,Mouser,2026-08-03 00:00:00,HL MANDO SOFTTECH INDIA PRIVATE LIMITED,Email :,2026-07-24 00:00:00,NORTH,NEW DELHI,ARPIT SINGH,Om,71-CRCW0402-30K-E3,,MOUSER MAKE,Vishay,CRCW040230K0FKED,PASSIVE,20,2.06,41.2,0,0,7.416,0,0,48.616,0,0,48.616,
11,281470,328012892,26M12892,Mouser,2026-08-03 00:00:00,HL MANDO SOFTTECH INDIA PRIVATE LIMITED,Email :,2026-07-24 00:00:00,NORTH,NEW DELHI,ARPIT SINGH,Om,71-CRCW0402J-18K-E3,,MOUSER MAKE,Vishay,CRCW040218K0JNED,PASSIVE,30,1.85,55.5,0,0,9.99,0,0,65.49,0,0,65.49,
12,281470,328012892,26M12892,Mouser,2026-08-03 00:00:00,HL MANDO SOFTTECH INDIA PRIVATE LIMITED,Email :,2026-07-24 00:00:00,NORTH,NEW DELHI,ARPIT SINGH,Om,71-CRCW0402240RFKED,,MOUSER MAKE,Vishay,CRCW0402240RFKED,PASSIVE,10,2.06,20.6,0,0,3.708,0,0,24.308,0,0,24.308,
13,281470,328012892,26M12892,Mouser,2026-08-03 00:00:00,HL MANDO SOFTTECH INDIA PRIVATE LIMITED,Email :,2026-07-24 00:00:00,NORTH,NEW DELHI,ARPIT SINGH,Om,71-CRCW040243K0FKED,,MOUSER MAKE,Vishay,CRCW040243K0FKED,PASSIVE,10,2.06,20.6,0,0,3.708,0,0,24.308,0,0,24.308,
14,281470,328012892,26M12892,Mouser,2026-08-03 00:00:00,HL MANDO SOFTTECH INDIA PRIVATE LIMITED,Email :,2026-07-24 00:00:00,NORTH,NEW DELHI,ARPIT SINGH,Om,757-2SA2195LF,,MOUSER MAKE,Toshiba,"2SA2195,LF",DISCRET,30,43.88,1316.4,0,0,236.952,0,0,1553.352,0,0,1553.352,
15,281470,328012892,26M12892,Mouser,2026-08-03 00:00:00,HL MANDO SOFTTECH INDIA PRIVATE LIMITED,Email :,2026-07-24 00:00:00,NORTH,NEW DELHI,ARPIT SINGH,Om,71-CRCW04022R00JNED,,MOUSER MAKE,Vishay,CRCW04022R00JNED,PASSIVE,20,1.85,37,0,0,6.66,0,0,43.66,0,0,43.66,
16,281470,328012892,26M12892,Mouser,2026-08-03 00:00:00,HL MANDO SOFTTECH INDIA PRIVATE LIMITED,Email :,2026-07-24 00:00:00,NORTH,NEW DELHI,ARPIT SINGH,Om,603-AF0402FR-07750RL,,MOUSER MAKE,YAGEO,AF0402FR-07750RL,PASSIVE,10,1.75,17.5,0,0,3.15,0,0,20.65,0,0,20.65,
17,281470,328012892,26M12892,Mouser,2026-08-03 00:00:00,HL MANDO SOFTTECH INDIA PRIVATE LIMITED,Email :,2026-07-24 00:00:00,NORTH,NEW DELHI,ARPIT SINGH,Om,71-CRCW0603-2.2-E3,,MOUSER MAKE,Vishay,CRCW06032R20FKEA,PASSIVE,30,2.58,77.4,0,0,13.932,0,0,91.332,0,0,91.332,
18,281471,328012893,26M12893,Mouser,2026-08-03 00:00:00,MATHESON HYDROGEN INDIA PRIVATE LIMITED,PO/2025/E&I/000/1015,2026-02-12 00:00:00,NORTH,NEW DELHI,RISHABH PANDEY,Om,576-39600500440,,MOUSER MAKE,Littelfuse,39600500440,CIRCUIT PROTECTION,50,240.87,12043.5,0,0,2167.83,0,0,14211.33,0,0,14211.33,
19,281471,328012893,26M12893,Mouser,2026-08-03 00:00:00,MATHESON HYDROGEN INDIA PRIVATE LIMITED,PO/2025/E&I/000/1015,2026-02-12 00:00:00,NORTH,NEW DELHI,RISHABH PANDEY,Om,576-0451010.MRL,,MOUSER MAKE,Littelfuse,0451010.MRL,ELECTRO MECHANICAL,50,189,9450,0,0,1701,0,0,11151,0,0,11151,
20,281473,328012895,26M12895,Mouser,2026-08-03 00:00:00,SOLUTION & TECHNOLOGY,PO-2627-0210,2026-07-24 00:00:00,NORTH,NEW DELHI,DHIRENDRA PANDEY,Abha,200-HCSD13D120001NG,,MOUSER MAKE,Samtec,HCSD-13-D-12.00-01-N-G,WIRE,2,1892.75,3785.5,0,0,681.39,0,0,4466.89,0,0,4466.89,
21,281473,328012895,26M12895,Mouser,2026-08-03 00:00:00,SOLUTION & TECHNOLOGY,PO-2627-0210,2026-07-24 00:00:00,NORTH,NEW DELHI,DHIRENDRA PANDEY,Abha,200-EJH11301FDSMLC,,MOUSER MAKE,Samtec,EJH-113-01-F-D-SM-LC,CONNECTOR,4,838.46,3353.84,0,0,603.6912,0,0,3957.5312,0,0,3957.5312,
22,281521,328012921,26M12921,Mouser,2026-08-04 00:00:00,STREAMLINE CONTROLS PVT LTD,SL26270391,2026-07-20 00:00:00,NORTH,GUJARAT,HARSH DOSHI,Poonam Kashyap,863-MOC3073SM,,MOUSER MAKE,onsemi,MOC3073SM,INTEGRATED CIRCUIT,50,55.9,2795,0,0,503.1,0,0,3298.1,0,0,3298.1,
23,281586,328012967,26M12967,Mouser,2026-08-04 00:00:00,ALLENGERS MEDICAL DERABASSI,4000009978,2026-07-23 00:00:00,NORTH,NEW DELHI,MAHESH KUMAR MITTAL,Abha,612-EG1213,12104403,MOUSER MAKE,EG1213,EG1213,ELECTRO MECHANICAL,80,62.15,4972,0,0,894.96,0,0,5866.96,0,0,5866.96,
24,281587,328012968,26M12968,Mouser,2026-08-04 00:00:00,CONTROL PRINT LTD,14123984,2026-07-22 00:00:00,NORTH,NEW DELHI,MAHESH KUMAR MITTAL,Abha,785-NGCMA10AX01C,10310282,MOUSER MAKE,Honeywell,NGCMA10AX01C,ELECTRO MECHANICAL,10,5725.71,57257.1,0,0,10306.278,0,0,67563.378,0,0,67563.378,
25,281588,328012969,26M12969,Mouser,2026-08-04 00:00:00,SONA BLW PRECISION FORGINGS LTD,901853352,2026-07-28 00:00:00,NORTH,NEW DELHI,SURAJ PANDEY,Abha,594-AC05W1K000J,1J11206000700PR,MOUSER MAKE,Vishay,AC05000001001JAC00,PASSIVE,5000,39.78,198900,0,0,35802,0,0,234702,0,0,234702,
26,281669,328013028,26M13028,Mouser,2026-08-05 00:00:00,TRINITY TOUCH PVT. LTD.,210015014,2026-07-20 00:00:00,NORTH,NEW DELHI,SURAJ PANDEY,Palak,556-ATMEGA128RFA1-ZU,,MOUSER MAKE,Microchip,ATMEGA128RFA1-ZU,INTEGRATED CIRCUIT,5,865.98,4329.9,0,0,779.382,0,0,5109.282,0,0,5109.282,
27,281710,328013066,26M13066,Mouser,2026-08-05 00:00:00,ELITE ELECTRONICS,EE/PO/26-27/1625,2026-07-24 00:00:00,NORTH,NEW DELHI,HARSH DOSHI,Neha,968-R5F100FGAFP#30,,MOUSER MAKE,Renesas Electronics,R5F100FGAFP#30,INTEGRATED CIRCUIT,10,210.12,2101.2,0,0,378.216,0,0,2479.416,0,0,2479.416,
28,281712,328013068,26M13068,Mouser,2026-08-05 00:00:00,VAN NORMAN MACHINE (INDIA) PVT LTD,723,2026-07-23 00:00:00,NORTH,NEW DELHI,SANDHYA KALYAN,Abha,653-XM3A-0921,,MOUSER MAKE,Omron,XM3A-0921,CONNECTOR,100,1268.99,126899,0,0,22841.82,0,0,149740.82,0,0,149740.82,
29,281774,328013120,26M13120,Mouser,2026-08-06 00:00:00,INTEGERSPIN PRIVATE LIMITED,PO/ISPL/260731,2026-07-21 00:00:00,NORTH,NEW DELHI,RISHABH PANDEY,Om,776164-1.,,MOUSER MAKE,TE Connectivity Deutsch Connectors,,CONNECTOR,4,1512,6048,0,0,1088.64,0,0,7136.64,0,0,7136.64,
30,281791,328013136,26M13136,Mouser,2026-08-06 00:00:00,TEKUNCORKED AIIOT PRIVATE LIMITED,Email :,2026-07-23 00:00:00,NORTH,NEW DELHI,RISHABH PANDEY,Palak,595-TMCS1101A4BQDRQ1,,MOUSER MAKE,Texas Instruments,TMCS1101A4BQDRQ1,SENSORS,2,576.81,1153.62,0,0,207.6516,0,0,1361.2716,0,0,1361.2716,
31,281799,328013144,26M13144,Mouser,2026-08-06 00:00:00,TEKUNCORKED AIIOT PRIVATE LIMITED,E-Mail : Chetna,2026-07-29 00:00:00,NORTH,NEW DELHI,RISHABH PANDEY,Palak,595-TPS560430XFDBVT,,MOUSER MAKE,Texas Instruments,TPS560430XFDBVT,INTEGRATED CIRCUIT,3,183.34,550.02,0,0,99.0036,0,0,649.0236,0,0,649.0236,
32,281833,328013173,26M13173,Mouser,2026-08-06 00:00:00,AHUJA RADIOS-DEL,CSP26/1100766,2026-07-14 00:00:00,NORTH,NEW DELHI,KULDEEP KUMAR,Neha,LD1117ASTR.,SCIS1117C,MOUSER MAKE,STMicroelectronics,,INTEGRATED CIRCUIT,2500,25.04,62600,0,0,11268,0,0,73868,0,0,73868,
33,281834,328013174,26M13174,Mouser,2026-08-06 00:00:00,SOLUTION & TECHNOLOGY,PO-2627-0209,2026-07-24 00:00:00,NORTH,NEW DELHI,DHIRENDRA PANDEY,Abha,579-PIC16F1823-I/SL,,MOUSER MAKE,Microchip,PIC16F1823-I/SL,INTEGRATED CIRCUIT,5,144.2,721,0,0,129.78,0,0,850.78,0,0,850.78,
34,281836,328013176,26M13176,Mouser,2026-08-06 00:00:00,SOLUTION & TECHNOLOGY,PO-2627-0212,2026-07-27 00:00:00,NORTH,NEW DELHI,DHIRENDRA PANDEY,Abha,71-TNPW04023K30FHED,,MOUSER MAKE,Vishay,TNPW04023K30FHED,PASSIVE,100,11.95,1195,0,0,215.1,0,0,1410.1,0,0,1410.1,
35,281837,328013177,26M13177,Mouser,2026-08-06 00:00:00,SOLUTION & TECHNOLOGY,PO-2627-0214,2026-07-28 00:00:00,NORTH,NEW DELHI,DHIRENDRA PANDEY,Abha,709-RT50C,,MOUSER MAKE,MEAN WELL,RT-50C,INTEGRATED CIRCUIT,5,2064.6,10323,0,0,1858.14,0,0,12181.14,0,0,12181.14,
36,281839,328013179,26M13179,Mouser,2026-08-06 00:00:00,WYNNCOM DIGITAL DEVICES PVT. LTD.,5510001718,2026-06-18 00:00:00,NORTH,NEW DELHI,ARPIT SINGH,Neha Chauhan,595-SN74LVC1G07DCKR,11104985,MOUSER MAKE,Texas Instruments,SN74LVC1G07DCKR,INTEGRATED CIRCUIT,2480,4.2,10416,0,0,1874.88,0,0,12290.88,0,0,12290.88,
37,281840,328013180,26M13180,Mouser,2026-08-06 00:00:00,UNIVERSAL INDUSTRIES,E-Mail : Kunal Patel,2026-07-29 00:00:00,NORTH,AHMEDABAD,HARSH DOSHI,Poonam Kashyap,710-7499111615,,MOUSER MAKE,Wurth Elektronik,7499111615,CONNECTOR,5,1393.28,6966.4,0,0,1253.952,0,0,8220.352,0,0,8220.352,
38,281840,328013180,26M13180,Mouser,2026-08-06 00:00:00,UNIVERSAL INDUSTRIES,E-Mail : Kunal Patel,2026-07-29 00:00:00,NORTH,AHMEDABAD,HARSH DOSHI,Poonam Kashyap,530-2250548-1,,MOUSER MAKE,Bel,2250548-1,CONNECTOR,5,859.04,4295.2,0,0,773.136,0,0,5068.336,0,0,5068.336,
39,281842,328013182,26M13182,Mouser,2026-08-06 00:00:00,EULER MOTORS PRIVATE LIMITED,43593,2026-07-04 00:00:00,NORTH,NEW DELHI,SURAJ PANDEY,Poonam Kashyap,603-RC0402FR-071ML,MEPC1710,MOUSER MAKE,Yageo,RC0402FR-071ML,PASSIVE,50,1.13,56.5,0,0,10.17,0,0,66.67,0,0,66.67,
40,281842,328013182,26M13182,Mouser,2026-08-06 00:00:00,EULER MOTORS PRIVATE LIMITED,43593,2026-07-04 00:00:00,NORTH,NEW DELHI,SURAJ PANDEY,Poonam Kashyap,520-270-18-33-JGNT,MEPC1180,MOUSER MAKE,ECS,ECS-270-18-33-JGN-TR,PASSIVE,10,45.22,452.2,0,0,81.396,0,0,533.596,0,0,533.596,
41,281842,328013182,26M13182,Mouser,2026-08-06 00:00:00,EULER MOTORS PRIVATE LIMITED,43593,2026-07-04 00:00:00,NORTH,NEW DELHI,SURAJ PANDEY,Poonam Kashyap,649-68015-206HLF,MEPC1229,MOUSER MAKE,649-68015-206HLF,68015-206HLF,CONNECTOR,10,55.14,551.4,0,0,99.252,0,0,650.652,0,0,650.652,
42,281842,328013182,26M13182,Mouser,2026-08-06 00:00:00,EULER MOTORS PRIVATE LIMITED,43593,2026-07-04 00:00:00,NORTH,NEW DELHI,SURAJ PANDEY,Poonam Kashyap,603-RC0402FR-072KL,MEPC3960,MOUSER MAKE,Yageo,RC0402FR-072KL,PASSIVE,50,0.93,46.5,0,0,8.37,0,0,54.87,0,0,54.87,
43,281842,328013182,26M13182,Mouser,2026-08-06 00:00:00,EULER MOTORS PRIVATE LIMITED,43593,2026-07-04 00:00:00,NORTH,NEW DELHI,SURAJ PANDEY,Poonam Kashyap,603-RC0402JR-070RL,MEPC0957,MOUSER MAKE,Yageo,RC0402JR-070RL,PASS,100,0.41,41,0,0,7.38,0,0,48.38,0,0,48.38,
44,281842,328013182,26M13182,Mouser,2026-08-06 00:00:00,EULER MOTORS PRIVATE LIMITED,43593,2026-07-04 00:00:00,NORTH,NEW DELHI,SURAJ PANDEY,Poonam Kashyap,603-RC0402FR-0713KL,MEPC3959,MOUSER MAKE,YAGEO,RC0402FR-0713KL,PASSIVE,100,0.52,52,0,0,9.36,0,0,61.36,0,0,61.36,
45,281842,328013182,26M13182,Mouser,2026-08-06 00:00:00,EULER MOTORS PRIVATE LIMITED,43593,2026-07-04 00:00:00,NORTH,NEW DELHI,SURAJ PANDEY,Poonam Kashyap,603-RC0402JR-0722RL,MEPC1568,MOUSER MAKE,Yageo,RC0402JR-0722RL,PASSIVE,100,0.62,62,0,0,11.16,0,0,73.16,0,0,73.16,
46,281842,328013182,26M13182,Mouser,2026-08-06 00:00:00,EULER MOTORS PRIVATE LIMITED,43593,2026-07-04 00:00:00,NORTH,NEW DELHI,SURAJ PANDEY,Poonam Kashyap,875-HZ0603C601R-10,MEPC1176,MOUSER MAKE,Laird Performance Materials,HZ0603C601R-10,PASSIVE,10,6.55,65.5,0,0,11.79,0,0,77.29,0,0,77.29,
47,281842,328013182,26M13182,Mouser,2026-08-06 00:00:00,EULER MOTORS PRIVATE LIMITED,43593,2026-07-04 00:00:00,NORTH,NEW DELHI,SURAJ PANDEY,Poonam Kashyap,81-GRM155R71C103KA1J,MEPC1171,MOUSER MAKE,Murata,GRM155R71C103KA01J,PASSIVE,100,1.34,134,0,0,24.12,0,0,158.12,0,0,158.12,
48,281842,328013182,26M13182,Mouser,2026-08-06 00:00:00,EULER MOTORS PRIVATE LIMITED,43593,2026-07-04 00:00:00,NORTH,NEW DELHI,SURAJ PANDEY,Poonam Kashyap,81-BLM11A121S,MEPC1175,MOUSER MAKE,Murata,BLM18AG121SN1D,PASSIVE,20,5.99,119.8,0,0,21.564,0,0,141.364,0,0,141.364,
49,281842,328013182,26M13182,Mouser,2026-08-06 00:00:00,EULER MOTORS PRIVATE LIMITED,43593,2026-07-04 00:00:00,NORTH,NEW DELHI,SURAJ PANDEY,Poonam Kashyap,603-RC0402JR-07150RL,MEPC3961,MOUSER MAKE,YAGEO,RC0402JR-07150RL,PASSIVE,50,0.82,41,0,0,7.38,0,0,48.38,0,0,48.38,
50,281842,328013182,26M13182,Mouser,2026-08-06 00:00:00,EULER MOTORS PRIVATE LIMITED,43593,2026-07-04 00:00:00,NORTH,NEW DELHI,SURAJ PANDEY,Poonam Kashyap,710-61300311121,MEPC1705,MOUSER MAKE,Wurth Elektronik,61300311121,CONNECTOR,40,10.62,424.8,0,0,76.464,0,0,501.264,0,0,501.264,
51,281842,328013182,26M13182,Mouser,2026-08-06 00:00:00,EULER MOTORS PRIVATE LIMITED,43593,2026-07-04 00:00:00,NORTH,NEW DELHI,SURAJ PANDEY,Poonam Kashyap,603-CC402JRNPO9BN150,MEPC3956,MOUSER MAKE,Yageo,CC0402JRNPO9BN150,PASSIVE,100,1.44,144,0,0,25.92,0,0,169.92,0,0,169.92,
52,281842,328013182,26M13182,Mouser,2026-08-06 00:00:00,EULER MOTORS PRIVATE LIMITED,43593,2026-07-04 00:00:00,NORTH,NEW DELHI,SURAJ PANDEY,Poonam Kashyap,810-C1005X7R1C104K,MEPC1647,MOUSER MAKE,TDK,C1005X7R1C104K050BC,PASSIVE,100,2.78,278,0,0,50.04,0,0,328.04,0,0,328.04,
53,281843,328013183,26M13183,Mouser,2026-08-06 00:00:00,DRICSTECH EMS LLP,E-Mail,2026-07-24 00:00:00,NORTH,AHMEDABAD,HARSH DOSHI,Poonam Kashyap,660-RK73H1ETTP15R0F,,MOUSER MAKE,KOA Speer,RK73H1ETTP15R0F,PASSIVE,100,1.33,133,0,0,23.94,0,0,156.94,0,0,156.94,
54,281843,328013183,26M13183,Mouser,2026-08-06 00:00:00,DRICSTECH EMS LLP,E-Mail,2026-07-24 00:00:00,NORTH,AHMEDABAD,HARSH DOSHI,Poonam Kashyap,710-744901047,,MOUSER MAKE,Wurth Elektronik,744901047,PASSIVE,75,33.81,2535.75,0,0,456.435,0,0,2992.185,0,0,2992.185,
55,281843,328013183,26M13183,Mouser,2026-08-06 00:00:00,DRICSTECH EMS LLP,E-Mail,2026-07-24 00:00:00,NORTH,AHMEDABAD,HARSH DOSHI,Poonam Kashyap,688-SKPMBHE010,,MOUSER MAKE,Alps Alpine,SKPMBHE010,ELECTRO MECHANICAL,52,35.62,1852.24,0,0,333.4032,0,0,2185.6432,0,0,2185.6432,
56,281843,328013183,26M13183,Mouser,2026-08-06 00:00:00,DRICSTECH EMS LLP,E-Mail,2026-07-24 00:00:00,NORTH,AHMEDABAD,HARSH DOSHI,Poonam Kashyap,604-APBD3224LSURKCGK,,MOUSER MAKE,Kingbright,APBD3224LSURKCGKC,OPT,110,23.37,2570.7,0,0,462.726,0,0,3033.426,0,0,3033.426,
57,281843,328013183,26M13183,Mouser,2026-08-06 00:00:00,DRICSTECH EMS LLP,E-Mail,2026-07-24 00:00:00,NORTH,AHMEDABAD,HARSH DOSHI,Poonam Kashyap,621-DMG2305UX-13,,MOUSER MAKE,Diodes Incorporated,DMG2305UX-13,DISCRET,170,16.47,2799.9,0,0,503.982,0,0,3303.882,0,0,3303.882,
58,281843,328013183,26M13183,Mouser,2026-08-06 00:00:00,DRICSTECH EMS LLP,E-Mail,2026-07-24 00:00:00,NORTH,AHMEDABAD,HARSH DOSHI,Poonam Kashyap,660-RK73H1ETTP49R9F,,MOUSER MAKE,KOA Speer,RK73H1ETTP49R9F,PASSIVE,250,1.02,255,0,0,45.9,0,0,300.9,0,0,300.9,
59,281843,328013183,26M13183,Mouser,2026-08-06 00:00:00,DRICSTECH EMS LLP,E-Mail,2026-07-24 00:00:00,NORTH,AHMEDABAD,HARSH DOSHI,Poonam Kashyap,595-TPS630250RNCR,,MOUSER MAKE,Texas Instruments,TPS630250RNCR,INTEGRATED CIRCUIT,51,197,10047,0,0,1808.46,0,0,11855.46,0,0,11855.46,
60,281843,328013183,26M13183,Mouser,2026-08-06 00:00:00,DRICSTECH EMS LLP,E-Mail,2026-07-24 00:00:00,NORTH,AHMEDABAD,HARSH DOSHI,Poonam Kashyap,71-CRCW04024M70FKED,,MOUSER MAKE,Vishay,CRCW04024M70FKED,PASSIVE,100,1.94,194,0,0,34.92,0,0,228.92,0,0,228.92,
61,281843,328013183,26M13183,Mouser,2026-08-06 00:00:00,DRICSTECH EMS LLP,E-Mail,2026-07-24 00:00:00,NORTH,AHMEDABAD,HARSH DOSHI,Poonam Kashyap,595-TPS61088RHLR,,MOUSER MAKE,Texas Instruments,TPS61088RHLR,INTEGRATED CIRCUIT,51,187,9537,0,0,1716.66,0,0,11253.66,0,0,11253.66,
62,281843,328013183,26M13183,Mouser,2026-08-06 00:00:00,DRICSTECH EMS LLP,E-Mail,2026-07-24 00:00:00,NORTH,AHMEDABAD,HARSH DOSHI,Poonam Kashyap,810-MPZ1608B471ATA00,,MOUSER MAKE,TDK,MPZ1608B471ATA00,PASSIVE,180,4.48,806.4,0,0,145.152,0,0,951.552,0,0,951.552,
63,281843,328013183,26M13183,Mouser,2026-08-06 00:00:00,DRICSTECH EMS LLP,E-Mail,2026-07-24 00:00:00,NORTH,AHMEDABAD,HARSH DOSHI,Poonam Kashyap,595-SN74LVC1G08DCKR,,MOUSER MAKE,Texas Instruments,SN74LVC1G08DCKR,INTEGRATED CIRCUIT,55,6.02,331.1,0,0,59.598,0,0,390.698,0,0,390.698,
64,281843,328013183,26M13183,Mouser,2026-08-06 00:00:00,DRICSTECH EMS LLP,E-Mail,2026-07-24 00:00:00,NORTH,AHMEDABAD,HARSH DOSHI,Poonam Kashyap,667-ERJ-PA2F2701X,,MOUSER MAKE,Panasonic,ERJ-PA2F2701X,PASSIVE,100,6.33,633,0,0,113.94,0,0,746.94,0,0,746.94,
65,281843,328013183,26M13183,Mouser,2026-08-06 00:00:00,DRICSTECH EMS LLP,E-Mail,2026-07-24 00:00:00,NORTH,AHMEDABAD,HARSH DOSHI,Poonam Kashyap,81-DLW5ATN401TQ2L,,MOUSER MAKE,Murata,DLW5ATN401TQ2L,PASSIVE,51,68.94,3515.94,0,0,632.8692,0,0,4148.8092,0,0,4148.8092,
66,281843,328013183,26M13183,Mouser,2026-08-06 00:00:00,DRICSTECH EMS LLP,E-Mail,2026-07-24 00:00:00,NORTH,AHMEDABAD,HARSH DOSHI,Poonam Kashyap,595-SN65EPT22DGK,,MOUSER MAKE,Texas Instruments,SN65EPT22DGK,INTEGRATED CIRCUIT,50,298,14900,0,0,2682,0,0,17582,0,0,17582,
67,281843,328013183,26M13183,Mouser,2026-08-06 00:00:00,DRICSTECH EMS LLP,E-Mail,2026-07-24 00:00:00,NORTH,AHMEDABAD,HARSH DOSHI,Poonam Kashyap,595-TLV3601DBVR,,MOUSER MAKE,Texas Instruments,TLV3601DBVR,INTEGRATED CIRCUIT,51,371.68,18955.68,0,0,3412.0224,0,0,22367.7024,0,0,22367.7024,
68,281843,328013183,26M13183,Mouser,2026-08-06 00:00:00,DRICSTECH EMS LLP,E-Mail,2026-07-24 00:00:00,NORTH,AHMEDABAD,HARSH DOSHI,Poonam Kashyap,81-LQG15WH15NJ02D,,MOUSER MAKE,Murata,LQG15WH15NJ02D,PASSIVE,100,7.73,773,0,0,139.14,0,0,912.14,0,0,912.14,
69,281843,328013183,26M13183,Mouser,2026-08-06 00:00:00,DRICSTECH EMS LLP,E-Mail,2026-07-24 00:00:00,NORTH,AHMEDABAD,HARSH DOSHI,Poonam Kashyap,649-166143-00024C1LF,,MOUSER MAKE,Amphenol,10166143-00024C1LF,CONNECTOR,51,140.97,7189.47,0,0,1294.1046,0,0,8483.5746,0,0,8483.5746,
70,281843,328013183,26M13183,Mouser,2026-08-06 00:00:00,DRICSTECH EMS LLP,E-Mail,2026-07-24 00:00:00,NORTH,AHMEDABAD,HARSH DOSHI,Poonam Kashyap,754-KRL1220EMR010FT5,,MOUSER MAKE,Susumu,KRL1220E-M-R010-F-T5,SENSORS,70,14.08,985.6,0,0,177.408,0,0,1163.008,0,0,1163.008,
71,281843,328013183,26M13183,Mouser,2026-08-06 00:00:00,DRICSTECH EMS LLP,E-Mail,2026-07-24 00:00:00,NORTH,AHMEDABAD,HARSH DOSHI,Poonam Kashyap,306-2BACHSSGANTFL,,MOUSER MAKE,JST,BM02B-ACHSS-GAN-TF(LF)(SN),CONNECTOR,51,47.83,2439.33,0,0,439.0794,0,0,2878.4094,0,0,2878.4094,
72,281843,328013183,26M13183,Mouser,2026-08-06 00:00:00,DRICSTECH EMS LLP,E-Mail,2026-07-24 00:00:00,NORTH,AHMEDABAD,HARSH DOSHI,Poonam Kashyap,791-WR04X2200FTL,,MOUSER MAKE,Walsin,WR04X2200FTL,PASSIVE,250,0.41,102.5,0,0,18.45,0,0,120.95,0,0,120.95,
73,281843,328013183,26M13183,Mouser,2026-08-06 00:00:00,DRICSTECH EMS LLP,E-Mail,2026-07-24 00:00:00,NORTH,AHMEDABAD,HARSH DOSHI,Poonam Kashyap,621-74LVCE1G86SE-7,,MOUSER MAKE,Diodes Incorporated,74LVCE1G86SE-7,INTEGRATED CIRCUIT,55,10.82,595.1,0,0,107.118,0,0,702.218,0,0,702.218,
74,281843,328013183,26M13183,Mouser,2026-08-06 00:00:00,DRICSTECH EMS LLP,E-Mail,2026-07-24 00:00:00,NORTH,AHMEDABAD,HARSH DOSHI,Poonam Kashyap,855-S1001-46R,,MOUSER MAKE,Harwin,S1001-46R,PASSIVE,210,23.87,5012.7,0,0,902.286,0,0,5914.986,0,0,5914.986,
75,281843,328013183,26M13183,Mouser,2026-08-06 00:00:00,DRICSTECH EMS LLP,E-Mail,2026-07-24 00:00:00,NORTH,AHMEDABAD,HARSH DOSHI,Poonam Kashyap,71-CRCW0402-316K-E3,,MOUSER MAKE,Vishay,CRCW0402316KFKED,PASSIVE,100,1.64,164,0,0,29.52,0,0,193.52,0,0,193.52,
76,281843,328013183,26M13183,Mouser,2026-08-06 00:00:00,DRICSTECH EMS LLP,E-Mail,2026-07-24 00:00:00,NORTH,AHMEDABAD,HARSH DOSHI,Poonam Kashyap,621-DMG2302UK-7,,MOUSER MAKE,Diodes Incorporated,DMG2302UK-7,DISCRET,220,14.14,3110.8,0,0,559.944,0,0,3670.744,0,0,3670.744,
77,281843,328013183,26M13183,Mouser,2026-08-06 00:00:00,DRICSTECH EMS LLP,E-Mail,2026-07-24 00:00:00,NORTH,AHMEDABAD,HARSH DOSHI,Poonam Kashyap,81-LQG15HH2N2B02D,,MOUSER MAKE,Murata,LQG15HH2N2B02D,PASSIVE,100,11.88,1188,0,0,213.84,0,0,1401.84,0,0,1401.84,
78,281843,328013183,26M13183,Mouser,2026-08-06 00:00:00,DRICSTECH EMS LLP,E-Mail,2026-07-24 00:00:00,NORTH,AHMEDABAD,HARSH DOSHI,Poonam Kashyap,810-MPZ1608S221ATD25,,MOUSER MAKE,TDK,MPZ1608S221ATD25,PASSIVE,100,5.04,504,0,0,90.72,0,0,594.72,0,0,594.72,
79,281843,328013183,26M13183,Mouser,2026-08-06 00:00:00,DRICSTECH EMS LLP,E-Mail,2026-07-24 00:00:00,NORTH,AHMEDABAD,HARSH DOSHI,Poonam Kashyap,810-MLZ1608M100WTD25,,MOUSER MAKE,TDK,MLZ1608M100WTD25,PASSIVE,70,10.76,753.2,0,0,135.576,0,0,888.776,0,0,888.776,
80,281843,328013183,26M13183,Mouser,2026-08-06 00:00:00,DRICSTECH EMS LLP,E-Mail,2026-07-24 00:00:00,NORTH,AHMEDABAD,HARSH DOSHI,Poonam Kashyap,652-SRP2010TMA-1R0M,,MOUSER MAKE,Bourns,SRP2010TMA-1R0M,PASSIVE,160,20.87,3339.2,0,0,601.056,0,0,3940.256,0,0,3940.256,
81,281843,328013183,26M13183,Mouser,2026-08-06 00:00:00,DRICSTECH EMS LLP,E-Mail,2026-07-24 00:00:00,NORTH,AHMEDABAD,HARSH DOSHI,Poonam Kashyap,604-APBD3224LQBDCGKC,,MOUSER MAKE,Kingbright,APBD3224LQBDCGKC,OPT,100,40,4000,0,0,720,0,0,4720,0,0,4720,
82,281843,328013183,26M13183,Mouser,2026-08-06 00:00:00,DRICSTECH EMS LLP,E-Mail,2026-07-24 00:00:00,NORTH,AHMEDABAD,HARSH DOSHI,Poonam Kashyap,821-SMAJ6.0AM2G,,MOUSER MAKE,Taiwan Semiconductor,SMAJ6.0A,CIRCUIT PROTECTION,100,17.14,1714,0,0,308.52,0,0,2022.52,0,0,2022.52,
83,281843,328013183,26M13183,Mouser,2026-08-06 00:00:00,DRICSTECH EMS LLP,E-Mail,2026-07-24 00:00:00,NORTH,AHMEDABAD,HARSH DOSHI,Poonam Kashyap,660-RK73H1ETTP10R0F,,MOUSER MAKE,KOA Speer,RK73H1ETTP10R0F,PASSIVE,350,1.02,357,0,0,64.26,0,0,421.26,0,0,421.26,
84,281843,328013183,26M13183,Mouser,2026-08-06 00:00:00,DRICSTECH EMS LLP,E-Mail,2026-07-24 00:00:00,NORTH,AHMEDABAD,HARSH DOSHI,Poonam Kashyap,595-BQ25622ERYKR,,MOUSER MAKE,Texas Instruments,BQ25622ERYKR,INTEGRATED CIRCUIT,51,196,9996,0,0,1799.28,0,0,11795.28,0,0,11795.28,
85,281843,328013183,26M13183,Mouser,2026-08-06 00:00:00,DRICSTECH EMS LLP,E-Mail,2026-07-24 00:00:00,NORTH,AHMEDABAD,HARSH DOSHI,Poonam Kashyap,771-MFRC52201HN1157,,MOUSER MAKE,NXP,"MFRC52201HN1,157",INTEGRATED CIRCUIT,50,558.53,27926.5,0,0,5026.77,0,0,32953.27,0,0,32953.27,
86,281843,328013183,26M13183,Mouser,2026-08-06 00:00:00,DRICSTECH EMS LLP,E-Mail,2026-07-24 00:00:00,NORTH,AHMEDABAD,HARSH DOSHI,Poonam Kashyap,81-NFM18PC105R0J3,,MOUSER MAKE,Murata,NFM18PC105R0J3D,PASSIVE,100,9.69,969,0,0,174.42,0,0,1143.42,0,0,1143.42,
87,281843,328013183,26M13183,Mouser,2026-08-06 00:00:00,DRICSTECH EMS LLP,E-Mail,2026-07-24 00:00:00,NORTH,AHMEDABAD,HARSH DOSHI,Poonam Kashyap,81-DLM0NSM900HY2D,,MOUSER MAKE,Murata,DLM0NSM900HY2D,PASSIVE,60,8.07,484.2,0,0,87.156,0,0,571.356,0,0,571.356,
88,281843,328013183,26M13183,Mouser,2026-08-06 00:00:00,DRICSTECH EMS LLP,E-Mail,2026-07-24 00:00:00,NORTH,AHMEDABAD,HARSH DOSHI,Poonam Kashyap,985-AS6500-FQFM,,MOUSER MAKE,ScioSense,AS6500-FQFM,INTEGRATED CIRCUIT,50,2388.89,119444.5,0,0,21500.01,0,0,140944.51,0,0,140944.51,
89,281843,328013183,26M13183,Mouser,2026-08-06 00:00:00,DRICSTECH EMS LLP,E-Mail,2026-07-24 00:00:00,NORTH,AHMEDABAD,HARSH DOSHI,Poonam Kashyap,603-RC0402FR-07309KL,,MOUSER MAKE,YAGEO,RC0402FR-07309KL,PASSIVE,100,0.72,72,0,0,12.96,0,0,84.96,0,0,84.96,
90,281843,328013183,26M13183,Mouser,2026-08-06 00:00:00,DRICSTECH EMS LLP,E-Mail,2026-07-24 00:00:00,NORTH,AHMEDABAD,HARSH DOSHI,Poonam Kashyap,71-CRCW0402-357K-E3,,MOUSER MAKE,Vishay,CRCW0402357KFKED,PASSIVE,100,1.64,164,0,0,29.52,0,0,193.52,0,0,193.52,
91,281843,328013183,26M13183,Mouser,2026-08-06 00:00:00,DRICSTECH EMS LLP,E-Mail,2026-07-24 00:00:00,NORTH,AHMEDABAD,HARSH DOSHI,Poonam Kashyap,279-CRG0402F150R,,MOUSER MAKE,TE Connectivity,CRG0402F150R,PASSIVE,150,1.64,246,0,0,44.28,0,0,290.28,0,0,290.28,
92,281843,328013183,26M13183,Mouser,2026-08-06 00:00:00,DRICSTECH EMS LLP,E-Mail,2026-07-24 00:00:00,NORTH,AHMEDABAD,HARSH DOSHI,Poonam Kashyap,511-STM32U585RIT6,,MOUSER MAKE,STMicroelectronics,STM32U585RIT6,INTEGRATED CIRCUIT,50,742.7,37135,0,0,6684.3,0,0,43819.3,0,0,43819.3,
93,281843,328013183,26M13183,Mouser,2026-08-06 00:00:00,DRICSTECH EMS LLP,E-Mail,2026-07-24 00:00:00,NORTH,AHMEDABAD,HARSH DOSHI,Poonam Kashyap,71-RCS12061R00FKEA,,MOUSER MAKE,Vishay,RCS12061R00FKEA,PASSIVE,60,10.41,624.6,0,0,112.428,0,0,737.028,0,0,737.028,
94,281843,328013183,26M13183,Mouser,2026-08-06 00:00:00,DRICSTECH EMS LLP,E-Mail,2026-07-24 00:00:00,NORTH,AHMEDABAD,HARSH DOSHI,Poonam Kashyap,81-GRM31CR61A476KE5K,,MOUSER MAKE,Murata,GRM31CR61A476KE15K,PASSIVE,210,15.68,3292.8,0,0,592.704,0,0,3885.504,0,0,3885.504,
95,281843,328013183,26M13183,Mouser,2026-08-06 00:00:00,DRICSTECH EMS LLP,E-Mail,2026-07-24 00:00:00,NORTH,AHMEDABAD,HARSH DOSHI,Poonam Kashyap,652-CR0402FX-4701GLF,,MOUSER MAKE,Bourns,CR0402-FX-4701GLF,PASSIVE,200,0.51,102,0,0,18.36,0,0,120.36,0,0,120.36,
96,281844,328013184,26M13184,Mouser,2026-08-06 00:00:00,OPTIMIZED SOLUTIONS LIMITED,OS/560085/32/26-27,2026-07-27 00:00:00,NORTH,AHMEDABAD,HARSH DOSHI,Poonam Kashyap,631-FN2030M-30-08,FN2030M-30-08,MOUSER MAKE,TE Connectivity,FN2030M-30-08,POWER,18,7316.96,131705.28,0,0,23706.9504,0,0,155412.2304,0,0,155412.2304,
97,281847,328013187,26M13187,Mouser,2026-08-06 00:00:00,GTEK CORPORATION PVT LTD,PO-002166,2026-07-28 00:00:00,NORTH,GUJARAT,HARSH DOSHI,Poonam Kashyap,579-25AA02E48-I/SN,GTELRMSOC000072,MOUSER MAKE,Microchip Technology,25AA02E48-I/SN,INTEGRATED CIRCUIT,300,58.65,17595,0,0,3167.1,0,0,20762.1,0,0,20762.1,
98,281847,328013187,26M13187,Mouser,2026-08-06 00:00:00,GTEK CORPORATION PVT LTD,PO-002166,2026-07-28 00:00:00,NORTH,GUJARAT,HARSH DOSHI,Poonam Kashyap,559-FOXSD250F-20-LF,GTELRMCRY000005,MOUSER MAKE,ABRACON,FOXSDLF/250F-20,PASSIVE,300,18.16,5448,0,0,980.64,0,0,6428.64,0,0,6428.64,
99,281848,328013188,26M13188,Mouser,2026-08-06 00:00:00,BHARAT ELECTRONICS LIMITED-KOT,4000640863,2026-07-24 00:00:00,NORTH,NEW DELHI,MAHESH KUMAR MITTAL,Neha Chauhan,649-87606-316LF,465474120287,MOUSER MAKE,Amphenol FCI,87606-316LF,CONNECTOR,223,384,85632,0,0,15413.76,0,0,101045.76,0,0,101045.76,
100,281853,328013193,26M13193,Mouser,2026-08-06 00:00:00,CONTROL PRINT LTD,14124028,2026-07-27 00:00:00,NORTH,NEW DELHI,MAHESH KUMAR MITTAL,Abha,576-1.5KE39A,10450156,MOUSER MAKE,Littelfuse,1.5KE39A,EMBED,1200,23.07,27684,0,0,4983.12,0,0,32667.12,0,0,32667.12,
101,281909,328013242,26M13242,Mouser,2026-08-06 00:00:00,ENGINEIUS TECHNOLOGIES,Email :,2026-07-29 00:00:00,NORTH,GUJARAT,HARSH DOSHI,Poonam Kashyap,595-TPS22915CYFPT,,MOUSER MAKE,Texas Instruments,TPS22915CYFPT,INTEGRATED CIRCUIT,7,109.14,763.98,0,0,137.5164,0,0,901.4964,0,0,901.4964,
102,281909,328013242,26M13242,Mouser,2026-08-06 00:00:00,ENGINEIUS TECHNOLOGIES,Email :,2026-07-29 00:00:00,NORTH,GUJARAT,HARSH DOSHI,Poonam Kashyap,595-TXS0108ENMER,,MOUSER MAKE,Texas Instruments,TXS0108ENMER,INTEGRATED CIRCUIT,14,177.48,2484.72,0,0,447.2496,0,0,2931.9696,0,0,2931.9696,
103,281909,328013242,26M13242,Mouser,2026-08-06 00:00:00,ENGINEIUS TECHNOLOGIES,Email :,2026-07-29 00:00:00,NORTH,GUJARAT,HARSH DOSHI,Poonam Kashyap,810-SPM4020T1R0MLR,,MOUSER MAKE,TDK,SPM4020T-1R0M-LR,PASSIVE,7,119.84,838.88,0,0,150.9984,0,0,989.8784,0,0,989.8784,
104,281909,328013242,26M13242,Mouser,2026-08-06 00:00:00,ENGINEIUS TECHNOLOGIES,Email :,2026-07-29 00:00:00,NORTH,GUJARAT,HARSH DOSHI,Poonam Kashyap,595-TXS0102DQER,,MOUSER MAKE,Texas Instruments,TXS0102DQER,INTEGRATED CIRCUIT,7,92.82,649.74,0,0,116.9532,0,0,766.6932,0,0,766.6932,
105,281909,328013242,26M13242,Mouser,2026-08-06 00:00:00,ENGINEIUS TECHNOLOGIES,Email :,2026-07-29 00:00:00,NORTH,GUJARAT,HARSH DOSHI,Poonam Kashyap,621-DMG1012T-7,,MOUSER MAKE,Diodes Incorporated,DMG1012T-7,DISCRET,21,21.83,458.43,0,0,82.5174,0,0,540.9474,0,0,540.9474,
106,281909,328013242,26M13242,Mouser,2026-08-06 00:00:00,ENGINEIUS TECHNOLOGIES,Email :,2026-07-29 00:00:00,NORTH,GUJARAT,HARSH DOSHI,Poonam Kashyap,595-TPS61088RHLR,,MOUSER MAKE,Texas Instruments,TPS61088RHLR,INTEGRATED CIRCUIT,7,279.48,1956.36,0,0,352.1448,0,0,2308.5048,0,0,2308.5048,
107,281909,328013242,26M13242,Mouser,2026-08-06 00:00:00,ENGINEIUS TECHNOLOGIES,Email :,2026-07-29 00:00:00,NORTH,GUJARAT,HARSH DOSHI,Poonam Kashyap,81-MYRGM080200X41RA,,MOUSER MAKE,Murata,MYRGM080200X41RA,INTEGRATED CIRCUIT,7,195.84,1370.88,0,0,246.7584,0,0,1617.6384,0,0,1617.6384,
108,281909,328013242,26M13242,Mouser,2026-08-06 00:00:00,ENGINEIUS TECHNOLOGIES,Email :,2026-07-29 00:00:00,NORTH,GUJARAT,HARSH DOSHI,Poonam Kashyap,81-DFE201612E-2R2MP2,,MOUSER MAKE,Murata,DFE201612E-2R2M=P2,PASSIVE,7,28,196,0,0,35.28,0,0,231.28,0,0,231.28,
109,281916,328013247,26M13247,Mouser,2026-08-06 00:00:00,SYNCHRONICS ELECTRONICS PRIVATE LIMITED,Email :,2026-07-29 00:00:00,NORTH,GUJARAT,HARSH DOSHI,Poonam Kashyap,838-3FS-424,,MOUSER MAKE,Tamura,3FS-424,POWER,10,874.72,8747.2,0,0,1574.496,0,0,10321.696,0,0,10321.696,
110,281923,328013253,26M13253,Mouser,2026-08-06 00:00:00,EULER MOTORS PRIVATE LIMITED,43701,2026-08-06 00:00:00,NORTH,NEW DELHI,SURAJ PANDEY,Poonam Kashyap,755-SDR03EZPF3301,MEPC0505,MOUSER MAKE,ROHM Semiconductor,SDR03EZPF3301,PASSIVE,10,5.25,52.5,0,0,9.45,0,0,61.95,0,0,61.95,
111,281923,328013253,26M13253,Mouser,2026-08-06 00:00:00,EULER MOTORS PRIVATE LIMITED,43701,2026-08-06 00:00:00,NORTH,NEW DELHI,SURAJ PANDEY,Poonam Kashyap,71-CRCW0603470RFKEAC,MEPC0109,MOUSER MAKE,Vishay,CRCW0603470RFKEAC,PASSIVE,70,1.92,134.4,0,0,24.192,0,0,158.592,0,0,158.592,
112,281923,328013253,26M13253,Mouser,2026-08-06 00:00:00,EULER MOTORS PRIVATE LIMITED,43701,2026-08-06 00:00:00,NORTH,NEW DELHI,SURAJ PANDEY,Poonam Kashyap,791-WR12X102JTL,MEPC1194,MOUSER MAKE,Walsin,WR12X102 JTL,PASSIVE,10,1.62,16.2,0,0,2.916,0,0,19.116,0,0,19.116,
113,281923,328013253,26M13253,Mouser,2026-08-06 00:00:00,EULER MOTORS PRIVATE LIMITED,43701,2026-08-06 00:00:00,NORTH,NEW DELHI,SURAJ PANDEY,Poonam Kashyap,667-EEE-FP1H101AL,MEPC0460,MOUSER MAKE,Panasonic,EEE-FP1H101AL,PASSIVE,10,71.71,717.1,0,0,129.078,0,0,846.178,0,0,846.178,
114,281923,328013253,26M13253,Mouser,2026-08-06 00:00:00,EULER MOTORS PRIVATE LIMITED,43701,2026-08-06 00:00:00,NORTH,NEW DELHI,SURAJ PANDEY,Poonam Kashyap,78-BAT54S-HE3_A-18,MEPC1236,MOUSER MAKE,Vishay,BAT54S-HE3_A-18,DISCRET,100,21.01,2101,0,0,378.18,0,0,2479.18,0,0,2479.18,
115,281923,328013253,26M13253,Mouser,2026-08-06 00:00:00,EULER MOTORS PRIVATE LIMITED,43701,2026-08-06 00:00:00,NORTH,NEW DELHI,SURAJ PANDEY,Poonam Kashyap,963-UMK107B7472KAHT,MEPC0195,MOUSER MAKE,Taiyo Yuden,UMK107B7472KAHT,PASSIVE,10,4.95,49.5,0,0,8.91,0,0,58.41,0,0,58.41,
116,281923,328013253,26M13253,Mouser,2026-08-06 00:00:00,EULER MOTORS PRIVATE LIMITED,43701,2026-08-06 00:00:00,NORTH,NEW DELHI,SURAJ PANDEY,Poonam Kashyap,511-VND9012AJTR,MEPC2415,MOUSER MAKE,STMicroelectronics,VND9012AJTR,INTEGRATED CIRCUIT,20,202.02,4040.4,0,0,727.272,0,0,4767.672,0,0,4767.672,
117,281923,328013253,26M13253,Mouser,2026-08-06 00:00:00,EULER MOTORS PRIVATE LIMITED,43701,2026-08-06 00:00:00,NORTH,NEW DELHI,SURAJ PANDEY,Poonam Kashyap,995-SL10-2R005,MEPC0865,MOUSER MAKE,Ametherm,SL10 2R005,CIRCUIT PROTECTION,10,185.37,1853.7,0,0,333.666,0,0,2187.366,0,0,2187.366,
118,281923,328013253,26M13253,Mouser,2026-08-06 00:00:00,EULER MOTORS PRIVATE LIMITED,43701,2026-08-06 00:00:00,NORTH,NEW DELHI,SURAJ PANDEY,Poonam Kashyap,833-BAT43WS-TP,MEPC2403,MOUSER MAKE,Micro Commercial Components (MCC),BAT43WS-TP,DISCRET,24,25.76,618.24,0,0,111.2832,0,0,729.5232,0,0,729.5232,
119,281923,328013253,26M13253,Mouser,2026-08-06 00:00:00,EULER MOTORS PRIVATE LIMITED,43701,2026-08-06 00:00:00,NORTH,NEW DELHI,SURAJ PANDEY,Poonam Kashyap,71-CRCW0603-60.4-E3,MEPC0368,MOUSER MAKE,Vishay,CRCW060360R4FKEA,PASSIVE,20,1.92,38.4,0,0,6.912,0,0,45.312,0,0,45.312,
120,281923,328013253,26M13253,Mouser,2026-08-06 00:00:00,EULER MOTORS PRIVATE LIMITED,43701,2026-08-06 00:00:00,NORTH,NEW DELHI,SURAJ PANDEY,Poonam Kashyap,80-C0603C103K3TAUTO,MEPC0953,MOUSER MAKE,KEMET,C0603C103K3TACAUTO,PASSIVE,10,21.82,218.2,0,0,39.276,0,0,257.476,0,0,257.476,
121,281923,328013253,26M13253,Mouser,2026-08-06 00:00:00,EULER MOTORS PRIVATE LIMITED,43701,2026-08-06 00:00:00,NORTH,NEW DELHI,SURAJ PANDEY,Poonam Kashyap,81-GCM32ER71H475KA5K,MEPC0342,MOUSER MAKE,Murata,GCM32ER71H475KA55K,PASSIVE,10,33.33,333.3,0,0,59.994,0,0,393.294,0,0,393.294,
122,281923,328013253,26M13253,Mouser,2026-08-06 00:00:00,EULER MOTORS PRIVATE LIMITED,43701,2026-08-06 00:00:00,NORTH,NEW DELHI,SURAJ PANDEY,Poonam Kashyap,791-0603B104J160CT,MEPC2754,MOUSER MAKE,Walsin,0603B104J160CT,PASSIVE,82,1.52,124.64,0,0,22.4352,0,0,147.0752,0,0,147.0752,
123,281923,328013253,26M13253,Mouser,2026-08-06 00:00:00,EULER MOTORS PRIVATE LIMITED,43701,2026-08-06 00:00:00,NORTH,NEW DELHI,SURAJ PANDEY,Poonam Kashyap,603-RC0603FR-0715KL,MEPC0712,MOUSER MAKE,Yageo,RC0603FR-0715KL,PASSIVE,260,0.81,210.6,0,0,37.908,0,0,248.508,0,0,248.508,
124,281923,328013253,26M13253,Mouser,2026-08-06 00:00:00,EULER MOTORS PRIVATE LIMITED,43701,2026-08-06 00:00:00,NORTH,NEW DELHI,SURAJ PANDEY,Poonam Kashyap,771-PDZ15BGWX,MEPC0373,MOUSER MAKE,Nexperia,PDZ15BGWX,DISCRET,10,10.3,103,0,0,18.54,0,0,121.54,0,0,121.54,
125,281923,328013253,26M13253,Mouser,2026-08-06 00:00:00,EULER MOTORS PRIVATE LIMITED,43701,2026-08-06 00:00:00,NORTH,NEW DELHI,SURAJ PANDEY,Poonam Kashyap,595-TPS5430DDARG4,MEPC0832,MOUSER MAKE,Texas Instruments,TPS5430DDARG4,INTEGRATED CIRCUIT,10,376.29,3762.9,0,0,677.322,0,0,4440.222,0,0,4440.222,
126,281923,328013253,26M13253,Mouser,2026-08-06 00:00:00,EULER MOTORS PRIVATE LIMITED,43701,2026-08-06 00:00:00,NORTH,NEW DELHI,SURAJ PANDEY,Poonam Kashyap,595-TLIN1021ADDFRQ1,MEPC0878,MOUSER MAKE,Texas Instruments,TLIN1021ADDFRQ1,INTEGRATED CIRCUIT,10,81.41,814.1,0,0,146.538,0,0,960.638,0,0,960.638,
127,281923,328013253,26M13253,Mouser,2026-08-06 00:00:00,EULER MOTORS PRIVATE LIMITED,43701,2026-08-06 00:00:00,NORTH,NEW DELHI,SURAJ PANDEY,Poonam Kashyap,77-VJ0603Y104KXACWBC,MEPC1831,MOUSER MAKE,Vishay,VJ0603Y104KXACW1BC,PASSIVE,20,8.18,163.6,0,0,29.448,0,0,193.048,0,0,193.048,
128,281923,328013253,26M13253,Mouser,2026-08-06 00:00:00,EULER MOTORS PRIVATE LIMITED,43701,2026-08-06 00:00:00,NORTH,NEW DELHI,SURAJ PANDEY,Poonam Kashyap,791-0603B105J160CT,MEPC2761,MOUSER MAKE,Walsin,0603B105J160CT,PASSIVE,10,4.75,47.5,0,0,8.55,0,0,56.05,0,0,56.05,
129,281923,328013253,26M13253,Mouser,2026-08-06 00:00:00,EULER MOTORS PRIVATE LIMITED,43701,2026-08-06 00:00:00,NORTH,NEW DELHI,SURAJ PANDEY,Poonam Kashyap,603-RC0603JR-071KL,MEPC0053,MOUSER MAKE,Yageo,RC0603JR-071KL,PASSIVE,50,1.31,65.5,0,0,11.79,0,0,77.29,0,0,77.29,
130,281923,328013253,26M13253,Mouser,2026-08-06 00:00:00,EULER MOTORS PRIVATE LIMITED,43701,2026-08-06 00:00:00,NORTH,NEW DELHI,SURAJ PANDEY,Poonam Kashyap,71-CRCW0603470RFKEAC,MEPC0109,MOUSER MAKE,Vishay,CRCW0603470RFKEAC,PASSIVE,70,1.92,134.4,0,0,24.192,0,0,158.592,0,0,158.592,
131,281923,328013253,26M13253,Mouser,2026-08-06 00:00:00,EULER MOTORS PRIVATE LIMITED,43701,2026-08-06 00:00:00,NORTH,NEW DELHI,SURAJ PANDEY,Poonam Kashyap,810-C1608X5R1E105K,MEPC0849,MOUSER MAKE,TDK,C1608X5R1E105K080AC,PASSIVE,50,4.75,237.5,0,0,42.75,0,0,280.25,0,0,280.25,
132,281923,328013253,26M13253,Mouser,2026-08-06 00:00:00,EULER MOTORS PRIVATE LIMITED,43701,2026-08-06 00:00:00,NORTH,NEW DELHI,SURAJ PANDEY,Poonam Kashyap,810-C3216X7R1H335K,MEPC0839,MOUSER MAKE,TDK,C3216X7R1H335K160AC,PASSIVE,10,50.5,505,0,0,90.9,0,0,595.9,0,0,595.9,
133,281923,328013253,26M13253,Mouser,2026-08-06 00:00:00,EULER MOTORS PRIVATE LIMITED,43701,2026-08-06 00:00:00,NORTH,NEW DELHI,SURAJ PANDEY,Poonam Kashyap,660-RK73H2ATTD4701F,MEPC2288,MOUSER MAKE,KOA Speer,RK73H2ATTD4701F,PASSIVE,30,2.02,60.6,0,0,10.908,0,0,71.508,0,0,71.508,
134,281923,328013253,26M13253,Mouser,2026-08-06 00:00:00,EULER MOTORS PRIVATE LIMITED,43701,2026-08-06 00:00:00,NORTH,NEW DELHI,SURAJ PANDEY,Poonam Kashyap,511-L99MD01XPTR,MEPC4035,MOUSER MAKE,STMicroelectronics,L99MD01XPTR,INTEGRATED CIRCUIT,10,371.85,3718.5,0,0,669.33,0,0,4387.83,0,0,4387.83,
135,281923,328013253,26M13253,Mouser,2026-08-06 00:00:00,EULER MOTORS PRIVATE LIMITED,43701,2026-08-06 00:00:00,NORTH,NEW DELHI,SURAJ PANDEY,Poonam Kashyap,810-C3225X7R2A106K25,MEPC0812,MOUSER MAKE,TDK,C3225X7R2A106K250AC,PASSIVE,10,82.32,823.2,0,0,148.176,0,0,971.376,0,0,971.376,
136,281923,328013253,26M13253,Mouser,2026-08-06 00:00:00,EULER MOTORS PRIVATE LIMITED,43701,2026-08-06 00:00:00,NORTH,NEW DELHI,SURAJ PANDEY,Poonam Kashyap,603-RC0603JR-074K7L,MEPC0063,MOUSER MAKE,Yageo,RC0603JR-074K7L,PASSIVE,20,1.11,22.2,0,0,3.996,0,0,26.196,0,0,26.196,
137,281923,328013253,26M13253,Mouser,2026-08-06 00:00:00,EULER MOTORS PRIVATE LIMITED,43701,2026-08-06 00:00:00,NORTH,NEW DELHI,SURAJ PANDEY,Poonam Kashyap,603-RC0603JR-074K7L,MEPC0063,MOUSER MAKE,Yageo,RC0603JR-074K7L,PASSIVE,20,1.11,22.2,0,0,3.996,0,0,26.196,0,0,26.196,
138,281923,328013253,26M13253,Mouser,2026-08-06 00:00:00,EULER MOTORS PRIVATE LIMITED,43701,2026-08-06 00:00:00,NORTH,NEW DELHI,SURAJ PANDEY,Poonam Kashyap,71-CRCW0603-5.6K-E3,MEPC0113,MOUSER MAKE,Vishay,CRCW06035K60FKEA,PASSIVE,60,2.02,121.2,0,0,21.816,0,0,143.016,0,0,143.016,
139,281923,328013253,26M13253,Mouser,2026-08-06 00:00:00,EULER MOTORS PRIVATE LIMITED,43701,2026-08-06 00:00:00,NORTH,NEW DELHI,SURAJ PANDEY,Poonam Kashyap,80-C0603C104K5RAC,MEPC0204,MOUSER MAKE,KEMET,C0603C104K5RAC,PASSIVE,120,3.54,424.8,0,0,76.464,0,0,501.264,0,0,501.264,
140,281923,328013253,26M13253,Mouser,2026-08-06 00:00:00,EULER MOTORS PRIVATE LIMITED,43701,2026-08-06 00:00:00,NORTH,NEW DELHI,SURAJ PANDEY,Poonam Kashyap,511-ESDCAN24-2BLY,MEPC0016,MOUSER MAKE,STMicroelectronics,ESDCAN24-2BLY,DISCRET,10,27.27,272.7,0,0,49.086,0,0,321.786,0,0,321.786,
141,281923,328013253,26M13253,Mouser,2026-08-06 00:00:00,EULER MOTORS PRIVATE LIMITED,43701,2026-08-06 00:00:00,NORTH,NEW DELHI,SURAJ PANDEY,Poonam Kashyap,604-APTD1608LVBCD,MEPC0366,MOUSER MAKE,Kingbright,APTD1608LVBC/D,OPT,20,40.63,812.6,0,0,146.268,0,0,958.868,0,0,958.868,
142,281923,328013253,26M13253,Mouser,2026-08-06 00:00:00,EULER MOTORS PRIVATE LIMITED,43701,2026-08-06 00:00:00,NORTH,NEW DELHI,SURAJ PANDEY,Poonam Kashyap,576-5.0SMDJ22CA,MEPC3314,MOUSER MAKE,Littelfuse,5.0SMDJ22CA,CIRCUIT PROTECTION,40,165.64,6625.6,0,0,1192.608,0,0,7818.208,0,0,7818.208,
143,281938,328013268,26M13268,Mouser,2026-08-06 00:00:00,ALLENGERS MEDICAL DERABASSI,4000010132,2026-07-28 00:00:00,NORTH,NEW DELHI,MAHESH KUMAR MITTAL,Abha,78-PLZ6V8B-G3/H,,MOUSER MAKE,Vishay,PLZ6V8B-G3/H,DISCRET,62,22.15,1373.3,0,0,247.194,0,0,1620.494,0,0,1620.494,
144,281941,328013270,26M13270,Mouser,2026-08-06 00:00:00,RISHI ENGINEERING AND TECHNOLOGIES,RE-26-27-03,2026-07-24 00:00:00,NORTH,NEW DELHI,RISHABH PANDEY,Abha,763-35320240FTCSXPT,,MOUSER MAKE,Newhaven Display,NHD-3.5-320240FT-CSXP-T,OPT,36,8450,304200,0,0,54756,0,0,358956,0,0,358956,
145,281949,328013277,26M13277,Mouser,2026-08-06 00:00:00,TRINITY TOUCH PVT. LTD.,210015045,2026-07-28 00:00:00,NORTH,NEW DELHI,SURAJ PANDEY,Palak,651-1333816,,MOUSER MAKE,Phoenix Contact,1333816,CONNECTOR,10,463.3,4633,0,0,833.94,0,0,5466.94,0,0,5466.94,
146,281968,328013288,26M13288,Mouser,2026-08-07 00:00:00,AIMTRON ELECTRONICS LTD,17980,2026-07-28 00:00:00,NORTH,GUJARAT,HARSH DOSHI,Poonam Kashyap,667-ERA-2AED510X,RES04936,MOUSER MAKE,Panasonic,ERA-2AED510X,PASSIVE,560,4.08,2284.8,0,0,411.264,0,0,2696.064,0,0,2696.064,
147,281990,328013301,26M13301,Mouser,2026-08-07 00:00:00,SWASEMI PRIVATE LIMITED,E-Mail,2026-07-28 00:00:00,NORTH,GUJARAT,HARSH DOSHI,Poonam Kashyap,771-MPL3115A2ST1,,MOUSER MAKE,NXP,MPL3115A2ST1,SENSORS,25,452.1,11302.5,0,0,2034.45,0,0,13336.95,0,0,13336.95,
148,282013,328013318,26M13318,Mouser,2026-08-07 00:00:00,ROBOTICSSIGN,E-Mail,2026-07-28 00:00:00,NORTH,GUJARAT,HARSH DOSHI,Poonam Kashyap,511-NUCLEO-G431RB,,MOUSER MAKE,STMicroelectronics,NUCLEO-G431RB,ELECTRO MECHANICAL,2,2254.56,4509.12,0,0,811.6416,0,0,5320.7616,0,0,5320.7616,
149,282063,328013355,26M13355,Mouser,2026-08-10 00:00:00,KIMBAL PRIVATE LIMITED-NOIDA,4300000173,2026-07-27 00:00:00,NORTH,NEW DELHI,ARPIT SINGH,Prakash,90-4005,6000000954,MOUSER MAKE,Sensepeek,4005,CONNECTOR,1,8710.44,8710.44,0,0,1567.8792,0,0,10278.3192,0,0,10278.3192,
150,282063,328013355,26M13355,Mouser,2026-08-10 00:00:00,KIMBAL PRIVATE LIMITED-NOIDA,4300000173,2026-07-27 00:00:00,NORTH,NEW DELHI,ARPIT SINGH,Prakash,943-8.08.28,6000000952,MOUSER MAKE,Segger Microcontroller,8.08.28,DISCRET,2,89974.5,179949,0,0,32390.82,0,0,212339.82,0,0,212339.82,
151,282100,328013389,26M13389,Mouser,2026-08-10 00:00:00,ENERTRAK INSTRUMENTS PRIVATE LTD,2026-2027/717,2026-07-28 00:00:00,NORTH,JAIPUR,KULDEEP KUMAR,Neha Chauhan,593-VAOL-10GAT4,YDSTLDRWCX,MOUSER MAKE,VCC,VAOL-10GAT4,OPT,2000,20.49,40980,0,0,7376.4,0,0,48356.4,0,0,48356.4,
152,282101,328013390,26M13390,Mouser,2026-08-10 00:00:00,UNIVERSAL INDUSTRIES,Email :,2026-07-31 00:00:00,NORTH,AHMEDABAD,HARSH DOSHI,Poonam Kashyap,81-BLM11A121S,,MOUSER MAKE,Murata,BLM18AG121SN1D,PASSIVE,85,4.48,380.8,0,0,68.544,0,0,449.344,0,0,449.344,
153,282101,328013390,26M13390,Mouser,2026-08-10 00:00:00,UNIVERSAL INDUSTRIES,Email :,2026-07-31 00:00:00,NORTH,AHMEDABAD,HARSH DOSHI,Poonam Kashyap,81-GRT188C81E475KE3D,,MOUSER MAKE,Murata,GRT188C81E475KE13D,PASSIVE,41,9.59,393.19,0,0,70.7742,0,0,463.9642,0,0,463.9642,
154,282110,328013399,26M13399,Mouser,2026-08-10 00:00:00,ANEDYA SYSTEMS PRIVATE LIMITED,E-Mail : Markand Pathak,2026-07-30 00:00:00,NORTH,GUJARAT,HARSH DOSHI,Poonam Kashyap,71-CRCW04023K90FKED,,MOUSER MAKE,Vishay,CRCW04023K90FKED,PASSIVE,30,2.04,61.2,0,0,11.016,0,0,72.216,0,0,72.216,
155,282110,328013399,26M13399,Mouser,2026-08-10 00:00:00,ANEDYA SYSTEMS PRIVATE LIMITED,E-Mail : Markand Pathak,2026-07-30 00:00:00,NORTH,GUJARAT,HARSH DOSHI,Poonam Kashyap,637-MMBT3906,,MOUSER MAKE,Diotec Semiconductor,MMBT3906,DISCRET,20,6.84,136.8,0,0,24.624,0,0,161.424,0,0,161.424,
156,282110,328013399,26M13399,Mouser,2026-08-10 00:00:00,ANEDYA SYSTEMS PRIVATE LIMITED,E-Mail : Markand Pathak,2026-07-30 00:00:00,NORTH,GUJARAT,HARSH DOSHI,Poonam Kashyap,595-TLV77333PDBVR,,MOUSER MAKE,Texas Instruments,TLV77333PDBVR,INTEGRATED CIRCUIT,10,7.25,72.5,0,0,13.05,0,0,85.55,0,0,85.55,
157,282110,328013399,26M13399,Mouser,2026-08-10 00:00:00,ANEDYA SYSTEMS PRIVATE LIMITED,E-Mail : Markand Pathak,2026-07-30 00:00:00,NORTH,GUJARAT,HARSH DOSHI,Poonam Kashyap,603-SMAJ36A/TR13,,MOUSER MAKE,YAGEO,SMAJ36A/TR13,CIRCUIT PROTECTION,10,15.3,153,0,0,27.54,0,0,180.54,0,0,180.54,
158,282110,328013399,26M13399,Mouser,2026-08-10 00:00:00,ANEDYA SYSTEMS PRIVATE LIMITED,E-Mail : Markand Pathak,2026-07-30 00:00:00,NORTH,GUJARAT,HARSH DOSHI,Poonam Kashyap,621-AP62200TWU-7,,MOUSER MAKE,Diodes Incorporated,AP62200TWU-7,INTEGRATED CIRCUIT,10,20.61,206.1,0,0,37.098,0,0,243.198,0,0,243.198,
159,282110,328013399,26M13399,Mouser,2026-08-10 00:00:00,ANEDYA SYSTEMS PRIVATE LIMITED,E-Mail : Markand Pathak,2026-07-30 00:00:00,NORTH,GUJARAT,HARSH DOSHI,Poonam Kashyap,581-KGM05ACG1C101JH,,MOUSER MAKE,KYOCERA AVX,KGM05ACG1C101JH,PASSIVE,30,4.08,122.4,0,0,22.032,0,0,144.432,0,0,144.432,
160,282110,328013399,26M13399,Mouser,2026-08-10 00:00:00,ANEDYA SYSTEMS PRIVATE LIMITED,E-Mail : Markand Pathak,2026-07-30 00:00:00,NORTH,GUJARAT,HARSH DOSHI,Poonam Kashyap,71-CRCW040251K0FKEDC,,MOUSER MAKE,Vishay,CRCW040251K0FKEDC,PASSIVE,60,1.84,110.4,0,0,19.872,0,0,130.272,0,0,130.272,
161,282110,328013399,26M13399,Mouser,2026-08-10 00:00:00,ANEDYA SYSTEMS PRIVATE LIMITED,E-Mail : Markand Pathak,2026-07-30 00:00:00,NORTH,GUJARAT,HARSH DOSHI,Poonam Kashyap,652-CR0402FX-1200GLF,,MOUSER MAKE,Bourns Inc,CR0402-FX-1200GLF,PASSIVE,60,0.92,55.2,0,0,9.936,0,0,65.136,0,0,65.136,
162,282110,328013399,26M13399,Mouser,2026-08-10 00:00:00,ANEDYA SYSTEMS PRIVATE LIMITED,E-Mail : Markand Pathak,2026-07-30 00:00:00,NORTH,GUJARAT,HARSH DOSHI,Poonam Kashyap,603-RC0402JR-070RP,,MOUSER MAKE,YAGEO,RC0402JR-070RP,PASSIVE,60,1.02,61.2,0,0,11.016,0,0,72.216,0,0,72.216,
163,282110,328013399,26M13399,Mouser,2026-08-10 00:00:00,ANEDYA SYSTEMS PRIVATE LIMITED,E-Mail : Markand Pathak,2026-07-30 00:00:00,NORTH,GUJARAT,HARSH DOSHI,Poonam Kashyap,576-SMBJ12CA,,MOUSER MAKE,Littelfuse,SMBJ12CA,DISCRET,20,23.87,477.4,0,0,85.932,0,0,563.332,0,0,563.332,
164,282110,328013399,26M13399,Mouser,2026-08-10 00:00:00,ANEDYA SYSTEMS PRIVATE LIMITED,E-Mail : Markand Pathak,2026-07-30 00:00:00,NORTH,GUJARAT,HARSH DOSHI,Poonam Kashyap,791-0402N3R9B500CT,,MOUSER MAKE,Walsin,0402N3R9B500CT,PASSIVE,30,1.02,30.6,0,0,5.508,0,0,36.108,0,0,36.108,
165,282110,328013399,26M13399,Mouser,2026-08-10 00:00:00,ANEDYA SYSTEMS PRIVATE LIMITED,E-Mail : Markand Pathak,2026-07-30 00:00:00,NORTH,GUJARAT,HARSH DOSHI,Poonam Kashyap,595-SN74LV1T08DBVR,,MOUSER MAKE,Texas Instruments,SN74LV1T08DBVR,INTEGRATED CIRCUIT,30,11.84,355.2,0,0,63.936,0,0,419.136,0,0,419.136,
166,282110,328013399,26M13399,Mouser,2026-08-10 00:00:00,ANEDYA SYSTEMS PRIVATE LIMITED,E-Mail : Markand Pathak,2026-07-30 00:00:00,NORTH,GUJARAT,HARSH DOSHI,Poonam Kashyap,81-GRM153R60J225ME5D,,MOUSER MAKE,Murata,GRM153R60J225ME95D,PASSIVE,30,3.88,116.4,0,0,20.952,0,0,137.352,0,0,137.352,
167,282110,328013399,26M13399,Mouser,2026-08-10 00:00:00,ANEDYA SYSTEMS PRIVATE LIMITED,E-Mail : Markand Pathak,2026-07-30 00:00:00,NORTH,GUJARAT,HARSH DOSHI,Poonam Kashyap,791-0402N1R8C500CT,,MOUSER MAKE,Walsin,0402N1R8C500CT,PASSIVE,30,1.13,33.9,0,0,6.102,0,0,40.002,0,0,40.002,
168,282110,328013399,26M13399,Mouser,2026-08-10 00:00:00,ANEDYA SYSTEMS PRIVATE LIMITED,E-Mail : Markand Pathak,2026-07-30 00:00:00,NORTH,GUJARAT,HARSH DOSHI,Poonam Kashyap,81-GRM155R60G106ME1D,,MOUSER MAKE,Murata,GRM155R60G106ME01D,PASSIVE,30,3.57,107.1,0,0,19.278,0,0,126.378,0,0,126.378,
169,282110,328013399,26M13399,Mouser,2026-08-10 00:00:00,ANEDYA SYSTEMS PRIVATE LIMITED,E-Mail : Markand Pathak,2026-07-30 00:00:00,NORTH,GUJARAT,HARSH DOSHI,Poonam Kashyap,791-0402N330J250CT,,MOUSER MAKE,Walsin,0402N330J250CT,PASSIVE,50,0.82,41,0,0,7.38,0,0,48.38,0,0,48.38,
170,282110,328013399,26M13399,Mouser,2026-08-10 00:00:00,ANEDYA SYSTEMS PRIVATE LIMITED,E-Mail : Markand Pathak,2026-07-30 00:00:00,NORTH,GUJARAT,HARSH DOSHI,Poonam Kashyap,81-GRM1555C1H470GA1D,,MOUSER MAKE,Murata,GRM1555C1H470GA01D,PASSIVE,30,2.04,61.2,0,0,11.016,0,0,72.216,0,0,72.216,
171,282110,328013399,26M13399,Mouser,2026-08-10 00:00:00,ANEDYA SYSTEMS PRIVATE LIMITED,E-Mail : Markand Pathak,2026-07-30 00:00:00,NORTH,GUJARAT,HARSH DOSHI,Poonam Kashyap,963-MBASU105SCH100JF,,MOUSER MAKE,TAIYO YUDEN,MBASU105SCH100JFNA01,PASSIVE,60,2.76,165.6,0,0,29.808,0,0,195.408,0,0,195.408,
172,282110,328013399,26M13399,Mouser,2026-08-10 00:00:00,ANEDYA SYSTEMS PRIVATE LIMITED,E-Mail : Markand Pathak,2026-07-30 00:00:00,NORTH,GUJARAT,HARSH DOSHI,Poonam Kashyap,603-AC0402FR-1315KL,,MOUSER MAKE,YAGEO,AC0402FR-1315KL,PASSIVE,30,1.13,33.9,0,0,6.102,0,0,40.002,0,0,40.002,
173,282110,328013399,26M13399,Mouser,2026-08-10 00:00:00,ANEDYA SYSTEMS PRIVATE LIMITED,E-Mail : Markand Pathak,2026-07-30 00:00:00,NORTH,GUJARAT,HARSH DOSHI,Poonam Kashyap,815-ASPI-4030S-4R7MT,,MOUSER MAKE,ABRACON,ASPI-4030S-4R7M-T,PASSIVE,10,24.87,248.7,0,0,44.766,0,0,293.466,0,0,293.466,
174,282110,328013399,26M13399,Mouser,2026-08-10 00:00:00,ANEDYA SYSTEMS PRIVATE LIMITED,E-Mail : Markand Pathak,2026-07-30 00:00:00,NORTH,GUJARAT,HARSH DOSHI,Poonam Kashyap,81-GRM155R6YA105ME1J,,MOUSER MAKE,Murata,GRM155R6YA105ME11J,PASSIVE,60,3.98,238.8,0,0,42.984,0,0,281.784,0,0,281.784,
175,282110,328013399,26M13399,Mouser,2026-08-10 00:00:00,ANEDYA SYSTEMS PRIVATE LIMITED,E-Mail : Markand Pathak,2026-07-30 00:00:00,NORTH,GUJARAT,HARSH DOSHI,Poonam Kashyap,81-GRM21BC81E106ME5K,,MOUSER MAKE,Murata,GRM21BC81E106ME51K,PASSIVE,20,10.92,218.4,0,0,39.312,0,0,257.712,0,0,257.712,
176,282110,328013399,26M13399,Mouser,2026-08-10 00:00:00,ANEDYA SYSTEMS PRIVATE LIMITED,E-Mail : Markand Pathak,2026-07-30 00:00:00,NORTH,GUJARAT,HARSH DOSHI,Poonam Kashyap,947-SRV05-4.TCT,,MOUSER MAKE,Semtech,SRV05-4.TCT,CIRCUIT PROTECTION,10,71.71,717.1,0,0,129.078,0,0,846.178,0,0,846.178,
177,282110,328013399,26M13399,Mouser,2026-08-10 00:00:00,ANEDYA SYSTEMS PRIVATE LIMITED,E-Mail : Markand Pathak,2026-07-30 00:00:00,NORTH,GUJARAT,HARSH DOSHI,Poonam Kashyap,708-RMCF0402FT14K7,,MOUSER MAKE,SEI Stackpole,RMCF0402FT14K7,PASSIVE,30,1.23,36.9,0,0,6.642,0,0,43.542,0,0,43.542,
178,282111,328013400,26M13400,Mouser,2026-08-10 00:00:00,ADVANCE CIRCUIT DEVELOPMENT CENTRE,E-Mail,2026-07-28 00:00:00,NORTH,GUJARAT,HARSH DOSHI,Poonam Kashyap,490-TBP02R2-381-08BE,,MOUSER MAKE,CUI Devices,TBP02R2-381-08BE,CONNECTOR,25,60.6,1515,0,0,272.7,0,0,1787.7,0,0,1787.7,
179,282128,328013416,26M13416,Mouser,2026-08-10 00:00:00,METAINTENT PRIVATE LIMITED,MPL-PO-069,2026-07-30 00:00:00,NORTH,NEW DELHI,ARPIT SINGH,Palak,139-NCS1-332,,MOUSER MAKE,Mini-Circuits,NCS1-332+,PASSIVE,50,184.91,9245.5,0,0,1664.19,0,0,10909.69,0,0,10909.69,
180,282128,328013416,26M13416,Mouser,2026-08-10 00:00:00,METAINTENT PRIVATE LIMITED,MPL-PO-069,2026-07-30 00:00:00,NORTH,NEW DELHI,ARPIT SINGH,Palak,620-B0322J5050AHF,,MOUSER MAKE,Anaren,B0322J5050AHF,PASSIVE,50,84.9,4245,0,0,764.1,0,0,5009.1,0,0,5009.1,
181,282133,328013421,26M13421,Mouser,2026-08-10 00:00:00,ALLENGERS GLOBAL HEALTHCARE  DERABASSI,AGHPL/036,2026-07-28 00:00:00,NORTH,NEW DELHI,MAHESH KUMAR MITTAL,Abha,70-IFSC1008ABER6R8M0,,MOUSER MAKE,Vishay,IFSC1008ABER6R8M01,PASSIVE,10,46.67,466.7,0,0,84.006,0,0,550.706,0,0,550.706,
182,282133,328013421,26M13421,Mouser,2026-08-10 00:00:00,ALLENGERS GLOBAL HEALTHCARE  DERABASSI,AGHPL/036,2026-07-28 00:00:00,NORTH,NEW DELHI,MAHESH KUMAR MITTAL,Abha,179-CPIM-4410-80C,,MOUSER MAKE,CUI Devices,CPIM-4410-80C,INTEGRATED CIRCUIT,1,2456.6,2456.6,0,0,442.188,0,0,2898.788,0,0,2898.788,
183,282135,328013423,26M13423,Mouser,2026-08-10 00:00:00,SHIKHAR AUTOMATION SOLUTIONS PRIVATE LIMITED,PO/26-27/060,2026-07-22 00:00:00,NORTH,NEW DELHI,RISHABH PANDEY,Om,919-R-785.0-0.5,,MOUSER MAKE,RECOM,R-785.0-0.5,INTEGRATED CIRCUIT,10,866.71,8667.1,0,0,1560.078,0,0,10227.178,0,0,10227.178,
184,282156,328013443,26M13443,Mouser,2026-08-10 00:00:00,ENGINEIUS TECHNOLOGIES,Email :,2026-07-30 00:00:00,NORTH,GUJARAT,HARSH DOSHI,Poonam Kashyap,652-CE1005Q-68NG,,MOUSER MAKE,Bourns,CE1005Q-68NG,PASSIVE,7,14.56,101.92,0,0,18.3456,0,0,120.2656,0,0,120.2656,
185,282170,328013456,26M13456,Mouser,2026-08-10 00:00:00,AZISTA INDUSTRIES PRIVATE LIMITED,4500015719,2026-07-22 00:00:00,NORTH,AHMEDABAD,HARSH DOSHI,Poonam Kashyap,667-ERJ-U02F1003X,25009078,MOUSER MAKE,Panasonic,ERJ-U02F1003X,PASSIVE,50,3.94,197,0,0,35.46,0,0,232.46,0,0,232.46,
186,282170,328013456,26M13456,Mouser,2026-08-10 00:00:00,AZISTA INDUSTRIES PRIVATE LIMITED,4500015719,2026-07-22 00:00:00,NORTH,AHMEDABAD,HARSH DOSHI,Poonam Kashyap,810-C1608CH1H102J08A,25001171,MOUSER MAKE,TDK,C1608CH1H102J080AA,PASSIVE,20,10.21,204.2,0,0,36.756,0,0,240.956,0,0,240.956,
187,282170,328013456,26M13456,Mouser,2026-08-10 00:00:00,AZISTA INDUSTRIES PRIVATE LIMITED,4500015719,2026-07-22 00:00:00,NORTH,AHMEDABAD,HARSH DOSHI,Poonam Kashyap,603-AC0603JR-0733KL,25000111,MOUSER MAKE,YAGEO,AC0603JR-0733KL,PASSIVE,20,1.01,20.2,0,0,3.636,0,0,23.836,0,0,23.836,
188,282170,328013456,26M13456,Mouser,2026-08-10 00:00:00,AZISTA INDUSTRIES PRIVATE LIMITED,4500015719,2026-07-22 00:00:00,NORTH,AHMEDABAD,HARSH DOSHI,Poonam Kashyap,71-PLT0603Z2500AST5,25001693,MOUSER MAKE,Vishay,PLT0603Z2500AST5,PASSIVE,10,342.39,3423.9,0,0,616.302,0,0,4040.202,0,0,4040.202,
189,282173,328013459,26M13459,Mouser,2026-08-10 00:00:00,AZISTA INDUSTRIES PRIVATE LIMITED,4500015317,2026-07-28 00:00:00,NORTH,AHMEDABAD,HARSH DOSHI,Poonam Kashyap,81-GRM1555C1H470FA1D,25016464,MOUSER MAKE,Murata,GRM1555C1H470FA01D,PASSIVE,5,10.2,51,0,0,9.18,0,0,60.18,0,0,60.18,
190,282173,328013459,26M13459,Mouser,2026-08-10 00:00:00,AZISTA INDUSTRIES PRIVATE LIMITED,4500015317,2026-07-28 00:00:00,NORTH,AHMEDABAD,HARSH DOSHI,Poonam Kashyap,81-GCM0335C1H330JA6D,25016462,MOUSER MAKE,Murata,GCM0335C1H330JA16D,PASSIVE,5,10.2,51,0,0,9.18,0,0,60.18,0,0,60.18,
191,282173,328013459,26M13459,Mouser,2026-08-10 00:00:00,AZISTA INDUSTRIES PRIVATE LIMITED,4500015317,2026-07-28 00:00:00,NORTH,AHMEDABAD,HARSH DOSHI,Poonam Kashyap,81-GRM1555C1H100FA1D,25016461,MOUSER MAKE,Murata,GRM1555C1H100FA01D,PASSIVE,12,3.17,38.04,0,0,6.8472,0,0,44.8872,0,0,44.8872,
192,282173,328013459,26M13459,Mouser,2026-08-10 00:00:00,AZISTA INDUSTRIES PRIVATE LIMITED,4500015317,2026-07-28 00:00:00,NORTH,AHMEDABAD,HARSH DOSHI,Poonam Kashyap,523-SMP-MSLD-PCE-5T,25016485,MOUSER MAKE,Amphenol,SMP-MSLD-PCE-5T,CONNECTOR,20,488.37,9767.4,0,0,1758.132,0,0,11525.532,0,0,11525.532,
193,282177,328013462,26M13462,Mouser,2026-08-10 00:00:00,UNIVERSAL INDUSTRIES,Email :,2026-07-30 00:00:00,NORTH,AHMEDABAD,HARSH DOSHI,Poonam Kashyap,963-UMK212B7473KG-T,,MOUSER MAKE,TAIYO YUDEN,UMK212B7473KG-T,PASSIVE,1443,3.27,4718.61,0,0,849.3498,0,0,5567.9598,0,0,5567.9598,
194,282180,328013465,26M13465,Mouser,2026-08-10 00:00:00,EULER MOTORS PRIVATE LIMITED,43809,2026-07-28 00:00:00,NORTH,NEW DELHI,SURAJ PANDEY,Poonam Kashyap,595-SN6505BEVM,ELN100650A,MOUSER MAKE,Texas Instruments,SN6505BEVM,INTEGRATED CIRCUIT,1,7312.23,7312.23,0,0,1316.2014,0,0,8628.4314,0,0,8628.4314,
195,282181,328013466,26M13466,Mouser,2026-08-10 00:00:00,BARRY WEHMILLER INDIA PRIVATE LIMITED,A178/26-27,2026-07-31 00:00:00,NORTH,GUJARAT,HARSH DOSHI,Poonam Kashyap,538-44915-0021,,MOUSER MAKE,Molex,44915-0021,CONNECTOR,200,311.36,62272,0,0,11208.96,0,0,73480.96,0,0,73480.96,
196,282184,328013469,26M13469,Mouser,2026-08-10 00:00:00,WINTRONIX,Email :,2026-07-31 00:00:00,NORTH,GUJARAT,HARSH DOSHI,Poonam Kashyap,424-410-351-20,,MOUSER MAKE,Digilent,410-351-20,INTEGRATED CIRCUIT,1,50274.56,50274.56,0,0,9049.4208,0,0,59323.9808,0,0,59323.9808,
197,282185,328013470,26M13470,Mouser,2026-08-10 00:00:00,THE TECHNO VALLEY,Email :,2026-07-30 00:00:00,NORTH,GUJARAT,HARSH DOSHI,Poonam Kashyap,726-IPZA65R040CM8XKS,,MOUSER MAKE,Infineon,IPZA65R040CM8XKSA1,DISCRET,50,625.24,31262,0,0,5627.16,0,0,36889.16,0,0,36889.16,
198,282185,328013470,26M13470,Mouser,2026-08-10 00:00:00,THE TECHNO VALLEY,Email :,2026-07-30 00:00:00,NORTH,GUJARAT,HARSH DOSHI,Poonam Kashyap,504-MFSA1206R0300FCM,,MOUSER MAKE,Eaton,MFSA1206R0300FCM,PASSIVE,4000,10.21,40840,0,0,7351.2,0,0,48191.2,0,0,48191.2,
199,282188,328013473,26M13473,Mouser,2026-08-10 00:00:00,ALTEEM TECH PRIVATE LIMITED,PO816,2026-07-29 00:00:00,NORTH,AHMEDABAD,HARSH DOSHI,Poonam Kashyap,512-HCPL2530SM,,MOUSER MAKE,onsemi,HCPL2530SM,INTEGRATED CIRCUIT,60,168.3,10098,0,0,1817.64,0,0,11915.64,0,0,11915.64,
200,282217,328013500,26M13500,Mouser,2026-08-10 00:00:00,CONTROL PRINT LTD,14124052,2026-07-30 00:00:00,NORTH,NEW DELHI,MAHESH KUMAR MITTAL,Abha,571-FSN-22A-20,10310002,MOUSER MAKE,TE Connectivity,FSN-22A-20,WIRE,100,695.27,69527,0,0,12514.86,0,0,82041.86,0,0,82041.86,
201,282218,328013501,26M13501,Mouser,2026-08-10 00:00:00,CONTROL PRINT LIMITED-ASSAM,54112547,2026-07-18 00:00:00,NORTH,NEW DELHI,ARPIT SINGH,Neha Chauhan,490-PP3-002BH,10460372,MOUSER MAKE,CUI Devices,PP3-002BH,CONNECTOR,300,151.62,45486,0,0,8187.48,0,0,53673.48,0,0,53673.48,
202,282221,328013504,26M13504,Mouser,2026-08-10 00:00:00,LUBI ELECTRONICS,4100048495,2026-07-30 00:00:00,NORTH,AHMEDABAD,HARSH DOSHI,Poonam Kashyap,757-74HC238D,1000021361,MOUSER MAKE,Toshiba,74HC238D,INTEGRATED CIRCUIT,2500,15,37500,0,0,6750,0,0,44250,0,0,44250,
203,282222,328013505,26M13505,Mouser,2026-08-10 00:00:00,HITACHI HI-REL POWER ELECTRONICS PRIVATE LIMITED,PO/SRND2627/00162,2026-07-29 00:00:00,NORTH,GUJARAT,HARSH DOSHI,Poonam Kashyap,595-ULN2003AIDR,,MOUSER MAKE,Texas Instruments,ULN2003AIDR,DISCRET,20,88.13,1762.6,0,0,317.268,0,0,2079.868,0,0,2079.868,
204,282222,328013505,26M13505,Mouser,2026-08-10 00:00:00,HITACHI HI-REL POWER ELECTRONICS PRIVATE LIMITED,PO/SRND2627/00162,2026-07-29 00:00:00,NORTH,GUJARAT,HARSH DOSHI,Poonam Kashyap,594-S102K43Y5PR63K7R,,MOUSER MAKE,Vishay,S102K43Y5PR63K7R,PASSIVE,25,22.85,571.25,0,0,102.825,0,0,674.075,0,0,674.075,
205,282222,328013505,26M13505,Mouser,2026-08-10 00:00:00,HITACHI HI-REL POWER ELECTRONICS PRIVATE LIMITED,PO/SRND2627/00162,2026-07-29 00:00:00,NORTH,GUJARAT,HARSH DOSHI,Poonam Kashyap,595-REF1933AIDDCT,,MOUSER MAKE,TexasInstruments,REF1933AIDDCT,INTEGRATED CIRCUIT,5,383.52,1917.6,0,0,345.168,0,0,2262.768,0,0,2262.768,
206,282305,328013582,26M13582,Mouser,2026-08-10 00:00:00,EULER MOTORS PRIVATE LIMITED,43844,2026-08-07 00:00:00,NORTH,NEW DELHI,SURAJ PANDEY,Poonam Kashyap,710-74269244182,MEPC3992,MOUSER MAKE,Wurth Elektronik,74269244182,PASSIVE,20,13.79,275.8,0,0,49.644,0,0,325.444,0,0,325.444,
207,282305,328013582,26M13582,Mouser,2026-08-10 00:00:00,EULER MOTORS PRIVATE LIMITED,43844,2026-08-07 00:00:00,NORTH,NEW DELHI,SURAJ PANDEY,Poonam Kashyap,71-CRCW0805-12.1K-E3,MEPC3702,MOUSER MAKE,Vishay,CRCW080512K1FKEA,PASSIVE,10,2.88,28.8,0,0,5.184,0,0,33.984,0,0,33.984,
208,282305,328013582,26M13582,Mouser,2026-08-10 00:00:00,EULER MOTORS PRIVATE LIMITED,43844,2026-08-07 00:00:00,NORTH,NEW DELHI,SURAJ PANDEY,Poonam Kashyap,603-CC603KRX7R9BB103,MEPC1659,MOUSER MAKE,Yageo,CC0603KRX7R9BB103,PASSIVE,20,2.16,43.2,0,0,7.776,0,0,50.976,0,0,50.976,
209,282305,328013582,26M13582,Mouser,2026-08-10 00:00:00,EULER MOTORS PRIVATE LIMITED,43844,2026-08-07 00:00:00,NORTH,NEW DELHI,SURAJ PANDEY,Poonam Kashyap,603-RC0603FR-075R11L,MEPC2834,MOUSER MAKE,YAGEO,RC0603FR-075R11L,PASSIVE,60,1.75,105,0,0,18.9,0,0,123.9,0,0,123.9,
210,282305,328013582,26M13582,Mouser,2026-08-10 00:00:00,EULER MOTORS PRIVATE LIMITED,43844,2026-08-07 00:00:00,NORTH,NEW DELHI,SURAJ PANDEY,Poonam Kashyap,80-C0603C104J4R,MEPC0142,MOUSER MAKE,KEMET,C0603C104J4RACTU,PASSIVE,10,4.84,48.4,0,0,8.712,0,0,57.112,0,0,57.112,
211,282305,328013582,26M13582,Mouser,2026-08-10 00:00:00,EULER MOTORS PRIVATE LIMITED,43844,2026-08-07 00:00:00,NORTH,NEW DELHI,SURAJ PANDEY,Poonam Kashyap,603-RC0603JR-071KL,MEPC0053,MOUSER MAKE,Yageo,RC0603JR-071KL,PASSIVE,30,1.34,40.2,0,0,7.236,0,0,47.436,0,0,47.436,
212,282305,328013582,26M13582,Mouser,2026-08-10 00:00:00,EULER MOTORS PRIVATE LIMITED,43844,2026-08-07 00:00:00,NORTH,NEW DELHI,SURAJ PANDEY,Poonam Kashyap,81-GRT188R61H105KE3D,MEPC3010,MOUSER MAKE,Murata,GRT188R61H105KE13D,PASSIVE,30,6.28,188.4,0,0,33.912,0,0,222.312,0,0,222.312,
213,282305,328013582,26M13582,Mouser,2026-08-10 00:00:00,EULER MOTORS PRIVATE LIMITED,43844,2026-08-07 00:00:00,NORTH,NEW DELHI,SURAJ PANDEY,Poonam Kashyap,667-ERJ-2RKF3091X,MEPC3054,MOUSER MAKE,Panasonic,ERJ-2RKF3091X,PASSIVE,30,1.96,58.8,0,0,10.584,0,0,69.384,0,0,69.384,
214,282305,328013582,26M13582,Mouser,2026-08-10 00:00:00,EULER MOTORS PRIVATE LIMITED,43844,2026-08-07 00:00:00,NORTH,NEW DELHI,SURAJ PANDEY,Poonam Kashyap,80-C0603C104J4R,MEPC0142,MOUSER MAKE,KEMET,C0603C104J4RACTU,PASSIVE,40,4.84,193.6,0,0,34.848,0,0,228.448,0,0,228.448,
215,282305,328013582,26M13582,Mouser,2026-08-10 00:00:00,EULER MOTORS PRIVATE LIMITED,43844,2026-08-07 00:00:00,NORTH,NEW DELHI,SURAJ PANDEY,Poonam Kashyap,667-ERJ-3GEYJ332V,MEPC0946,MOUSER MAKE,Panasonic,ERJ-3GEYJ332V,PASSIVE,20,2.37,47.4,0,0,8.532,0,0,55.932,0,0,55.932,
216,282305,328013582,26M13582,Mouser,2026-08-10 00:00:00,EULER MOTORS PRIVATE LIMITED,43844,2026-08-07 00:00:00,NORTH,NEW DELHI,SURAJ PANDEY,Poonam Kashyap,603-RC1206FR-071RL,MEPC1645,MOUSER MAKE,Yageo,RC1206FR-071RL,PASSIVE,90,4.53,407.7,0,0,73.386,0,0,481.086,0,0,481.086,
217,282305,328013582,26M13582,Mouser,2026-08-10 00:00:00,EULER MOTORS PRIVATE LIMITED,43844,2026-08-07 00:00:00,NORTH,NEW DELHI,SURAJ PANDEY,Poonam Kashyap,603-CC603MRX5R8BB105,MEPC0204,MOUSER MAKE,Yageo,CC0603MRX5R8BB105,PASSIVE,40,4.22,168.8,0,0,30.384,0,0,199.184,0,0,199.184,
218,282305,328013582,26M13582,Mouser,2026-08-10 00:00:00,EULER MOTORS PRIVATE LIMITED,43844,2026-08-07 00:00:00,NORTH,NEW DELHI,SURAJ PANDEY,Poonam Kashyap,791-0603N102J250CT,MEPC3989,MOUSER MAKE,Walsin,0603N102J250CT,PASSIVE,10,5.05,50.5,0,0,9.09,0,0,59.59,0,0,59.59,
219,282305,328013582,26M13582,Mouser,2026-08-10 00:00:00,EULER MOTORS PRIVATE LIMITED,43844,2026-08-07 00:00:00,NORTH,NEW DELHI,SURAJ PANDEY,Poonam Kashyap,71-CRCW0603-976K-E3,MEPC3703,MOUSER MAKE,Vishay,CRCW0603976KFKEA,PASSIVE,10,2.06,20.6,0,0,3.708,0,0,24.308,0,0,24.308,
220,282305,328013582,26M13582,Mouser,2026-08-10 00:00:00,EULER MOTORS PRIVATE LIMITED,43844,2026-08-07 00:00:00,NORTH,NEW DELHI,SURAJ PANDEY,Poonam Kashyap,621-DFLZ24-7,MEPC3680,MOUSER MAKE,Diodes Incorporated,DFLZ24-7,DISCRET,10,42.44,424.4,0,0,76.392,0,0,500.792,0,0,500.792,
221,282305,328013582,26M13582,Mouser,2026-08-10 00:00:00,EULER MOTORS PRIVATE LIMITED,43844,2026-08-07 00:00:00,NORTH,NEW DELHI,SURAJ PANDEY,Poonam Kashyap,871-B32774X4505K000,MEPC4036,MOUSER MAKE,TDK,B32774X4505K000,PASSIVE,20,148.32,2966.4,0,0,533.952,0,0,3500.352,0,0,3500.352,
222,282305,328013582,26M13582,Mouser,2026-08-10 00:00:00,EULER MOTORS PRIVATE LIMITED,43844,2026-08-07 00:00:00,NORTH,NEW DELHI,SURAJ PANDEY,Poonam Kashyap,963-UMR325AC7106MM-P,MEPC0467,MOUSER MAKE,Taiyo Yuden,UMR325AC7106MM-P,PASSIVE,20,43.67,873.4,0,0,157.212,0,0,1030.612,0,0,1030.612,
223,282305,328013582,26M13582,Mouser,2026-08-10 00:00:00,EULER MOTORS PRIVATE LIMITED,43844,2026-08-07 00:00:00,NORTH,NEW DELHI,SURAJ PANDEY,Poonam Kashyap,810-NTCGS163JF103HT7,MEPC2201,MOUSER MAKE,TDK,NTCGS163JF103HT7,CIRCUIT PROTECTION,10,11.12,111.2,0,0,20.016,0,0,131.216,0,0,131.216,
224,282305,328013582,26M13582,Mouser,2026-08-10 00:00:00,EULER MOTORS PRIVATE LIMITED,43844,2026-08-07 00:00:00,NORTH,NEW DELHI,SURAJ PANDEY,Poonam Kashyap,595-TLV9001QDBVRQ1,MEPC4007,MOUSER MAKE,Texas Instruments,TLV9001QDBVRQ1,INTEGRATED CIRCUIT,10,40.89,408.9,0,0,73.602,0,0,482.502,0,0,482.502,
225,282305,328013582,26M13582,Mouser,2026-08-10 00:00:00,EULER MOTORS PRIVATE LIMITED,43844,2026-08-07 00:00:00,NORTH,NEW DELHI,SURAJ PANDEY,Poonam Kashyap,755-VS15VUA1VWMTR,MEPC3240,MOUSER MAKE,ROHM Semiconductor,VS15VUA1VWMTR,CIRCUIT PROTECTION,30,45.84,1375.2,0,0,247.536,0,0,1622.736,0,0,1622.736,
226,282305,328013582,26M13582,Mouser,2026-08-10 00:00:00,EULER MOTORS PRIVATE LIMITED,43844,2026-08-07 00:00:00,NORTH,NEW DELHI,SURAJ PANDEY,Poonam Kashyap,710-885012206076,MEPC2568,MOUSER MAKE,Wurth Elektronik,885012206076,PASSIVE,30,6.9,207,0,0,37.26,0,0,244.26,0,0,244.26,
227,282305,328013582,26M13582,Mouser,2026-08-10 00:00:00,EULER MOTORS PRIVATE LIMITED,43844,2026-08-07 00:00:00,NORTH,NEW DELHI,SURAJ PANDEY,Poonam Kashyap,595-LM5180QNGURQ1,MEPC3707,MOUSER MAKE,Texas Instruments,LM5180QNGURQ1,INTEGRATED CIRCUIT,10,457.32,4573.2,0,0,823.176,0,0,5396.376,0,0,5396.376,
228,282305,328013582,26M13582,Mouser,2026-08-10 00:00:00,EULER MOTORS PRIVATE LIMITED,43844,2026-08-07 00:00:00,NORTH,NEW DELHI,SURAJ PANDEY,Poonam Kashyap,791-WR06X1502FTL,MEPC2195,MOUSER MAKE,Walsin,WR06X1502FTL,PASSIVE,20,0.93,18.6,0,0,3.348,0,0,21.948,0,0,21.948,
229,282305,328013582,26M13582,Mouser,2026-08-10 00:00:00,EULER MOTORS PRIVATE LIMITED,43844,2026-08-07 00:00:00,NORTH,NEW DELHI,SURAJ PANDEY,Poonam Kashyap,71-CRCW0603-10K-E3,MEPC0104,MOUSER MAKE,Vishay,CRCW060310K0FKEA,PASSIVE,160,1.65,264,0,0,47.52,0,0,311.52,0,0,311.52,
230,282305,328013582,26M13582,Mouser,2026-08-10 00:00:00,EULER MOTORS PRIVATE LIMITED,43844,2026-08-07 00:00:00,NORTH,NEW DELHI,SURAJ PANDEY,Poonam Kashyap,81-GRM39C102J50,MEPC0831,MOUSER MAKE,Murata,GRM1885C1H102JA01D,PASSIVE,20,2.68,53.6,0,0,9.648,0,0,63.248,0,0,63.248,
231,282305,328013582,26M13582,Mouser,2026-08-10 00:00:00,EULER MOTORS PRIVATE LIMITED,43844,2026-08-07 00:00:00,NORTH,NEW DELHI,SURAJ PANDEY,Poonam Kashyap,81-GRM185C2A221JA01D,MEPC3673,MOUSER MAKE,Murata,GRM1885C2A221JA01D,PASSIVE,10,5.56,55.6,0,0,10.008,0,0,65.608,0,0,65.608,
232,282305,328013582,26M13582,Mouser,2026-08-10 00:00:00,EULER MOTORS PRIVATE LIMITED,43844,2026-08-07 00:00:00,NORTH,NEW DELHI,SURAJ PANDEY,Poonam Kashyap,595-UCC21330BQDRQ1,MEPC2098,MOUSER MAKE,Texas Instruments,UCC21330BQDRQ1,INTEGRATED CIRCUIT,30,151.41,4542.3,0,0,817.614,0,0,5359.914,0,0,5359.914,
233,282305,328013582,26M13582,Mouser,2026-08-10 00:00:00,EULER MOTORS PRIVATE LIMITED,43844,2026-08-07 00:00:00,NORTH,NEW DELHI,SURAJ PANDEY,Poonam Kashyap,71-CRCW0603-154K-E3,MEPC3699,MOUSER MAKE,Vishay,CRCW0603154KFKEA,PASSIVE,10,2.06,20.6,0,0,3.708,0,0,24.308,0,0,24.308,
234,282305,328013582,26M13582,Mouser,2026-08-10 00:00:00,EULER MOTORS PRIVATE LIMITED,43844,2026-08-07 00:00:00,NORTH,NEW DELHI,SURAJ PANDEY,Poonam Kashyap,963-UMK107B7472KAHT,MEPC0195,MOUSER MAKE,Taiyo Yuden,UMK107B7472KAHT,PASSIVE,10,5.05,50.5,0,0,9.09,0,0,59.59,0,0,59.59,
235,282305,328013582,26M13582,Mouser,2026-08-10 00:00:00,EULER MOTORS PRIVATE LIMITED,43844,2026-08-07 00:00:00,NORTH,NEW DELHI,SURAJ PANDEY,Poonam Kashyap,963-HMK107B7222KAHT,MEPC0428,MOUSER MAKE,Taiyo Yuden,HMK107B7222KAHT,PASSIVE,30,7.83,234.9,0,0,42.282,0,0,277.182,0,0,277.182,
236,282305,328013582,26M13582,Mouser,2026-08-10 00:00:00,EULER MOTORS PRIVATE LIMITED,43844,2026-08-07 00:00:00,NORTH,NEW DELHI,SURAJ PANDEY,Poonam Kashyap,667-ERJ-3EKF4702V,MEPC1073,MOUSER MAKE,Panasonic,ERJ-3EKF4702V,PASSIVE,10,2.47,24.7,0,0,4.446,0,0,29.146,0,0,29.146,
237,282305,328013582,26M13582,Mouser,2026-08-10 00:00:00,EULER MOTORS PRIVATE LIMITED,43844,2026-08-07 00:00:00,NORTH,NEW DELHI,SURAJ PANDEY,Poonam Kashyap,81-BLM18KG601SN1D,MEPC3991,MOUSER MAKE,Murata,BLM18KG601SN1D,PASSIVE,10,7.23,72.3,0,0,13.014,0,0,85.314,0,0,85.314,
238,282305,328013582,26M13582,Mouser,2026-08-10 00:00:00,EULER MOTORS PRIVATE LIMITED,43844,2026-08-07 00:00:00,NORTH,NEW DELHI,SURAJ PANDEY,Poonam Kashyap,810-C3216C0G2J103JAA,MEPC3239,MOUSER MAKE,TDK,C3216C0G2J103J160AA,PASSIVE,30,23.28,698.4,0,0,125.712,0,0,824.112,0,0,824.112,
239,282305,328013582,26M13582,Mouser,2026-08-10 00:00:00,EULER MOTORS PRIVATE LIMITED,43844,2026-08-07 00:00:00,NORTH,NEW DELHI,SURAJ PANDEY,Poonam Kashyap,81-GCM32ER71H475KA5K,MEPC0342,MOUSER MAKE,Murata,GCM32ER71H475KA55K,PASSIVE,30,33.99,1019.7,0,0,183.546,0,0,1203.246,0,0,1203.246,
240,282305,328013582,26M13582,Mouser,2026-08-10 00:00:00,EULER MOTORS PRIVATE LIMITED,43844,2026-08-07 00:00:00,NORTH,NEW DELHI,SURAJ PANDEY,Poonam Kashyap,71-TNPW06037K23BEEN,MEPC4004,MOUSER MAKE,Vishay,TNPW06037K23BEEN,PASSIVE,10,67.77,677.7,0,0,121.986,0,0,799.686,0,0,799.686,
241,282305,328013582,26M13582,Mouser,2026-08-10 00:00:00,EULER MOTORS PRIVATE LIMITED,43844,2026-08-07 00:00:00,NORTH,NEW DELHI,SURAJ PANDEY,Poonam Kashyap,71-CRCW1206-681K-E3,MEPC4002,MOUSER MAKE,Vishay,CRCW1206681KFKEA,PASSIVE,60,3.5,210,0,0,37.8,0,0,247.8,0,0,247.8,
242,282305,328013582,26M13582,Mouser,2026-08-10 00:00:00,EULER MOTORS PRIVATE LIMITED,43844,2026-08-07 00:00:00,NORTH,NEW DELHI,SURAJ PANDEY,Poonam Kashyap,80-C0603C473J1REAUTO,MEPC0469,MOUSER MAKE,KEMET,C0603C473J1RECAUTO,PASSIVE,30,12.88,386.4,0,0,69.552,0,0,455.952,0,0,455.952,
243,282305,328013582,26M13582,Mouser,2026-08-10 00:00:00,EULER MOTORS PRIVATE LIMITED,43844,2026-08-07 00:00:00,NORTH,NEW DELHI,SURAJ PANDEY,Poonam Kashyap,810-C5750X7S2A106KKB,MEPC3670,MOUSER MAKE,TDK,C5750X7S2A106K230KB,PASSIVE,10,174.07,1740.7,0,0,313.326,0,0,2054.026,0,0,2054.026,
244,282305,328013582,26M13582,Mouser,2026-08-10 00:00:00,EULER MOTORS PRIVATE LIMITED,43844,2026-08-07 00:00:00,NORTH,NEW DELHI,SURAJ PANDEY,Poonam Kashyap,81-GRM21BR72A104KACL,MEPC3672,MOUSER MAKE,Murata,GRM21BR72A104KAC4L,PASSIVE,10,12.26,122.6,0,0,22.068,0,0,144.668,0,0,144.668,
245,282305,328013582,26M13582,Mouser,2026-08-10 00:00:00,EULER MOTORS PRIVATE LIMITED,43844,2026-08-07 00:00:00,NORTH,NEW DELHI,SURAJ PANDEY,Poonam Kashyap,81-GCM32DC72A475KE2L,MEPC3671,MOUSER MAKE,Murata,GCM32DC72A475KE02L,PASSIVE,10,55.83,558.3,0,0,100.494,0,0,658.794,0,0,658.794,
246,282305,328013582,26M13582,Mouser,2026-08-10 00:00:00,EULER MOTORS PRIVATE LIMITED,43844,2026-08-07 00:00:00,NORTH,NEW DELHI,SURAJ PANDEY,Poonam Kashyap,81-BLM18KG221BH1D,MEPC0094,MOUSER MAKE,Murata,BLM18KG221BH1D,PASSIVE,30,6.78,203.4,0,0,36.612,0,0,240.012,0,0,240.012,
247,282305,328013582,26M13582,Mouser,2026-08-10 00:00:00,EULER MOTORS PRIVATE LIMITED,43844,2026-08-07 00:00:00,NORTH,NEW DELHI,SURAJ PANDEY,Poonam Kashyap,617-15150502601000,MEPC4038,MOUSER MAKE,HARTING,15150502601000,CONNECTOR,10,559.35,5593.5,0,0,1006.83,0,0,6600.33,0,0,6600.33,
248,282316,328013591,26M13591,Mouser,2026-08-10 00:00:00,AIMTRON ELECTRONICS LTD,PO17973,2026-07-28 00:00:00,NORTH,GUJARAT,HARSH DOSHI,Poonam Kashyap,771-AHCT244D118,,MOUSER MAKE,Nexperia,"74AHCT244D,118",INTEGRATED CIRCUIT,11,37.13,408.43,0,0,73.5174,0,0,481.9474,0,0,481.9474,
249,282316,328013591,26M13591,Mouser,2026-08-10 00:00:00,AIMTRON ELECTRONICS LTD,PO17973,2026-07-28 00:00:00,NORTH,GUJARAT,HARSH DOSHI,Poonam Kashyap,647-UYA1K361MNJ1MS,,MOUSER MAKE,Nichicon,UYA1K361MNJ1MS,PASSIVE,25,258.06,6451.5,0,0,1161.27,0,0,7612.77,0,0,7612.77,
250,282333,328013608,26M13608,Mouser,2026-08-10 00:00:00,METAINTENT PRIVATE LIMITED,MPL-PO-072,2026-07-31 00:00:00,NORTH,NEW DELHI,ARPIT SINGH,Palak,571-2348551,,MOUSER MAKE,TE Connectivity,2-34855-1,THERMAL,50,51.64,2582,0,0,464.76,0,0,3046.76,0,0,3046.76,
251,282340,328013615,26M13615,Mouser,2026-08-10 00:00:00,KANHA TECHNOLOGY,Email :,2026-08-03 00:00:00,NORTH,AHMEDABAD,HARSH DOSHI,Poonam Kashyap,595-INA114AU/1K,,MOUSER MAKE,Texas Instruments,INA114AU/1K,INTEGRATED CIRCUIT,100,876.96,87696,0,0,15785.28,0,0,103481.28,0,0,103481.28,
252,282342,328013617,26M13617,Mouser,2026-08-10 00:00:00,HANNING MOTORS INDIA PVT LTD,PO/EXP/26-27/00777,2026-07-24 00:00:00,NORTH,GUJARAT,HARSH DOSHI,Poonam Kashyap,926-LM2676S-ADJ/NOPB,,MOUSER MAKE,Texas Instruments,LM2676S-ADJ/NOPB,INTEGRATED CIRCUIT,10,561,5610,0,0,1009.8,0,0,6619.8,0,0,6619.8,
253,282343,328013618,26M13618,Mouser,2026-08-10 00:00:00,HITACHI HI-REL POWER ELECTRONICS PRIVATE LIMITED,PO/SRND2627/00172,2026-08-01 00:00:00,NORTH,GUJARAT,HARSH DOSHI,Poonam Kashyap,644-DNF18-110FIBM,3200000G000010FIB00L,MOUSER MAKE,Panduit,DNF18-110FIB-M,CONNECTOR,25,61.72,1543,0,0,277.74,0,0,1820.74,0,0,1820.74,
254,282359,328013634,26M13634,Mouser,2026-08-10 00:00:00,HANNING MOTORS INDIA PVT LTD,PO/EXP/26-27/00827,2026-08-03 00:00:00,NORTH,GUJARAT,HARSH DOSHI,Poonam Kashyap,785-2455R-00820235,,MOUSER MAKE,Honeywell,2455R--00820235,SENSORS,2,2723.84,5447.68,0,0,980.5824,0,0,6428.2624,0,0,6428.2624,
255,282359,328013634,26M13634,Mouser,2026-08-10 00:00:00,HANNING MOTORS INDIA PVT LTD,PO/EXP/26-27/00827,2026-08-03 00:00:00,NORTH,GUJARAT,HARSH DOSHI,Poonam Kashyap,785-2455RM-90820470,,MOUSER MAKE,Honeywell,2455RM-90820470,SENSORS,2,3503.36,7006.72,0,0,1261.2096,0,0,8267.9296,0,0,8267.9296,
256,282360,328013635,26M13635,Mouser,2026-08-10 00:00:00,CONTROL PRINT LTD,14124090,2026-08-01 00:00:00,NORTH,NEW DELHI,MAHESH KUMAR MITTAL,Abha,651-1778890,,MOUSER MAKE,Phoenix Contact,1778890,CONNECTOR,50,368.38,18419,0,0,3315.42,0,0,21734.42,0,0,21734.42,
257,282374,328013636,26M13636,Mouser,2026-08-11 00:00:00,AIMTRON ELECTRONICS LTD,18021,2026-08-02 00:00:00,NORTH,GUJARAT,HARSH DOSHI,Poonam Kashyap,771-BZX79-C39113,,MOUSER MAKE,Nexperia,"BZX79-C39,113",DISCRET,85,23.77,2020.45,0,0,363.681,0,0,2384.131,0,0,2384.131,
258,282374,328013636,26M13636,Mouser,2026-08-11 00:00:00,AIMTRON ELECTRONICS LTD,18021,2026-08-02 00:00:00,NORTH,GUJARAT,HARSH DOSHI,Poonam Kashyap,771-BZX79-C7V5113,,MOUSER MAKE,Nexperia,"BZX79-C7V5,113",DISCRET,45,9.08,408.6,0,0,73.548,0,0,482.148,0,0,482.148,
259,282375,328013637,26M13637,Mouser,2026-08-11 00:00:00,ENERTRAK INSTRUMENTS PRIVATE LTD,2026-2027/749,2026-08-01 00:00:00,NORTH,JAIPUR,KULDEEP KUMAR,Neha Chauhan,771-CBT3251PW118,,MOUSER MAKE,Nexperia,"CBT3251PW,118",INTEGRATED CIRCUIT,250,23.17,5792.5,0,0,1042.65,0,0,6835.15,0,0,6835.15,
260,282417,328013675,26M13675,Mouser,2026-08-11 00:00:00,ELITE ELECTRONICS,EE/PO/26-27/1796,2026-08-01 00:00:00,NORTH,NEW DELHI,HARSH DOSHI,Neha,80-C0805C332K5R,,MOUSER MAKE,KEMET,C0805C332K5RACTU,PASSIVE,4000,1.23,4920,0,0,885.6,0,0,5805.6,0,0,5805.6,
261,282417,328013675,26M13675,Mouser,2026-08-11 00:00:00,ELITE ELECTRONICS,EE/PO/26-27/1796,2026-08-01 00:00:00,NORTH,NEW DELHI,HARSH DOSHI,Neha,660-SG73P2ATTD471J,,MOUSER MAKE,KOA Speer,SG73P2ATTD471J,PASSIVE,5000,1.84,9200,0,0,1656,0,0,10856,0,0,10856,
262,282417,328013675,26M13675,Mouser,2026-08-11 00:00:00,ELITE ELECTRONICS,EE/PO/26-27/1796,2026-08-01 00:00:00,NORTH,NEW DELHI,HARSH DOSHI,Neha,71-CRCW1206100KJNEAH,,MOUSER MAKE,Vishay,CRCW1206100KJNEAHP,PASSIVE,2016,6.63,13366.08,0,0,2405.8944,0,0,15771.9744,0,0,15771.9744,
263,282422,328013678,26M13678,Mouser,2026-08-11 00:00:00,EULER MOTORS PRIVATE LIMITED,43561,2026-08-04 00:00:00,NORTH,NEW DELHI,SURAJ PANDEY,Poonam Kashyap,947-SMBJ24CA,MEPC0145,MOUSER MAKE,Semtech,SMBJ24CA,CIRCUIT PROTECTION,10,62.93,629.3,0,0,113.274,0,0,742.574,0,0,742.574,
264,282427,328013683,26M13683,Mouser,2026-08-11 00:00:00,CONTROL PRINT LTD,14124088,2026-07-31 00:00:00,NORTH,NEW DELHI,MAHESH KUMAR MITTAL,Abha,785-NGCMA10AX01C,10310282,MOUSER MAKE,Honeywell,NGCMA10AX01C,ELECTRO MECHANICAL,10,5713,57130,0,0,10283.4,0,0,67413.4,0,0,67413.4,
265,282493,328013736,26M13736,Mouser,2026-08-11 00:00:00,AIMTRON ELECTRONICS LTD,18000,2026-08-02 00:00:00,NORTH,GUJARAT,HARSH DOSHI,Poonam Kashyap,490-CMM2718AT42108TR,AUD00036,MOUSER MAKE,Same Sky,CMM-2718AT-42108-TR,SENSORS,1005,66.23,66561.15,0,0,11981.007,0,0,78542.157,0,0,78542.157,
266,282493,328013736,26M13736,Mouser,2026-08-11 00:00:00,AIMTRON ELECTRONICS LTD,18000,2026-08-02 00:00:00,NORTH,GUJARAT,HARSH DOSHI,Poonam Kashyap,490-SP-3541,CON02510,MOUSER MAKE,Same Sky,SP-3541,CONNECTOR,1000,201,201000,0,0,36180,0,0,237180,0,0,237180,
267,282493,328013736,26M13736,Mouser,2026-08-11 00:00:00,AIMTRON ELECTRONICS LTD,18000,2026-08-02 00:00:00,NORTH,GUJARAT,HARSH DOSHI,Poonam Kashyap,81-GRM188R61E475KE1D,CAP01168,MOUSER MAKE,Murata,GRM188R61E475KE11D,PASSIVE,7250,4.59,33277.5,0,0,5989.95,0,0,39267.45,0,0,39267.45,
268,282532,328013759,26M13759,Mouser,2026-08-12 00:00:00,SYNCHRONICS ELECTRONICS PRIVATE LIMITED,Email :,2026-08-03 00:00:00,NORTH,GUJARAT,HARSH DOSHI,Poonam Kashyap,673-J0018D21ENL,,MOUSER MAKE,Pulse,J0018D21ENL,CONNECTOR,2,1045.62,2091.24,0,0,376.4232,0,0,2467.6632,0,0,2467.6632,
269,282598,328013786,26M13786,Mouser,2026-08-12 00:00:00,LUBI INDUSTRIES LLP,4800000006,2026-08-03 00:00:00,NORTH,AHMEDABAD,HARSH DOSHI,Poonam Kashyap,667-ERJ-3BQFR47V,1000022805,MOUSER MAKE,Panasonic,ERJ-3BQFR47V,PASSIVE,10,14.39,143.9,0,0,25.902,0,0,169.802,0,0,169.802,
270,282598,328013786,26M13786,Mouser,2026-08-12 00:00:00,LUBI INDUSTRIES LLP,4800000006,2026-08-03 00:00:00,NORTH,AHMEDABAD,HARSH DOSHI,Poonam Kashyap,791-WR06X22R0FTL,1000022805,MOUSER MAKE,Walsin,WR06X22R0FTL,PASSIVE,33,0.92,30.36,0,0,5.4648,0,0,35.8248,0,0,35.8248,
271,282598,328013786,26M13786,Mouser,2026-08-12 00:00:00,LUBI INDUSTRIES LLP,4800000006,2026-08-03 00:00:00,NORTH,AHMEDABAD,HARSH DOSHI,Poonam Kashyap,511-SM15T30CAY,1000022801,MOUSER MAKE,STMicroelectronics,SM15T30CAY,CIRCUIT PROTECTION,10,101.49,1014.9,0,0,182.682,0,0,1197.582,0,0,1197.582,
272,282598,328013786,26M13786,Mouser,2026-08-12 00:00:00,LUBI INDUSTRIES LLP,4800000006,2026-08-03 00:00:00,NORTH,AHMEDABAD,HARSH DOSHI,Poonam Kashyap,732-FA-23824MD30X-W5,1000022807,MOUSER MAKE,Epson,FA-238 24.0000MD30X-W5,PASSIVE,10,39.38,393.8,0,0,70.884,0,0,464.684,0,0,464.684,
273,282598,328013786,26M13786,Mouser,2026-08-12 00:00:00,LUBI INDUSTRIES LLP,4800000006,2026-08-03 00:00:00,NORTH,AHMEDABAD,HARSH DOSHI,Poonam Kashyap,603-AC0603FR-104K7L,1000022805,MOUSER MAKE,Yageo,AC0603FR-104K7L,PASSIVE,450,0.92,414,0,0,74.52,0,0,488.52,0,0,488.52,
274,282598,328013786,26M13786,Mouser,2026-08-12 00:00:00,LUBI INDUSTRIES LLP,4800000006,2026-08-03 00:00:00,NORTH,AHMEDABAD,HARSH DOSHI,Poonam Kashyap,512-SS34,1000022801,MOUSER MAKE,ON Semiconductor,SS34,DISCRET,30,64.37,1931.1,0,0,347.598,0,0,2278.698,0,0,2278.698,
275,282598,328013786,26M13786,Mouser,2026-08-12 00:00:00,LUBI INDUSTRIES LLP,4800000006,2026-08-03 00:00:00,NORTH,AHMEDABAD,HARSH DOSHI,Poonam Kashyap,187-CL31Y106KBKVPJE,1000022811,MOUSER MAKE,Samsung Electro-Mechanics,CL31Y106KBKVPJE,PASSIVE,100,41.11,4111,0,0,739.98,0,0,4850.98,0,0,4850.98,
276,282598,328013786,26M13786,Mouser,2026-08-12 00:00:00,LUBI INDUSTRIES LLP,4800000006,2026-08-03 00:00:00,NORTH,AHMEDABAD,HARSH DOSHI,Poonam Kashyap,652-SRR1210-120M,1000022814,MOUSER MAKE,Bourns,SRR1210-120M,PASSIVE,25,124.32,3108,0,0,559.44,0,0,3667.44,0,0,3667.44,
277,282598,328013786,26M13786,Mouser,2026-08-12 00:00:00,LUBI INDUSTRIES LLP,4800000006,2026-08-03 00:00:00,NORTH,AHMEDABAD,HARSH DOSHI,Poonam Kashyap,520-250-10-36Q-EST,1000022807,MOUSER MAKE,ECS,ECS-250-10-36Q-ES-TR,PASSIVE,20,54.17,1083.4,0,0,195.012,0,0,1278.412,0,0,1278.412,
278,282598,328013786,26M13786,Mouser,2026-08-12 00:00:00,LUBI INDUSTRIES LLP,4800000006,2026-08-03 00:00:00,NORTH,AHMEDABAD,HARSH DOSHI,Poonam Kashyap,538-39512-6008,1000022813,MOUSER MAKE,Molex,39512-6008,CONNECTOR,10,267.68,2676.8,0,0,481.824,0,0,3158.624,0,0,3158.624,
279,282598,328013786,26M13786,Mouser,2026-08-12 00:00:00,LUBI INDUSTRIES LLP,4800000006,2026-08-03 00:00:00,NORTH,AHMEDABAD,HARSH DOSHI,Poonam Kashyap,791-WR12X1004FTL,1000022805,MOUSER MAKE,Walsin,WR12X1004FTL,PASSIVE,100,1.53,153,0,0,27.54,0,0,180.54,0,0,180.54,
280,282598,328013786,26M13786,Mouser,2026-08-12 00:00:00,LUBI INDUSTRIES LLP,4800000006,2026-08-03 00:00:00,NORTH,AHMEDABAD,HARSH DOSHI,Poonam Kashyap,595-TXS0102DCUR,1000022802,MOUSER MAKE,Texas Instruments,TXS0102DCUR,INTEGRATED CIRCUIT,10,45.39,453.9,0,0,81.702,0,0,535.602,0,0,535.602,
281,282598,328013786,26M13786,Mouser,2026-08-12 00:00:00,LUBI INDUSTRIES LLP,4800000006,2026-08-03 00:00:00,NORTH,AHMEDABAD,HARSH DOSHI,Poonam Kashyap,871-B72590D50H160,1000022801,MOUSER MAKE,TDK,B72590D50H160,CIRCUIT PROTECTION,100,6.02,602,0,0,108.36,0,0,710.36,0,0,710.36,
282,282598,328013786,26M13786,Mouser,2026-08-12 00:00:00,LUBI INDUSTRIES LLP,4800000006,2026-08-03 00:00:00,NORTH,AHMEDABAD,HARSH DOSHI,Poonam Kashyap,603-AC0603FR-07100KL,1000022805,MOUSER MAKE,Yageo,AC0603FR-07100KL,PASSIVE,160,0.92,147.2,0,0,26.496,0,0,173.696,0,0,173.696,
283,282598,328013786,26M13786,Mouser,2026-08-12 00:00:00,LUBI INDUSTRIES LLP,4800000006,2026-08-03 00:00:00,NORTH,AHMEDABAD,HARSH DOSHI,Poonam Kashyap,652-SF-1206SA350M-2,1000022814,MOUSER MAKE,Bourns,SF-1206SA350M-2,CIRCUIT PROTECTION,20,85.46,1709.2,0,0,307.656,0,0,2016.856,0,0,2016.856,
284,282598,328013786,26M13786,Mouser,2026-08-12 00:00:00,LUBI INDUSTRIES LLP,4800000006,2026-08-03 00:00:00,NORTH,AHMEDABAD,HARSH DOSHI,Poonam Kashyap,755-ESR03EZPD60R4,1000022805,MOUSER MAKE,ROHM Semiconductor,ESR03EZPD60R4,PASSIVE,100,6.33,633,0,0,113.94,0,0,746.94,0,0,746.94,
285,282598,328013786,26M13786,Mouser,2026-08-12 00:00:00,LUBI INDUSTRIES LLP,4800000006,2026-08-03 00:00:00,NORTH,AHMEDABAD,HARSH DOSHI,Poonam Kashyap,946-MP62055EJLFZ,1000022802,MOUSER MAKE,Monolithic Power Systems (MPS),MP62055EJ-LF-Z,INTEGRATED CIRCUIT,10,76.4,764,0,0,137.52,0,0,901.52,0,0,901.52,
286,282598,328013786,26M13786,Mouser,2026-08-12 00:00:00,LUBI INDUSTRIES LLP,4800000006,2026-08-03 00:00:00,NORTH,AHMEDABAD,HARSH DOSHI,Poonam Kashyap,791-1206B102K251CT,1000022811,MOUSER MAKE,Walsin,1206B102K251CT,PASSIVE,20,5.41,108.2,0,0,19.476,0,0,127.676,0,0,127.676,
287,282598,328013786,26M13786,Mouser,2026-08-12 00:00:00,LUBI INDUSTRIES LLP,4800000006,2026-08-03 00:00:00,NORTH,AHMEDABAD,HARSH DOSHI,Poonam Kashyap,594-MFU0603FF01500P1,1000022814,MOUSER MAKE,Vishay,MFU0603FF01500P100,CIRCUIT PROTECTION,100,26.77,2677,0,0,481.86,0,0,3158.86,0,0,3158.86,
288,282598,328013786,26M13786,Mouser,2026-08-12 00:00:00,LUBI INDUSTRIES LLP,4800000006,2026-08-03 00:00:00,NORTH,AHMEDABAD,HARSH DOSHI,Poonam Kashyap,71-CRCW06032K00FKEE,1000022805,MOUSER MAKE,Vishay,CRCW06032K00FKEE,PASSIVE,10,6.43,64.3,0,0,11.574,0,0,75.874,0,0,75.874,
289,282598,328013786,26M13786,Mouser,2026-08-12 00:00:00,LUBI INDUSTRIES LLP,4800000006,2026-08-03 00:00:00,NORTH,AHMEDABAD,HARSH DOSHI,Poonam Kashyap,279-CPF0603F2K49C1,1000022805,MOUSER MAKE,TE Connectivity,CPF0603F2K49C1,PASSIVE,20,12.14,242.8,0,0,43.704,0,0,286.504,0,0,286.504,
290,282598,328013786,26M13786,Mouser,2026-08-12 00:00:00,LUBI INDUSTRIES LLP,4800000006,2026-08-03 00:00:00,NORTH,AHMEDABAD,HARSH DOSHI,Poonam Kashyap,603-CC603KRX7R8BB104,1000022811,MOUSER MAKE,Yageo,CC0603KRX7R8BB104,PASSIVE,830,1.94,1610.2,0,0,289.836,0,0,1900.036,0,0,1900.036,
291,282598,328013786,26M13786,Mouser,2026-08-12 00:00:00,LUBI INDUSTRIES LLP,4800000006,2026-08-03 00:00:00,NORTH,AHMEDABAD,HARSH DOSHI,Poonam Kashyap,667-EEU-FM1V331L,1000022811,MOUSER MAKE,Panasonic,EEU-FM1V331L,PASSIVE,10,57.63,576.3,0,0,103.734,0,0,680.034,0,0,680.034,
292,282598,328013786,26M13786,Mouser,2026-08-12 00:00:00,LUBI INDUSTRIES LLP,4800000006,2026-08-03 00:00:00,NORTH,AHMEDABAD,HARSH DOSHI,Poonam Kashyap,649-62684-401100AHLF,1000022813,MOUSER MAKE,FCI / Amphenol,62684-401100AHLF,CONNECTOR,10,69,690,0,0,124.2,0,0,814.2,0,0,814.2,
293,282598,328013786,26M13786,Mouser,2026-08-12 00:00:00,LUBI INDUSTRIES LLP,4800000006,2026-08-03 00:00:00,NORTH,AHMEDABAD,HARSH DOSHI,Poonam Kashyap,947-SRV05-4.TCT,1000022801,MOUSER MAKE,Semtech,SRV05-4.TCT,CIRCUIT PROTECTION,30,71.71,2151.3,0,0,387.234,0,0,2538.534,0,0,2538.534,
294,282598,328013786,26M13786,Mouser,2026-08-12 00:00:00,LUBI INDUSTRIES LLP,4800000006,2026-08-03 00:00:00,NORTH,AHMEDABAD,HARSH DOSHI,Poonam Kashyap,708-RMCF0603FG100K,1000022805,MOUSER MAKE,SEI Stackpole,RMCF0603FG100K,PASSIVE,100,1.02,102,0,0,18.36,0,0,120.36,0,0,120.36,
295,282598,328013786,26M13786,Mouser,2026-08-12 00:00:00,LUBI INDUSTRIES LLP,4800000006,2026-08-03 00:00:00,NORTH,AHMEDABAD,HARSH DOSHI,Poonam Kashyap,603-RC0603JR-070RL,1000022805,MOUSER MAKE,Yageo,RC0603JR-070RL,PASSIVE,600,0.51,306,0,0,55.08,0,0,361.08,0,0,361.08,
296,282598,328013786,26M13786,Mouser,2026-08-12 00:00:00,LUBI INDUSTRIES LLP,4800000006,2026-08-03 00:00:00,NORTH,AHMEDABAD,HARSH DOSHI,Poonam Kashyap,667-ERJ-UP3F1004V,1000022805,MOUSER MAKE,Panasonic,ERJ-UP3F1004V,PASSIVE,10,7.55,75.5,0,0,13.59,0,0,89.09,0,0,89.09,
297,282598,328013786,26M13786,Mouser,2026-08-12 00:00:00,LUBI INDUSTRIES LLP,4800000006,2026-08-03 00:00:00,NORTH,AHMEDABAD,HARSH DOSHI,Poonam Kashyap,791-1210X106K500CT,1000022811,MOUSER MAKE,Walsin,1210X106K500CT,PASSIVE,10,32.85,328.5,0,0,59.13,0,0,387.63,0,0,387.63,
298,282598,328013786,26M13786,Mouser,2026-08-12 00:00:00,LUBI INDUSTRIES LLP,4800000006,2026-08-03 00:00:00,NORTH,AHMEDABAD,HARSH DOSHI,Poonam Kashyap,581-06035A330DAT2A,1000022811,MOUSER MAKE,KYOCERA AVX,06035A330DAT2A,PASSIVE,30,29.38,881.4,0,0,158.652,0,0,1040.052,0,0,1040.052,
299,282598,328013786,26M13786,Mouser,2026-08-12 00:00:00,LUBI INDUSTRIES LLP,4800000006,2026-08-03 00:00:00,NORTH,AHMEDABAD,HARSH DOSHI,Poonam Kashyap,863-EMI8043MUTAG,1000022802,MOUSER MAKE,onsemi,EMI8043MUTAG,PASSIVE,20,107.75,2155,0,0,387.9,0,0,2542.9,0,0,2542.9,
300,282598,328013786,26M13786,Mouser,2026-08-12 00:00:00,LUBI INDUSTRIES LLP,4800000006,2026-08-03 00:00:00,NORTH,AHMEDABAD,HARSH DOSHI,Poonam Kashyap,652-SRN6045TA-2R2Y,1000022814,MOUSER MAKE,Bourns,SRN6045TA-2R2Y,PASSIVE,20,42.79,855.8,0,0,154.044,0,0,1009.844,0,0,1009.844,
301,282598,328013786,26M13786,Mouser,2026-08-12 00:00:00,LUBI INDUSTRIES LLP,4800000006,2026-08-03 00:00:00,NORTH,AHMEDABAD,HARSH DOSHI,Poonam Kashyap,80-ESL107M035AE3AA,1000022811,MOUSER MAKE,KEMET,ESL107M035AE3AA,PASSIVE,20,11.63,232.6,0,0,41.868,0,0,274.468,0,0,274.468,
302,282598,328013786,26M13786,Mouser,2026-08-12 00:00:00,LUBI INDUSTRIES LLP,4800000006,2026-08-03 00:00:00,NORTH,AHMEDABAD,HARSH DOSHI,Poonam Kashyap,771-PTN5150AHXMP,1000022802,MOUSER MAKE,NXP,PTN5150AHXMP,INTEGRATED CIRCUIT,10,108.12,1081.2,0,0,194.616,0,0,1275.816,0,0,1275.816,
303,282598,328013786,26M13786,Mouser,2026-08-12 00:00:00,LUBI INDUSTRIES LLP,4800000006,2026-08-03 00:00:00,NORTH,AHMEDABAD,HARSH DOSHI,Poonam Kashyap,279-CRGP0603F270R,1000022805,MOUSER MAKE,TE Connectivity,CRGP0603F270R,PASSIVE,20,11.94,238.8,0,0,42.984,0,0,281.784,0,0,281.784,
304,282598,328013786,26M13786,Mouser,2026-08-12 00:00:00,LUBI INDUSTRIES LLP,4800000006,2026-08-03 00:00:00,NORTH,AHMEDABAD,HARSH DOSHI,Poonam Kashyap,80-C0603C100J5G,1000022811,MOUSER MAKE,KEMET,C0603C100J5GACTU,PASSIVE,10,5.31,53.1,0,0,9.558,0,0,62.658,0,0,62.658,
305,282598,328013786,26M13786,Mouser,2026-08-12 00:00:00,LUBI INDUSTRIES LLP,4800000006,2026-08-03 00:00:00,NORTH,AHMEDABAD,HARSH DOSHI,Poonam Kashyap,863-BAT54CLT3G,1000022801,MOUSER MAKE,ON Semiconductor,BAT54CLT3G,DISCRET,10,8.27,82.7,0,0,14.886,0,0,97.586,0,0,97.586,
306,282598,328013786,26M13786,Mouser,2026-08-12 00:00:00,LUBI INDUSTRIES LLP,4800000006,2026-08-03 00:00:00,NORTH,AHMEDABAD,HARSH DOSHI,Poonam Kashyap,538-39512-6006,1000022813,MOUSER MAKE,Molex,39512-6006,CONNECTOR,10,207.2,2072,0,0,372.96,0,0,2444.96,0,0,2444.96,
307,282598,328013786,26M13786,Mouser,2026-08-12 00:00:00,LUBI INDUSTRIES LLP,4800000006,2026-08-03 00:00:00,NORTH,AHMEDABAD,HARSH DOSHI,Poonam Kashyap,80-C0603C101K5RAULR,1000022811,MOUSER MAKE,KEMET,C0603C101K5RACAUTO7411,PASSIVE,20,4.9,98,0,0,17.64,0,0,115.64,0,0,115.64,
308,282598,328013786,26M13786,Mouser,2026-08-12 00:00:00,LUBI INDUSTRIES LLP,4800000006,2026-08-03 00:00:00,NORTH,AHMEDABAD,HARSH DOSHI,Poonam Kashyap,81-GRM188R61E106MA3J,1000022811,MOUSER MAKE,Murata,GRM188R61E106MA73J,PASS,50,10,500,0,0,90,0,0,590,0,0,590,
309,282598,328013786,26M13786,Mouser,2026-08-12 00:00:00,LUBI INDUSTRIES LLP,4800000006,2026-08-03 00:00:00,NORTH,AHMEDABAD,HARSH DOSHI,Poonam Kashyap,581-KAF15AR71H102KM,1000022811,MOUSER MAKE,KYOCERA AVX,KAF15AR71H102KM,PASSIVE,20,7.35,147,0,0,26.46,0,0,173.46,0,0,173.46,
310,282598,328013786,26M13786,Mouser,2026-08-12 00:00:00,LUBI INDUSTRIES LLP,4800000006,2026-08-03 00:00:00,NORTH,AHMEDABAD,HARSH DOSHI,Poonam Kashyap,603-AC0603FR-07510KL,1000022805,MOUSER MAKE,YAGEO,AC0603FR-07510KL,PASSIVE,20,1.43,28.6,0,0,5.148,0,0,33.748,0,0,33.748,
311,282598,328013786,26M13786,Mouser,2026-08-12 00:00:00,LUBI INDUSTRIES LLP,4800000006,2026-08-03 00:00:00,NORTH,AHMEDABAD,HARSH DOSHI,Poonam Kashyap,187-CL10A475KO8NNNC,1000022811,MOUSER MAKE,Samsung Electro-Mechanics,CL10A475KO8NNNC,CIRCUIT PROTECTION,100,4.08,408,0,0,73.44,0,0,481.44,0,0,481.44,
312,282598,328013786,26M13786,Mouser,2026-08-12 00:00:00,LUBI INDUSTRIES LLP,4800000006,2026-08-03 00:00:00,NORTH,AHMEDABAD,HARSH DOSHI,Poonam Kashyap,80-T491D227K016AT,1000022811,MOUSER MAKE,KEMET,T491D227K016AT,PASSIVE,20,159.12,3182.4,0,0,572.832,0,0,3755.232,0,0,3755.232,
313,282598,328013786,26M13786,Mouser,2026-08-12 00:00:00,LUBI INDUSTRIES LLP,4800000006,2026-08-03 00:00:00,NORTH,AHMEDABAD,HARSH DOSHI,Poonam Kashyap,603-AC0805JR-070RL,1000022805,MOUSER MAKE,Yageo,AC0805JR-070RL,PASSIVE,500,0.92,460,0,0,82.8,0,0,542.8,0,0,542.8,
314,282598,328013786,26M13786,Mouser,2026-08-12 00:00:00,LUBI INDUSTRIES LLP,4800000006,2026-08-03 00:00:00,NORTH,AHMEDABAD,HARSH DOSHI,Poonam Kashyap,963-MAASJ21GBD7226MT,1000022811,MOUSER MAKE,TAIYO YUDEN,MAASJ21GBD7226MTCA01,PASSIVE,10,45.9,459,0,0,82.62,0,0,541.62,0,0,541.62,
315,282598,328013786,26M13786,Mouser,2026-08-12 00:00:00,LUBI INDUSTRIES LLP,4800000006,2026-08-03 00:00:00,NORTH,AHMEDABAD,HARSH DOSHI,Poonam Kashyap,946-MP2759GQ-0000-P,1000022807,MOUSER MAKE,Monolithic Power Systems (MPS),MP2759GQ-0000-P,INTEGRATED CIRCUIT,10,295.8,2958,0,0,532.44,0,0,3490.44,0,0,3490.44,
316,282598,328013786,26M13786,Mouser,2026-08-12 00:00:00,LUBI INDUSTRIES LLP,4800000006,2026-08-03 00:00:00,NORTH,AHMEDABAD,HARSH DOSHI,Poonam Kashyap,637-SMF5.0CA,1000022801,MOUSER MAKE,Diotec Semiconductor,SMF5.0CA,CIRCUIT PROTECTION,100,10.51,1051,0,0,189.18,0,0,1240.18,0,0,1240.18,
317,282598,328013786,26M13786,Mouser,2026-08-12 00:00:00,LUBI INDUSTRIES LLP,4800000006,2026-08-03 00:00:00,NORTH,AHMEDABAD,HARSH DOSHI,Poonam Kashyap,512-BSS138L,1000022807,MOUSER MAKE,ON Semiconductor,BSS138L,DISCRET,30,24.48,734.4,0,0,132.192,0,0,866.592,0,0,866.592,
318,282598,328013786,26M13786,Mouser,2026-08-12 00:00:00,LUBI INDUSTRIES LLP,4800000006,2026-08-03 00:00:00,NORTH,AHMEDABAD,HARSH DOSHI,Poonam Kashyap,80-C0603J473K8RACLR,1000022811,MOUSER MAKE,KEMET,C0603J473K8RAC7411,PASSIVE,30,51.11,1533.3,0,0,275.994,0,0,1809.294,0,0,1809.294,
319,282598,328013786,26M13786,Mouser,2026-08-12 00:00:00,LUBI INDUSTRIES LLP,4800000006,2026-08-03 00:00:00,NORTH,AHMEDABAD,HARSH DOSHI,Poonam Kashyap,810-ACT45B5102PTL003,1000022814,MOUSER MAKE,TDK,ACT45B-510-2P-TL003,PASSIVE,30,123.2,3696,0,0,665.28,0,0,4361.28,0,0,4361.28,
320,282598,328013786,26M13786,Mouser,2026-08-12 00:00:00,LUBI INDUSTRIES LLP,4800000006,2026-08-03 00:00:00,NORTH,AHMEDABAD,HARSH DOSHI,Poonam Kashyap,581-0201YC100KAT2A,1000022811,MOUSER MAKE,KYOCERA AVX,0201YC100KAT2A,PASSIVE,30,2.25,67.5,0,0,12.15,0,0,79.65,0,0,79.65,
321,282598,328013786,26M13786,Mouser,2026-08-12 00:00:00,LUBI INDUSTRIES LLP,4800000006,2026-08-03 00:00:00,NORTH,AHMEDABAD,HARSH DOSHI,Poonam Kashyap,603-SR0603FR-7T1KL,1000022805,MOUSER MAKE,YAGEO,SR0603FR-7T1KL,PASSIVE,330,4.08,1346.4,0,0,242.352,0,0,1588.752,0,0,1588.752,
322,282598,328013786,26M13786,Mouser,2026-08-12 00:00:00,LUBI INDUSTRIES LLP,4800000006,2026-08-03 00:00:00,NORTH,AHMEDABAD,HARSH DOSHI,Poonam Kashyap,771-74HC14D-T,1000022802,MOUSER MAKE,Nexperia,"74HC14D,653",INTEGRATED CIRCUIT,20,13.16,263.2,0,0,47.376,0,0,310.576,0,0,310.576,
323,282598,328013786,26M13786,Mouser,2026-08-12 00:00:00,LUBI INDUSTRIES LLP,4800000006,2026-08-03 00:00:00,NORTH,AHMEDABAD,HARSH DOSHI,Poonam Kashyap,963-UMK325BJ106KM-P,1000022811,MOUSER MAKE,Taiyo Yuden,UMK325BJ106KM-P,PASSIVE,89,24.59,2188.51,0,0,393.9318,0,0,2582.4418,0,0,2582.4418,
324,282598,328013786,26M13786,Mouser,2026-08-12 00:00:00,LUBI INDUSTRIES LLP,4800000006,2026-08-03 00:00:00,NORTH,AHMEDABAD,HARSH DOSHI,Poonam Kashyap,863-MBR120ESFT3G,1000022801,MOUSER MAKE,ON Semiconductor,MBR120ESFT3G,DISCRET,30,53.66,1609.8,0,0,289.764,0,0,1899.564,0,0,1899.564,
325,282598,328013786,26M13786,Mouser,2026-08-12 00:00:00,LUBI INDUSTRIES LLP,4800000006,2026-08-03 00:00:00,NORTH,AHMEDABAD,HARSH DOSHI,Poonam Kashyap,652-SRN6045-2R2Y,1000022814,MOUSER MAKE,Bourns,SRN6045-2R2Y,PASSIVE,100,32.93,3293,0,0,592.74,0,0,3885.74,0,0,3885.74,
326,282598,328013786,26M13786,Mouser,2026-08-12 00:00:00,LUBI INDUSTRIES LLP,4800000006,2026-08-03 00:00:00,NORTH,AHMEDABAD,HARSH DOSHI,Poonam Kashyap,581-TAJA106K016R,1000022811,MOUSER MAKE,AVX,TAJA106K016RNJ,PASSIVE,50,22.55,1127.5,0,0,202.95,0,0,1330.45,0,0,1330.45,
327,282598,328013786,26M13786,Mouser,2026-08-12 00:00:00,LUBI INDUSTRIES LLP,4800000006,2026-08-03 00:00:00,NORTH,AHMEDABAD,HARSH DOSHI,Poonam Kashyap,81-DLW21SZ900HQ2L,1000022814,MOUSER MAKE,Murata,DLW21SZ900HQ2L,PASSIVE,10,27.33,273.3,0,0,49.194,0,0,322.494,0,0,322.494,
328,282598,328013786,26M13786,Mouser,2026-08-12 00:00:00,LUBI INDUSTRIES LLP,4800000006,2026-08-03 00:00:00,NORTH,AHMEDABAD,HARSH DOSHI,Poonam Kashyap,179-TS0925WT160SMTTR,1000022807,MOUSER MAKE,Same Sky,TS09-63-25-WT-160-SMT-TR,ELECTRO MECHANICAL,10,25.32,253.2,0,0,45.576,0,0,298.776,0,0,298.776,
329,282598,328013786,26M13786,Mouser,2026-08-12 00:00:00,LUBI INDUSTRIES LLP,4800000006,2026-08-03 00:00:00,NORTH,AHMEDABAD,HARSH DOSHI,Poonam Kashyap,603-AC0603FR-0753K6L,1000022805,MOUSER MAKE,YAGEO,AC0603FR-0753K6L,PASSIVE,20,1.74,34.8,0,0,6.264,0,0,41.064,0,0,41.064,
330,282598,328013786,26M13786,Mouser,2026-08-12 00:00:00,LUBI INDUSTRIES LLP,4800000006,2026-08-03 00:00:00,NORTH,AHMEDABAD,HARSH DOSHI,Poonam Kashyap,581-KGM15ACG1E150FT,1000022811,MOUSER MAKE,KYOCERA AVX,KGM15ACG1E150FT,PASSIVE,40,19.28,771.2,0,0,138.816,0,0,910.016,0,0,910.016,
331,282598,328013786,26M13786,Mouser,2026-08-12 00:00:00,LUBI INDUSTRIES LLP,4800000006,2026-08-03 00:00:00,NORTH,AHMEDABAD,HARSH DOSHI,Poonam Kashyap,810-C3225X7R1H106MAC,1000022811,MOUSER MAKE,TDK,C3225X7R1H106M250AC,PASSIVE,20,52.43,1048.6,0,0,188.748,0,0,1237.348,0,0,1237.348,
332,282606,328013789,26M13789,Mouser,2026-08-12 00:00:00,NILE ELECTRONICS,NE805,2026-08-03 00:00:00,NORTH,AHMEDABAD,HARSH DOSHI,Poonam Kashyap,604-AP2012CGCK,,MOUSER MAKE,Kingbright,AP2012CGCK,OPT,10,16.94,169.4,0,0,30.492,0,0,199.892,0,0,199.892,
333,282606,328013789,26M13789,Mouser,2026-08-12 00:00:00,NILE ELECTRONICS,NE805,2026-08-03 00:00:00,NORTH,AHMEDABAD,HARSH DOSHI,Poonam Kashyap,187-CL10C040CB8NNNC,,MOUSER MAKE,Samsung Electro-Mechanics,CL10C040CB8NNNC,PASSIVE,8,10.2,81.6,0,0,14.688,0,0,96.288,0,0,96.288,
334,282606,328013789,26M13789,Mouser,2026-08-12 00:00:00,NILE ELECTRONICS,NE805,2026-08-03 00:00:00,NORTH,AHMEDABAD,HARSH DOSHI,Poonam Kashyap,187-CL21A475KPFNNNF,,MOUSER MAKE,Samsung Electro-Mechanics,CL21A475KPFNNNF,PASSIVE,10,3.68,36.8,0,0,6.624,0,0,43.424,0,0,43.424,
335,282606,328013789,26M13789,Mouser,2026-08-12 00:00:00,NILE ELECTRONICS,NE805,2026-08-03 00:00:00,NORTH,AHMEDABAD,HARSH DOSHI,Poonam Kashyap,187-CL21B105KOFNNNG,,MOUSER MAKE,Samsung Electro-Mechanics,CL21B105KOFNNNG,PASSIVE,10,2.96,29.6,0,0,5.328,0,0,34.928,0,0,34.928,
336,282606,328013789,26M13789,Mouser,2026-08-12 00:00:00,NILE ELECTRONICS,NE805,2026-08-03 00:00:00,NORTH,AHMEDABAD,HARSH DOSHI,Poonam Kashyap,512-MMSD3070,,MOUSER MAKE,onsemi,MMSD3070,DISCRET,5,21.42,107.1,0,0,19.278,0,0,126.378,0,0,126.378,
337,282606,328013789,26M13789,Mouser,2026-08-12 00:00:00,NILE ELECTRONICS,NE805,2026-08-03 00:00:00,NORTH,AHMEDABAD,HARSH DOSHI,Poonam Kashyap,603-RT0603BRD07500RL,,MOUSER MAKE,YAGEO,RT0603BRD07500RL,PASSIVE,10,5.82,58.2,0,0,10.476,0,0,68.676,0,0,68.676,
338,282606,328013789,26M13789,Mouser,2026-08-12 00:00:00,NILE ELECTRONICS,NE805,2026-08-03 00:00:00,NORTH,AHMEDABAD,HARSH DOSHI,Poonam Kashyap,603-RC0603FR-7W10KL,,MOUSER MAKE,Yageo,603-RC0603FR-7W10KL,PASSIVE,12,1.94,23.28,0,0,4.1904,0,0,27.4704,0,0,27.4704,
339,282606,328013789,26M13789,Mouser,2026-08-12 00:00:00,NILE ELECTRONICS,NE805,2026-08-03 00:00:00,NORTH,AHMEDABAD,HARSH DOSHI,Poonam Kashyap,538-35507-0400,,MOUSER MAKE,Molex,35507-0400,CONNECTOR,10,7.96,79.6,0,0,14.328,0,0,93.928,0,0,93.928,
340,282606,328013789,26M13789,Mouser,2026-08-12 00:00:00,NILE ELECTRONICS,NE805,2026-08-03 00:00:00,NORTH,AHMEDABAD,HARSH DOSHI,Poonam Kashyap,603-CC0603JPNP0BN220,,MOUSER MAKE,YAGEO,CC0603JPNPO0BN220,PASSIVE,8,10.2,81.6,0,0,14.688,0,0,96.288,0,0,96.288,
341,282606,328013789,26M13789,Mouser,2026-08-12 00:00:00,NILE ELECTRONICS,NE805,2026-08-03 00:00:00,NORTH,AHMEDABAD,HARSH DOSHI,Poonam Kashyap,556-ATATMEL-ICE,,MOUSER MAKE,Microchip,ATATMEL-ICE,EMBED,5,11321,56605,0,0,10188.9,0,0,66793.9,0,0,66793.9,
342,282616,328013796,26M13796,Mouser,2026-08-12 00:00:00,KRISHNA AUTOMATION,E-Mail : Amit Patel,2026-07-31 00:00:00,NORTH,GUJARAT,HARSH DOSHI,Poonam Kashyap,595-TL074ACDR,,MOUSER MAKE,Texas Instruments,TL074ACDR,INTEGRATED CIRCUIT,25,65.49,1637.25,0,0,294.705,0,0,1931.955,0,0,1931.955,
343,282616,328013796,26M13796,Mouser,2026-08-12 00:00:00,KRISHNA AUTOMATION,E-Mail : Amit Patel,2026-07-31 00:00:00,NORTH,GUJARAT,HARSH DOSHI,Poonam Kashyap,595-LM393ADR,,MOUSER MAKE,Texas Instruments,LM393ADR,INTEGRATED CIRCUIT,100,20.61,2061,0,0,370.98,0,0,2431.98,0,0,2431.98,
344,282616,328013796,26M13796,Mouser,2026-08-12 00:00:00,KRISHNA AUTOMATION,E-Mail : Amit Patel,2026-07-31 00:00:00,NORTH,GUJARAT,HARSH DOSHI,Poonam Kashyap,511-TSH22IDT,,MOUSER MAKE,STMicroelectronics,TSH22IDT,INTEGRATED CIRCUIT,10,148.92,1489.2,0,0,268.056,0,0,1757.256,0,0,1757.256,
345,282616,328013796,26M13796,Mouser,2026-08-12 00:00:00,KRISHNA AUTOMATION,E-Mail : Amit Patel,2026-07-31 00:00:00,NORTH,GUJARAT,HARSH DOSHI,Poonam Kashyap,595-LM324AD,,MOUSER MAKE,Texas Instruments,LM324AD,INTEGRATED CIRCUIT,30,66.51,1995.3,0,0,359.154,0,0,2354.454,0,0,2354.454,
346,282616,328013796,26M13796,Mouser,2026-08-12 00:00:00,KRISHNA AUTOMATION,E-Mail : Amit Patel,2026-07-31 00:00:00,NORTH,GUJARAT,HARSH DOSHI,Poonam Kashyap,595-LM358ADR,,MOUSER MAKE,Texas Instruments,LM358ADR,INTEGRATED CIRCUIT,100,13.88,1388,0,0,249.84,0,0,1637.84,0,0,1637.84,
347,282616,328013796,26M13796,Mouser,2026-08-12 00:00:00,KRISHNA AUTOMATION,E-Mail : Amit Patel,2026-07-31 00:00:00,NORTH,GUJARAT,HARSH DOSHI,Poonam Kashyap,863-MC33074ADR2G,,MOUSER MAKE,onsemi,MC33074ADR2G,INTEGRATED CIRCUIT,10,57.33,573.3,0,0,103.194,0,0,676.494,0,0,676.494,
348,282631,328013806,26M13806,Mouser,2026-08-12 00:00:00,VIRAJ SALES AND SERVICE,E-Mail,2026-07-31 00:00:00,NORTH,GUJARAT,HARSH DOSHI,Poonam Kashyap,863-MC74LCX14DTR2G,,MOUSER MAKE,onsemi,MC74LCX14DTR2G,INTEGRATED CIRCUIT,11,33.66,370.26,0,0,66.6468,0,0,436.9068,0,0,436.9068,
349,282631,328013806,26M13806,Mouser,2026-08-12 00:00:00,VIRAJ SALES AND SERVICE,E-Mail,2026-07-31 00:00:00,NORTH,GUJARAT,HARSH DOSHI,Poonam Kashyap,595-74AHCT1G125DCKTE,,MOUSER MAKE,Texas Instruments,74AHCT1G125DCKTE4,DISCRET,10,104.04,1040.4,0,0,187.272,0,0,1227.672,0,0,1227.672,
350,282631,328013806,26M13806,Mouser,2026-08-12 00:00:00,VIRAJ SALES AND SERVICE,E-Mail,2026-07-31 00:00:00,NORTH,GUJARAT,HARSH DOSHI,Poonam Kashyap,512-BSS138K,,MOUSER MAKE,ONSemiconductor,BSS138K,DISCRET,30,20.81,624.3,0,0,112.374,0,0,736.674,0,0,736.674,
351,282636,328013811,26M13811,Mouser,2026-08-12 00:00:00,ALLENGERS GLOBAL HEALTHCARE  DERABASSI,AGHPL/038,2026-07-30 00:00:00,NORTH,NEW DELHI,MAHESH KUMAR MITTAL,Abha,603-PA2512FKF7T0R8E,,MOUSER MAKE,YAGEO,PA2512FKF7T0R008E,PASSIVE,3,109.2,327.6,0,0,58.968,0,0,386.568,0,0,386.568,
352,282646,328013821,26M13821,Mouser,2026-08-12 00:00:00,DIGITAL ACOUSTICS PVT LTD,E-Mail : Ravi Kumar,2026-08-05 00:00:00,NORTH,NEW DELHI,MAHESH KUMAR MITTAL,Neha Chauhan,634-CP2102NA02GQFN28,,MOUSER MAKE,Silicon Labs,CP2102N-A02-GQFN28,INTEGRATED CIRCUIT,50,353.94,17697,0,0,3185.46,0,0,20882.46,0,0,20882.46,
353,282646,328013821,26M13821,Mouser,2026-08-12 00:00:00,DIGITAL ACOUSTICS PVT LTD,E-Mail : Ravi Kumar,2026-08-05 00:00:00,NORTH,NEW DELHI,MAHESH KUMAR MITTAL,Neha Chauhan,579-0512GPG064T-E/PT,,MOUSER MAKE,Microchip,PIC32MK0512GPG064T-E/PT,INTEGRATED CIRCUIT,100,779.28,77928,0,0,14027.04,0,0,91955.04,0,0,91955.04,
354,282646,328013821,26M13821,Mouser,2026-08-12 00:00:00,DIGITAL ACOUSTICS PVT LTD,E-Mail : Ravi Kumar,2026-08-05 00:00:00,NORTH,NEW DELHI,MAHESH KUMAR MITTAL,Neha Chauhan,490-SJ-43515TS,,MOUSER MAKE,CUI Devices,SJ-43515TS,CONNECTOR,300,88.06,26418,0,0,4755.24,0,0,31173.24,0,0,31173.24,
355,282646,328013821,26M13821,Mouser,2026-08-12 00:00:00,DIGITAL ACOUSTICS PVT LTD,E-Mail : Ravi Kumar,2026-08-05 00:00:00,NORTH,NEW DELHI,MAHESH KUMAR MITTAL,Neha Chauhan,652-PEC16-4215FN0024,,MOUSER MAKE,Bourns,PEC16-4215F-N0024,INTEGRATED CIRCUIT,200,121.77,24354,0,0,4383.72,0,0,28737.72,0,0,28737.72,
356,282646,328013821,26M13821,Mouser,2026-08-12 00:00:00,DIGITAL ACOUSTICS PVT LTD,E-Mail : Ravi Kumar,2026-08-05 00:00:00,NORTH,NEW DELHI,MAHESH KUMAR MITTAL,Neha Chauhan,998-MIC5317-3.3YD5TR,,MOUSER MAKE,Microchip,MIC5317-3.3YD5-TR,INTEGRATED CIRCUIT,150,25.5,3825,0,0,688.5,0,0,4513.5,0,0,4513.5,
357,282648,328013822,26M13822,Mouser,2026-08-12 00:00:00,VMS AUTOCIRCUIT MICROSYSTEMS PRIVATE LIMITED,SMETPL/SG/103,2026-08-04 00:00:00,NORTH,NEW DELHI,RISHABH PANDEY,Om,81-PKM22EPPH4007-B0,,MOUSER MAKE,Murata,PKM22EPPH4007-B0,INTEGRATED CIRCUIT,100,57.97,5797,0,0,1043.46,0,0,6840.46,0,0,6840.46,
358,282701,328013864,26M13864,Mouser,2026-08-12 00:00:00,GENUS POWER JAIPUR,4600004247,2026-08-06 00:00:00,NORTH,JAIPUR,KULDEEP KUMAR,Prakash,595-TXS0102DCUR,RMICC00001202,MOUSER MAKE,Texas Instruments,TXS0102DCUR,INTEGRATED CIRCUIT,300,33.37,10011,0,0,1801.98,0,0,11812.98,0,0,11812.98,
359,282701,328013864,26M13864,Mouser,2026-08-12 00:00:00,GENUS POWER JAIPUR,4600004247,2026-08-06 00:00:00,NORTH,JAIPUR,KULDEEP KUMAR,Prakash,595-TS5A23157DGSR,RMICC00001201,MOUSER MAKE,Texas Instruments,TS5A23157DGSR,INTEGRATED CIRCUIT,300,29.46,8838,0,0,1590.84,0,0,10428.84,0,0,10428.84,
360,282702,328013865,26M13865,Mouser,2026-08-12 00:00:00,GENUS POWER JAIPUR,4600004246,2026-08-06 00:00:00,NORTH,JAIPUR,KULDEEP KUMAR,Prakash,595-ESDS552DBZR,RMDIO00000473,MOUSER MAKE,Texas Instruments,ESDS552DBZR,CIRCUIT PROTECTION,300,30.08,9024,0,0,1624.32,0,0,10648.32,0,0,10648.32,
361,282702,328013865,26M13865,Mouser,2026-08-12 00:00:00,GENUS POWER JAIPUR,4600004246,2026-08-06 00:00:00,NORTH,JAIPUR,KULDEEP KUMAR,Prakash,595-TLV76733DGNR,RMICC00001187,MOUSER MAKE,Texas Instruments,TLV76733DGNR,INTEGRATED CIRCUIT,300,59.33,17799,0,0,3203.82,0,0,21002.82,0,0,21002.82,
362,282703,328013866,26M13866,Mouser,2026-08-12 00:00:00,GENUS POWER JAIPUR,4600004245,2026-08-06 00:00:00,NORTH,JAIPUR,KULDEEP KUMAR,Prakash,595-LMR51430XDDCR,RMICC00001185,MOUSER MAKE,Texas Instruments,LMR51430XDDCR,INTEGRATED CIRCUIT,300,107.12,32136,0,0,5784.48,0,0,37920.48,0,0,37920.48,
363,282704,328013867,26M13867,Mouser,2026-08-12 00:00:00,OPTIMIZED SOLUTIONS LIMITED,OS/360121/32/26-27,2026-07-29 00:00:00,NORTH,AHMEDABAD,HARSH DOSHI,Poonam Kashyap,511-STM32L4P5VGT6,,MOUSER MAKE,STMicroelectronics,STM32L4P5VGT6,INTEGRATED CIRCUIT,3,1227.06,3681.18,0,0,662.6124,0,0,4343.7924,0,0,4343.7924,
364,282704,328013867,26M13867,Mouser,2026-08-12 00:00:00,OPTIMIZED SOLUTIONS LIMITED,OS/360121/32/26-27,2026-07-29 00:00:00,NORTH,AHMEDABAD,HARSH DOSHI,Poonam Kashyap,621-AP22655WU-7,,MOUSER MAKE,Diodes Incorporated,AP22655WU-7,INTEGRATED CIRCUIT,10,34.1,341,0,0,61.38,0,0,402.38,0,0,402.38,
365,282704,328013867,26M13867,Mouser,2026-08-12 00:00:00,OPTIMIZED SOLUTIONS LIMITED,OS/360121/32/26-27,2026-07-29 00:00:00,NORTH,AHMEDABAD,HARSH DOSHI,Poonam Kashyap,595-TPS62140RGTT,,MOUSER MAKE,Texas Instruments,TPS62140RGTT,INTEGRATED CIRCUIT,3,244.8,734.4,0,0,132.192,0,0,866.592,0,0,866.592,
366,282714,328013872,26M13872,Mouser,2026-08-13 00:00:00,AIMTRON ELECTRONICS LTD,PO17998,2026-07-30 00:00:00,NORTH,GUJARAT,HARSH DOSHI,Poonam Kashyap,571-2132230-8,CON01956,MOUSER MAKE,TE Connectivity,2132230-8,CONNECTOR,105,52.76,5539.8,0,0,997.164,0,0,6536.964,0,0,6536.964,
367,282714,328013872,26M13872,Mouser,2026-08-13 00:00:00,AIMTRON ELECTRONICS LTD,PO17998,2026-07-30 00:00:00,NORTH,GUJARAT,HARSH DOSHI,Poonam Kashyap,871-B41858D9337M,CAP01590,MOUSER MAKE,TDK,B41858D9337M000,PASSIVE,200,113.22,22644,0,0,4075.92,0,0,26719.92,0,0,26719.92,
368,282714,328013872,26M13872,Mouser,2026-08-13 00:00:00,AIMTRON ELECTRONICS LTD,PO17998,2026-07-30 00:00:00,NORTH,GUJARAT,HARSH DOSHI,Poonam Kashyap,625-SMCG54AHE3,DIO00803,MOUSER MAKE,Vishay General Semiconductor,SMCG54AHE3/57T,CIRCUIT PROTECTION,230,101.39,23319.7,0,0,4197.546,0,0,27517.246,0,0,27517.246,
369,282721,328013877,26M13877,Mouser,2026-08-13 00:00:00,METAINTENT PRIVATE LIMITED,MPL-PO-074,2026-08-03 00:00:00,NORTH,NEW DELHI,ARPIT SINGH,Palak,747-DSEI2X61-12B,,MOUSER MAKE,IXYS,DSEI2X61-12B,DISCRET,2,4244.22,8488.44,0,0,1527.9192,0,0,10016.3592,0,0,10016.3592,
370,282721,328013877,26M13877,Mouser,2026-08-13 00:00:00,METAINTENT PRIVATE LIMITED,MPL-PO-074,2026-08-03 00:00:00,NORTH,NEW DELHI,ARPIT SINGH,Palak,641-ND89N12K,,MOUSER MAKE,Infineon,ND89N12K,DISCRET,8,11498.46,91987.68,0,0,16557.7824,0,0,108545.4624,0,0,108545.4624,
371,282736,328013889,26M13889,Mouser,2026-08-13 00:00:00,ZYNERION SMARTSYS PRIVATE LIMITED,E-Mail : Karan B,2026-07-31 00:00:00,NORTH,GUJARAT,HARSH DOSHI,Poonam Kashyap,71-CRCW251288R7FP,,MOUSER MAKE,Vishay,CRCW251288R7FKTG,PASSIVE,30,55.05,1651.5,0,0,297.27,0,0,1948.77,0,0,1948.77,
372,282736,328013889,26M13889,Mouser,2026-08-13 00:00:00,ZYNERION SMARTSYS PRIVATE LIMITED,E-Mail : Karan B,2026-07-31 00:00:00,NORTH,GUJARAT,HARSH DOSHI,Poonam Kashyap,594-2381-615-53103,,MOUSER MAKE,Vishay / BC Components,NTCS0805E3103JMT,CIRCUIT PROTECTION,10,34.45,344.5,0,0,62.01,0,0,406.51,0,0,406.51,
373,282736,328013889,26M13889,Mouser,2026-08-13 00:00:00,ZYNERION SMARTSYS PRIVATE LIMITED,E-Mail : Karan B,2026-07-31 00:00:00,NORTH,GUJARAT,HARSH DOSHI,Poonam Kashyap,810-CGA4J3X7R1H225KB,,MOUSER MAKE,TDK,CGA4J3X7R1H225K125AB,PASSIVE,10,23.03,230.3,0,0,41.454,0,0,271.754,0,0,271.754,
374,282736,328013889,26M13889,Mouser,2026-08-13 00:00:00,ZYNERION SMARTSYS PRIVATE LIMITED,E-Mail : Karan B,2026-07-31 00:00:00,NORTH,GUJARAT,HARSH DOSHI,Poonam Kashyap,708-RMCF0805FT1K00,,MOUSER MAKE,SEI Stackpole,RMCF0805FT1K00,PASSIVE,20,1.62,32.4,0,0,5.832,0,0,38.232,0,0,38.232,
375,282736,328013889,26M13889,Mouser,2026-08-13 00:00:00,ZYNERION SMARTSYS PRIVATE LIMITED,E-Mail : Karan B,2026-07-31 00:00:00,NORTH,GUJARAT,HARSH DOSHI,Poonam Kashyap,791-MT21B103K500CT,,MOUSER MAKE,Walsin,MT21B103K500CT,PASSIVE,10,2.53,25.3,0,0,4.554,0,0,29.854,0,0,29.854,
376,282736,328013889,26M13889,Mouser,2026-08-13 00:00:00,ZYNERION SMARTSYS PRIVATE LIMITED,E-Mail : Karan B,2026-07-31 00:00:00,NORTH,GUJARAT,HARSH DOSHI,Poonam Kashyap,708-RMCF0805FT8R20,,MOUSER MAKE,SEI Stackpole,RMCF0805FT8R20,PASSIVE,20,1.92,38.4,0,0,6.912,0,0,45.312,0,0,45.312,
377,282736,328013889,26M13889,Mouser,2026-08-13 00:00:00,ZYNERION SMARTSYS PRIVATE LIMITED,E-Mail : Karan B,2026-07-31 00:00:00,NORTH,GUJARAT,HARSH DOSHI,Poonam Kashyap,708-RMCF0805FG499R,,MOUSER MAKE,SEI Stackpole,RMCF0805FG499R,PASSIVE,10,0.81,8.1,0,0,1.458,0,0,9.558,0,0,9.558,
378,282736,328013889,26M13889,Mouser,2026-08-13 00:00:00,ZYNERION SMARTSYS PRIVATE LIMITED,E-Mail : Karan B,2026-07-31 00:00:00,NORTH,GUJARAT,HARSH DOSHI,Poonam Kashyap,581-08055C104J4T4A,,MOUSER MAKE,KYOCERA AVX,08055C104J4T4A,PASSIVE,20,7.48,149.6,0,0,26.928,0,0,176.528,0,0,176.528,
379,282736,328013889,26M13889,Mouser,2026-08-13 00:00:00,ZYNERION SMARTSYS PRIVATE LIMITED,E-Mail : Karan B,2026-07-31 00:00:00,NORTH,GUJARAT,HARSH DOSHI,Poonam Kashyap,581-08051C223K4T4A,,MOUSER MAKE,YAGEO,AC0603KRX7R9BB103,PASSIVE,40,4.55,182,0,0,32.76,0,0,214.76,0,0,214.76,
380,282736,328013889,26M13889,Mouser,2026-08-13 00:00:00,ZYNERION SMARTSYS PRIVATE LIMITED,E-Mail : Karan B,2026-07-31 00:00:00,NORTH,GUJARAT,HARSH DOSHI,Poonam Kashyap,708-RMCF0805FT1R50,,MOUSER MAKE,SEI Stackpole,RMCF0805FT1R50,PASSIVE,10,1.92,19.2,0,0,3.456,0,0,22.656,0,0,22.656,
381,282736,328013889,26M13889,Mouser,2026-08-13 00:00:00,ZYNERION SMARTSYS PRIVATE LIMITED,E-Mail : Karan B,2026-07-31 00:00:00,NORTH,GUJARAT,HARSH DOSHI,Poonam Kashyap,708-RMCF0805FT10K0,,MOUSER MAKE,SEI Stackpole,RMCF0805FT10K0,PASSIVE,30,1.62,48.6,0,0,8.748,0,0,57.348,0,0,57.348,
382,282742,328013894,26M13894,Mouser,2026-08-13 00:00:00,NILE ELECTRONICS,NE805,2026-08-03 00:00:00,NORTH,AHMEDABAD,HARSH DOSHI,Poonam Kashyap,187-CL32A106KOJNNNE,,MOUSER MAKE,Samsung Electro-Mechanics,CL32A106KOJNNNE,PASSIVE,10,14.79,147.9,0,0,26.622,0,0,174.522,0,0,174.522,
383,282749,328013901,26M13901,Mouser,2026-08-13 00:00:00,IOTAI SOLUTIONS,Email : Dhirendra Pandey,2026-07-31 00:00:00,NORTH,NEW DELHI,DHIRENDRA PANDEY,Om,726-IFX007TAUMA1,,MOUSER MAKE,Infineon,IFX007TAUMA1,INTEGRATED CIRCUIT,220,222.36,48919.2,0,0,8805.456,0,0,57724.656,0,0,57724.656,
384,282764,328013916,26M13916,Mouser,2026-08-13 00:00:00,UNIVERSAL INDUSTRIES,E-Mail : Kunal Patel,2026-08-05 00:00:00,NORTH,AHMEDABAD,HARSH DOSHI,Poonam Kashyap,579-PIC18F46K40-I/PT,,MOUSER MAKE,Microchip,PIC18F46K40-I/PT,INTEGRATED CIRCUIT,50,213.18,10659,0,0,1918.62,0,0,12577.62,0,0,12577.62,
385,282789,328013935,26M13935,Mouser,2026-08-13 00:00:00,UNIVERSAL INDUSTRIES,E-Mail : Kunal Patel,2026-07-31 00:00:00,NORTH,AHMEDABAD,HARSH DOSHI,Poonam Kashyap,538-51065-1100,,MOUSER MAKE,Molex,51065-1100,CONNECTOR,150,9.19,1378.5,0,0,248.13,0,0,1626.63,0,0,1626.63,
386,282790,328013936,26M13936,Mouser,2026-08-13 00:00:00,UNIVERSAL INDUSTRIES,Email :,2026-08-03 00:00:00,NORTH,AHMEDABAD,HARSH DOSHI,Poonam Kashyap,755-KDZVTR16B,,MOUSER MAKE,ROHM Semiconductor,KDZVTR16B,DISCRET,500,17.04,8520,0,0,1533.6,0,0,10053.6,0,0,10053.6,
387,282790,328013936,26M13936,Mouser,2026-08-13 00:00:00,UNIVERSAL INDUSTRIES,Email :,2026-08-03 00:00:00,NORTH,AHMEDABAD,HARSH DOSHI,Poonam Kashyap,576-0451.500MRL,,MOUSER MAKE,Littelfuse,0451.500MRL,CIRCUIT PROTECTION,100,82.77,8277,0,0,1489.86,0,0,9766.86,0,0,9766.86,
388,282796,328013940,26M13940,Mouser,2026-08-13 00:00:00,GENUS POWER INFRASTRUCTURES LTD,1430048482,2026-07-23 00:00:00,NORTH,NEW DELHI,KULDEEP KUMAR,Prakash,512-1N5228B,RMDIO00000245,MOUSER MAKE,onsemi,1N5228B,DISCRET,1000,3.57,3570,0,0,642.6,0,0,4212.6,0,0,4212.6,
389,282797,328013941,26M13941,Mouser,2026-08-13 00:00:00,C & S ELECTRIC LTD,26316501774,2025-11-20 00:00:00,NORTH,NEW DELHI,ARPIT SINGH,Abha,869-TNY288PG,,MOUSER MAKE,PowerIntegrations,TNY288PG,INTEGRATED CIRCUIT,10,110.21,1102.1,0,0,198.378,0,0,1300.478,0,0,1300.478,
390,282797,328013941,26M13941,Mouser,2026-08-13 00:00:00,C & S ELECTRIC LTD,26316501774,2025-11-20 00:00:00,NORTH,NEW DELHI,ARPIT SINGH,Abha,595-HDC1080DMBR,,MOUSER MAKE,Texas Instruments,HDC1080DMBR,SENSORS,10,182,1820,0,0,327.6,0,0,2147.6,0,0,2147.6,
391,282802,328013945,26M13945,Mouser,2026-08-13 00:00:00,INDIAN INSTITUTE OF TECHNOLOGY ROORKEE-DEL,Email : Rohan Markanda,2026-08-04 00:00:00,NORTH,NEW DELHI,RISHABH PANDEY,Om,356-ESP32-C3FH4,,MOUSER MAKE,Espressif,ESP32-C3FH4,INTEGRATED CIRCUIT,3,257.5,772.5,0,0,139.05,0,0,911.55,0,0,911.55,
392,282804,328013946,26M13946,Mouser,2026-08-13 00:00:00,ALLENGERS MEDICAL DERABASSI,4000010234,2026-07-31 00:00:00,NORTH,NEW DELHI,MAHESH KUMAR MITTAL,Abha,997-LXR7SW50,12110559,MOUSER MAKE,Lumileds,LXR7-SW50,OPT,100,584,58400,0,0,10512,0,0,68912,0,0,68912,
393,282805,328013947,26M13947,Mouser,2026-08-13 00:00:00,ALLENGERS MEDICAL DERABASSI,4000010229,2026-07-30 00:00:00,NORTH,NEW DELHI,MAHESH KUMAR MITTAL,Abha,595-LF347BDR,12115639,MOUSER MAKE,Texas Instruments,LF347BDR,INTEGRATED CIRCUIT,20,58.92,1178.4,0,0,212.112,0,0,1390.512,0,0,1390.512,
394,282808,328013949,26M13949,Mouser,2026-08-13 00:00:00,HITACHI HI-REL POWER ELECTRONICS PRIVATE LIMITED,PO/SRND2627/00166,2026-07-30 00:00:00,NORTH,GUJARAT,HARSH DOSHI,Poonam Kashyap,757-TLP2355TPLE,,MOUSER MAKE,Toshiba,"TLP2355(TPL,E",OPT,20,86.4,1728,0,0,311.04,0,0,2039.04,0,0,2039.04,
395,282808,328013949,26M13949,Mouser,2026-08-13 00:00:00,HITACHI HI-REL POWER ELECTRONICS PRIVATE LIMITED,PO/SRND2627/00166,2026-07-30 00:00:00,NORTH,GUJARAT,HARSH DOSHI,Poonam Kashyap,187-CL21B222KBANNNC,,MOUSER MAKE,Samsung Electro-Mechanics,CL21B222KBANNNC,PASSIVE,50,2.55,127.5,0,0,22.95,0,0,150.45,0,0,150.45,
396,282808,328013949,26M13949,Mouser,2026-08-13 00:00:00,HITACHI HI-REL POWER ELECTRONICS PRIVATE LIMITED,PO/SRND2627/00166,2026-07-30 00:00:00,NORTH,GUJARAT,HARSH DOSHI,Poonam Kashyap,187-CL10B104KC8NNNC,,MOUSER MAKE,Samsung Electro-Mechanics,CL10B104KC8NNNC,PASSIVE,500,2.15,1075,0,0,193.5,0,0,1268.5,0,0,1268.5,
397,282808,328013949,26M13949,Mouser,2026-08-13 00:00:00,HITACHI HI-REL POWER ELECTRONICS PRIVATE LIMITED,PO/SRND2627/00166,2026-07-30 00:00:00,NORTH,GUJARAT,HARSH DOSHI,Poonam Kashyap,863-BZX84C2V7LT1G,,MOUSER MAKE,ON Semiconductor,BZX84C2V7LT1G,DISCRET,50,10.61,530.5,0,0,95.49,0,0,625.99,0,0,625.99,
398,282833,328013970,26M13970,Mouser,2026-08-13 00:00:00,FUJIYAMA POWER SYSTEMS LIMITED-02AADCF2634F1Z8,PODF-705/26-27INV,2026-08-05 00:00:00,NORTH,NEW DELHI,ARPIT SINGH,Abha,470-1825680000,,MOUSER MAKE,Weidmuller,1825680000,PASSIVE,180,240.24,43243.2,0,0,7783.776,0,0,51026.976,0,0,51026.976,
399,282836,328013973,26M13973,Mouser,2026-08-13 00:00:00,GENUS POWER JAIPUR,4600004244,2026-08-06 00:00:00,NORTH,JAIPUR,KULDEEP KUMAR,Prakash,595-TRS3232EIPWR,RMICC00001177,MOUSER MAKE,Texas Instruments,TRS3232EIPWR,INTEGRATED CIRCUIT,300,68.6,20580,0,0,3704.4,0,0,24284.4,0,0,24284.4,
400,282836,328013973,26M13973,Mouser,2026-08-13 00:00:00,GENUS POWER JAIPUR,4600004244,2026-08-06 00:00:00,NORTH,JAIPUR,KULDEEP KUMAR,Prakash,576-SMBJ15CA,RMDIO00000474,MOUSER MAKE,Littelfuse,SMBJ15CA,DISCRET,900,15.71,14139,0,0,2545.02,0,0,16684.02,0,0,16684.02,
401,282836,328013973,26M13973,Mouser,2026-08-13 00:00:00,GENUS POWER JAIPUR,4600004244,2026-08-06 00:00:00,NORTH,JAIPUR,KULDEEP KUMAR,Prakash,81-BLM21PG121SN1D,RMFER00000087,MOUSER MAKE,Murata,BLM21PG121SN1D,PASSIVE,300,5.54,1662,0,0,299.16,0,0,1961.16,0,0,1961.16,
402,282878,328014009,26M14009,Mouser,2026-08-13 00:00:00,EULER MOTORS PRIVATE LIMITED,44069,2026-08-13 00:00:00,NORTH,NEW DELHI,SURAJ PANDEY,Poonam Kashyap,78-1N4448W-HE3_A-08,MEPC3684,MOUSER MAKE,Vishay,1N4448W-HE3_A-08,PASSIVE,10,29.56,295.6,0,0,53.208,0,0,348.808,0,0,348.808,
403,282878,328014009,26M14009,Mouser,2026-08-13 00:00:00,EULER MOTORS PRIVATE LIMITED,44069,2026-08-13 00:00:00,NORTH,NEW DELHI,SURAJ PANDEY,Poonam Kashyap,810-C2012X7R1H224K,MEPC3674,MOUSER MAKE,TDK,C2012X7R1H224K125AA,PASSIVE,20,5.56,111.2,0,0,20.016,0,0,131.216,0,0,131.216,
404,282912,328014034,26M14034,Mouser,2026-08-14 00:00:00,TEQ DILIGENT PRODUCT SOLUTIONS PVT LTD,E-Mail,2026-08-06 00:00:00,NORTH,AHMEDABAD,HARSH DOSHI,Poonam Kashyap,77-VJ0603D331KXAAJ,,MOUSER MAKE,Vishay,VJ0603D331KXAAJ,PASSIVE,40,19.18,767.2,0,0,138.096,0,0,905.296,0,0,905.296,
405,282912,328014034,26M14034,Mouser,2026-08-14 00:00:00,TEQ DILIGENT PRODUCT SOLUTIONS PVT LTD,E-Mail,2026-08-06 00:00:00,NORTH,AHMEDABAD,HARSH DOSHI,Poonam Kashyap,523-1521-60051,,MOUSER MAKE,Amphenol,1521-60051,CONNECTOR,20,6042.4,120848,0,0,21752.64,0,0,142600.64,0,0,142600.64,
406,282912,328014034,26M14034,Mouser,2026-08-14 00:00:00,TEQ DILIGENT PRODUCT SOLUTIONS PVT LTD,E-Mail,2026-08-06 00:00:00,NORTH,AHMEDABAD,HARSH DOSHI,Poonam Kashyap,279-RP73PF1E174KBTD,,MOUSER MAKE,TE Connectivity,RP73PF1E174KBTD,PASSIVE,35,23.26,814.1,0,0,146.538,0,0,960.638,0,0,960.638,
407,282912,328014034,26M14034,Mouser,2026-08-14 00:00:00,TEQ DILIGENT PRODUCT SOLUTIONS PVT LTD,E-Mail,2026-08-06 00:00:00,NORTH,AHMEDABAD,HARSH DOSHI,Poonam Kashyap,667-ERJ-2RKF3300X,,MOUSER MAKE,Panasonic,ERJ-2RKF3300X,PASS,50,1.94,97,0,0,17.46,0,0,114.46,0,0,114.46,
408,282912,328014034,26M14034,Mouser,2026-08-14 00:00:00,TEQ DILIGENT PRODUCT SOLUTIONS PVT LTD,E-Mail,2026-08-06 00:00:00,NORTH,AHMEDABAD,HARSH DOSHI,Poonam Kashyap,200-SMPPFPHGSTTH3,,MOUSER MAKE,Samtec,SMP-PF-P-HG-ST-TH3,CONNECTOR,20,1135.68,22713.6,0,0,4088.448,0,0,26802.048,0,0,26802.048,
409,282912,328014034,26M14034,Mouser,2026-08-14 00:00:00,TEQ DILIGENT PRODUCT SOLUTIONS PVT LTD,E-Mail,2026-08-06 00:00:00,NORTH,AHMEDABAD,HARSH DOSHI,Poonam Kashyap,279-CPF0402B2K2E1,,MOUSER MAKE,TE Connectivity,CPF0402B2K2E1,PASSIVE,35,36.83,1289.05,0,0,232.029,0,0,1521.079,0,0,1521.079,
410,282912,328014034,26M14034,Mouser,2026-08-14 00:00:00,TEQ DILIGENT PRODUCT SOLUTIONS PVT LTD,E-Mail,2026-08-06 00:00:00,NORTH,AHMEDABAD,HARSH DOSHI,Poonam Kashyap,77-VJ0603D221KXAAJ,,MOUSER MAKE,Vishay,VJ0603D221KXAAJ,PASSIVE,40,19.18,767.2,0,0,138.096,0,0,905.296,0,0,905.296,
411,282912,328014034,26M14034,Mouser,2026-08-14 00:00:00,TEQ DILIGENT PRODUCT SOLUTIONS PVT LTD,E-Mail,2026-08-06 00:00:00,NORTH,AHMEDABAD,HARSH DOSHI,Poonam Kashyap,71-PAT0603E4000BST1,,MOUSER MAKE,VISHAY,PAT0603E4000BST1,PASSIVE,40,77.93,3117.2,0,0,561.096,0,0,3678.296,0,0,3678.296,
412,282912,328014034,26M14034,Mouser,2026-08-14 00:00:00,TEQ DILIGENT PRODUCT SOLUTIONS PVT LTD,E-Mail,2026-08-06 00:00:00,NORTH,AHMEDABAD,HARSH DOSHI,Poonam Kashyap,200-SMPPFPHGSTMT1,,MOUSER MAKE,Samtec,SMP-PF-P-HG-ST-MT1,CONNECTOR,20,1382.08,27641.6,0,0,4975.488,0,0,32617.088,0,0,32617.088,
413,282912,328014034,26M14034,Mouser,2026-08-14 00:00:00,TEQ DILIGENT PRODUCT SOLUTIONS PVT LTD,E-Mail,2026-08-06 00:00:00,NORTH,AHMEDABAD,HARSH DOSHI,Poonam Kashyap,926-LM7705MMX/NOPB,,MOUSER MAKE,Texas Instruments,LM7705MMX/NOPB,INTEGRATED CIRCUIT,22,72.12,1586.64,0,0,285.5952,0,0,1872.2352,0,0,1872.2352,
414,282912,328014034,26M14034,Mouser,2026-08-14 00:00:00,TEQ DILIGENT PRODUCT SOLUTIONS PVT LTD,E-Mail,2026-08-06 00:00:00,NORTH,AHMEDABAD,HARSH DOSHI,Poonam Kashyap,810-C1608C0G1V183JAC,,MOUSER MAKE,TDK,C1608C0G1V183J080AC,PASSIVE,50,13.98,699,0,0,125.82,0,0,824.82,0,0,824.82,
415,282912,328014034,26M14034,Mouser,2026-08-14 00:00:00,TEQ DILIGENT PRODUCT SOLUTIONS PVT LTD,E-Mail,2026-08-06 00:00:00,NORTH,AHMEDABAD,HARSH DOSHI,Poonam Kashyap,660-SG73P1EWTTP1000F,,MOUSER MAKE,KOA Speer,SG73P1EWTTP1000F,PASSIVE,50,5.51,275.5,0,0,49.59,0,0,325.09,0,0,325.09,
416,282912,328014034,26M14034,Mouser,2026-08-14 00:00:00,TEQ DILIGENT PRODUCT SOLUTIONS PVT LTD,E-Mail,2026-08-06 00:00:00,NORTH,AHMEDABAD,HARSH DOSHI,Poonam Kashyap,579-24LC01BT-I/OT,,MOUSER MAKE,MICROCHIP,24LC01BT-I/OT,INTEGRATED CIRCUIT,11,26.01,286.11,0,0,51.4998,0,0,337.6098,0,0,337.6098,
417,282912,328014034,26M14034,Mouser,2026-08-14 00:00:00,TEQ DILIGENT PRODUCT SOLUTIONS PVT LTD,E-Mail,2026-08-06 00:00:00,NORTH,AHMEDABAD,HARSH DOSHI,Poonam Kashyap,80-C0603C102K5R,,MOUSER MAKE,KEMET,C0603C102K5RACTU,PASSIVE,50,3.78,189,0,0,34.02,0,0,223.02,0,0,223.02,
418,282912,328014034,26M14034,Mouser,2026-08-14 00:00:00,TEQ DILIGENT PRODUCT SOLUTIONS PVT LTD,E-Mail,2026-08-06 00:00:00,NORTH,AHMEDABAD,HARSH DOSHI,Poonam Kashyap,71-RCWE060320L0FQEA,,MOUSER MAKE,Vishay,RCWE060320L0FQEA,PASSIVE,50,38.15,1907.5,0,0,343.35,0,0,2250.85,0,0,2250.85,
419,282914,328014035,26M14035,Mouser,2026-08-14 00:00:00,SHRI BALAJI INDUSTRIES,SBI/2026-27/063,2026-08-05 00:00:00,NORTH,NEW DELHI,ABHISHEKH CHOUDHARY,Abha,538-39-01-3083,,MOUSER MAKE,Molex,39-01-3083,CONNECTOR,10,38.76,387.6,0,0,69.768,0,0,457.368,0,0,457.368,
420,282914,328014035,26M14035,Mouser,2026-08-14 00:00:00,SHRI BALAJI INDUSTRIES,SBI/2026-27/063,2026-08-05 00:00:00,NORTH,NEW DELHI,ABHISHEKH CHOUDHARY,Abha,538-43031-0011,,MOUSER MAKE,Molex,43031-0011,CONNECTOR,40,20.57,822.8,0,0,148.104,0,0,970.904,0,0,970.904,
421,282914,328014035,26M14035,Mouser,2026-08-14 00:00:00,SHRI BALAJI INDUSTRIES,SBI/2026-27/063,2026-08-05 00:00:00,NORTH,NEW DELHI,ABHISHEKH CHOUDHARY,Abha,538-43645-1000,,MOUSER MAKE,Molex,43645-1000,CONNECTOR,10,57.07,570.7,0,0,102.726,0,0,673.426,0,0,673.426,
422,282914,328014035,26M14035,Mouser,2026-08-14 00:00:00,SHRI BALAJI INDUSTRIES,SBI/2026-27/063,2026-08-05 00:00:00,NORTH,NEW DELHI,ABHISHEKH CHOUDHARY,Abha,538-39-00-0131,,MOUSER MAKE,Molex,39-00-0131,CONNECTOR,40,21.81,872.4,0,0,157.032,0,0,1029.432,0,0,1029.432,
423,282914,328014035,26M14035,Mouser,2026-08-14 00:00:00,SHRI BALAJI INDUSTRIES,SBI/2026-27/063,2026-08-05 00:00:00,NORTH,NEW DELHI,ABHISHEKH CHOUDHARY,Abha,538-43020-0601,,MOUSER MAKE,Molex,43020-0601,CONNECTOR,10,47.57,475.7,0,0,85.626,0,0,561.326,0,0,561.326,
424,282914,328014035,26M14035,Mouser,2026-08-14 00:00:00,SHRI BALAJI INDUSTRIES,SBI/2026-27/063,2026-08-05 00:00:00,NORTH,NEW DELHI,ABHISHEKH CHOUDHARY,Abha,538-43640-1001,,MOUSER MAKE,Molex,43640-1001,CONNECTOR,10,35.48,354.8,0,0,63.864,0,0,418.664,0,0,418.664,
425,282919,328014039,26M14039,Mouser,2026-08-14 00:00:00,NEXUS INDIA ENTERPRISE,240,2026-08-05 00:00:00,NORTH,GUJARAT,HARSH DOSHI,Poonam Kashyap,649-69168-114HLF,,MOUSER MAKE,Amphenol,69168-114HLF,CONNECTOR,2,241.92,483.84,0,0,87.0912,0,0,570.9312,0,0,570.9312,
426,282921,328014040,26M14040,Mouser,2026-08-14 00:00:00,DELTA ELECTRONICS INDIA PRIVATE LIMITED(IN03),PO260806307400,2026-08-06 00:00:00,NORTH,NEW DELHI,MAHESH KUMAR MITTAL,Abha,603-RV1206FR-074M7L,,MOUSER MAKE,YAGEO,RV1206FR-074M7L,PASSIVE,15,5.82,87.3,0,0,15.714,0,0,103.014,0,0,103.014,
427,282921,328014040,26M14040,Mouser,2026-08-14 00:00:00,DELTA ELECTRONICS INDIA PRIVATE LIMITED(IN03),PO260806307400,2026-08-06 00:00:00,NORTH,NEW DELHI,MAHESH KUMAR MITTAL,Abha,579-MCP6002T-I/SN,,MOUSER MAKE,Microchip,MCP6002T-I/SN,INTEGRATED CIRCUIT,10,41.82,418.2,0,0,75.276,0,0,493.476,0,0,493.476,
428,282921,328014040,26M14040,Mouser,2026-08-14 00:00:00,DELTA ELECTRONICS INDIA PRIVATE LIMITED(IN03),PO260806307400,2026-08-06 00:00:00,NORTH,NEW DELHI,MAHESH KUMAR MITTAL,Abha,603-RL2512FK-070R18L,,MOUSER MAKE,Yageo,RL2512FK-070R18L,PASSIVE,30,18.57,557.1,0,0,100.278,0,0,657.378,0,0,657.378,
429,282921,328014040,26M14040,Mouser,2026-08-14 00:00:00,DELTA ELECTRONICS INDIA PRIVATE LIMITED(IN03),PO260806307400,2026-08-06 00:00:00,NORTH,NEW DELHI,MAHESH KUMAR MITTAL,Abha,652-MF-LSMF300/24X-2,,MOUSER MAKE,Bourns,MF-LSMF300/24X-2,CIRCUIT PROTECTION,20,85.57,1711.4,0,0,308.052,0,0,2019.452,0,0,2019.452,
430,282921,328014040,26M14040,Mouser,2026-08-14 00:00:00,DELTA ELECTRONICS INDIA PRIVATE LIMITED(IN03),PO260806307400,2026-08-06 00:00:00,NORTH,NEW DELHI,MAHESH KUMAR MITTAL,Abha,576-SC1103C-01UTG,,MOUSER MAKE,Littelfuse,SC1103C-01UTG,CIRCUIT PROTECTION,10,59.16,591.6,0,0,106.488,0,0,698.088,0,0,698.088,
431,282929,328014047,26M14047,Mouser,2026-08-14 00:00:00,MV ELECTROSYSTEMS PVT LTD,2025-2026\PPL\199,2026-07-16 00:00:00,NORTH,NEW DELHI,MAHESH KUMAR MITTAL,Neha Chauhan,122-3124-GR,MISC00023,MOUSER MAKE,Eagle Plastic Devices,122-3124-GR,INTEGRATED CIRCUIT,650,138.99,90343.5,0,0,16261.83,0,0,106605.33,0,0,106605.33,
432,282929,328014047,26M14047,Mouser,2026-08-14 00:00:00,MV ELECTROSYSTEMS PVT LTD,2025-2026\PPL\199,2026-07-16 00:00:00,NORTH,NEW DELHI,MAHESH KUMAR MITTAL,Neha Chauhan,78-1N5250B,DIODE00032,MOUSER MAKE,Vishay,1N5250B-TR,DISCRET,1000,11.74,11740,0,0,2113.2,0,0,13853.2,0,0,13853.2,
433,282929,328014047,26M14047,Mouser,2026-08-14 00:00:00,MV ELECTROSYSTEMS PVT LTD,2025-2026\PPL\199,2026-07-16 00:00:00,NORTH,NEW DELHI,MAHESH KUMAR MITTAL,Neha Chauhan,80-C1206C104K1RAUTO,,MOUSER MAKE,KEMET,C1206C104K1RACAUTO,PASSIVE,1000,7.52,7520,0,0,1353.6,0,0,8873.6,0,0,8873.6,
434,282929,328014047,26M14047,Mouser,2026-08-14 00:00:00,MV ELECTROSYSTEMS PVT LTD,2025-2026\PPL\199,2026-07-16 00:00:00,NORTH,NEW DELHI,MAHESH KUMAR MITTAL,Neha Chauhan,512-1N5231B,DIODE00034,MOUSER MAKE,onsemi,1N5231B,DISCRET,5000,2.99,14950,0,0,2691,0,0,17641,0,0,17641,
435,282929,328014047,26M14047,Mouser,2026-08-14 00:00:00,MV ELECTROSYSTEMS PVT LTD,2025-2026\PPL\199,2026-07-16 00:00:00,NORTH,NEW DELHI,MAHESH KUMAR MITTAL,Neha Chauhan,512-1N5242B,DIODE00033,MOUSER MAKE,onsemi,1N5242B,DISCRET,5000,3.4,17000,0,0,3060,0,0,20060,0,0,20060,
436,282929,328014047,26M14047,Mouser,2026-08-14 00:00:00,MV ELECTROSYSTEMS PVT LTD,2025-2026\PPL\199,2026-07-16 00:00:00,NORTH,NEW DELHI,MAHESH KUMAR MITTAL,Neha Chauhan,645-553-0128F,LEDX00007,MOUSER MAKE,Dialight,553-0128F,OPT,172,364.99,62778.28,0,0,11300.0904,0,0,74078.3704,0,0,74078.3704,
437,282929,328014047,26M14047,Mouser,2026-08-14 00:00:00,MV ELECTROSYSTEMS PVT LTD,2025-2026\PPL\199,2026-07-16 00:00:00,NORTH,NEW DELHI,MAHESH KUMAR MITTAL,Neha Chauhan,756-MFR4-220RFI,REST00012,MOUSER MAKE,TT Electronics,MFR4-220RFI,PASSIVE,2000,10.71,21420,0,0,3855.6,0,0,25275.6,0,0,25275.6,
438,282929,328014047,26M14047,Mouser,2026-08-14 00:00:00,MV ELECTROSYSTEMS PVT LTD,2025-2026\PPL\199,2026-07-16 00:00:00,NORTH,NEW DELHI,MAHESH KUMAR MITTAL,Neha Chauhan,603-MFR-25FRF52-470R,REST00006,MOUSER MAKE,YAGEO,MFR-25FRF52-470R,PASSIVE,2000,1.85,3700,0,0,666,0,0,4366,0,0,4366,
439,282929,328014047,26M14047,Mouser,2026-08-14 00:00:00,MV ELECTROSYSTEMS PVT LTD,2025-2026\PPL\199,2026-07-16 00:00:00,NORTH,NEW DELHI,MAHESH KUMAR MITTAL,Neha Chauhan,821-SA18AR0G,DIODE00013,MOUSER MAKE,Taiwan Semiconductor,SA18A,CIRCUIT PROTECTION,500,20.5,10250,0,0,1845,0,0,12095,0,0,12095,
440,282929,328014047,26M14047,Mouser,2026-08-14 00:00:00,MV ELECTROSYSTEMS PVT LTD,2025-2026\PPL\199,2026-07-16 00:00:00,NORTH,NEW DELHI,MAHESH KUMAR MITTAL,Neha Chauhan,833-SMBJP6KE12CA-TP,DIODE00024,MOUSER MAKE,Micro Commercial Components (MCC),SMBJP6KE12CA-TP,CIRCUIT PROTECTION,1000,16.79,16790,0,0,3022.2,0,0,19812.2,0,0,19812.2,
441,282929,328014047,26M14047,Mouser,2026-08-14 00:00:00,MV ELECTROSYSTEMS PVT LTD,2025-2026\PPL\199,2026-07-16 00:00:00,NORTH,NEW DELHI,MAHESH KUMAR MITTAL,Neha Chauhan,647-UCQ1C220MCL1GB,CAPS00076,MOUSER MAKE,Nichicon,UCQ1C220MCL1GB,PASSIVE,2000,19.67,39340,0,0,7081.2,0,0,46421.2,0,0,46421.2,
442,282965,328014078,26M14078,Mouser,2026-08-14 00:00:00,NILE ELECTRONICS,NE809,2026-08-06 00:00:00,NORTH,AHMEDABAD,HARSH DOSHI,Poonam Kashyap,81-GRM155C8YA224KE1D,,MOUSER MAKE,Murata,GRM155C8YA224KE01D,PASSIVE,200,2.55,510,0,0,91.8,0,0,601.8,0,0,601.8,
443,282967,328014080,26M14080,Mouser,2026-08-14 00:00:00,SYNCHRONICS ELECTRONICS PRIVATE LIMITED,Email :,2026-08-04 00:00:00,NORTH,GUJARAT,HARSH DOSHI,Poonam Kashyap,595-UCC27424QDGNRQ1,,MOUSER MAKE,Texas Instruments,UCC27424QDGNRQ1,INTEGRATED CIRCUIT,5,198.9,994.5,0,0,179.01,0,0,1173.51,0,0,1173.51,
444,282979,328014090,26M14090,Mouser,2026-08-14 00:00:00,LIVGUARD DRIVETRAIN PVT. LTD.,5310004629,2026-07-30 00:00:00,NORTH,NEW DELHI,ARPIT SINGH,Neha Chauhan,754-RG2012P-225B-T5,11119754,MOUSER MAKE,Susumu,RG2012P-225-B-T5,PASSIVE,10000,8.78,87800,0,0,15804,0,0,103604,0,0,103604,
445,282988,328014098,26M14098,Mouser,2026-08-14 00:00:00,SONA BLW PRECISION FORGINGS LTD,901853522,2026-08-06 00:00:00,NORTH,NEW DELHI,SURAJ PANDEY,Abha,511-STM32H733ZGT6,1E1B11607085300,MOUSER MAKE,STMicroelectronics,STM32H733ZGT6,INTEGRATED CIRCUIT,76,952.68,72403.68,0,0,13032.6624,0,0,85436.3424,0,0,85436.3424,
446,282989,328014099,26M14099,Mouser,2026-08-14 00:00:00,AIMTRON ELECTRONICS LTD,18055,2026-08-05 00:00:00,NORTH,GUJARAT,HARSH DOSHI,Poonam Kashyap,810-CGA2B3X7R1H104KB,,MOUSER MAKE,TDK,CGA2B3X7R1H104K050BE,PASSIVE,1385,4.59,6357.15,0,0,1144.287,0,0,7501.437,0,0,7501.437,
447,282989,328014099,26M14099,Mouser,2026-08-14 00:00:00,AIMTRON ELECTRONICS LTD,18055,2026-08-05 00:00:00,NORTH,GUJARAT,HARSH DOSHI,Poonam Kashyap,595-TPD4EUSB30DQAR,,MOUSER MAKE,Texas Instruments,TPD4EUSB30DQAR,CIRCUIT PROTECTION,155,59.98,9296.9,0,0,1673.442,0,0,10970.342,0,0,10970.342,
448,282989,328014099,26M14099,Mouser,2026-08-14 00:00:00,AIMTRON ELECTRONICS LTD,18055,2026-08-05 00:00:00,NORTH,GUJARAT,HARSH DOSHI,Poonam Kashyap,534-5104TR,,MOUSER MAKE,Keystone Electronics,5104TR,CONNECTOR,220,19.72,4338.4,0,0,780.912,0,0,5119.312,0,0,5119.312,
449,282989,328014099,26M14099,Mouser,2026-08-14 00:00:00,AIMTRON ELECTRONICS LTD,18055,2026-08-05 00:00:00,NORTH,GUJARAT,HARSH DOSHI,Poonam Kashyap,594-MCT06030C2490FP5,,MOUSER MAKE,Vishay,MCT06030C2490FP500,PASSIVE,460,2.45,1127,0,0,202.86,0,0,1329.86,0,0,1329.86,
450,282989,328014099,26M14099,Mouser,2026-08-14 00:00:00,AIMTRON ELECTRONICS LTD,18055,2026-08-05 00:00:00,NORTH,GUJARAT,HARSH DOSHI,Poonam Kashyap,595-TPSM863257RDXR,,MOUSER MAKE,Texas Instruments,TPSM863257RDXR,INTEGRATED CIRCUIT,150,188.7,28305,0,0,5094.9,0,0,33399.9,0,0,33399.9,
451,282989,328014099,26M14099,Mouser,2026-08-14 00:00:00,AIMTRON ELECTRONICS LTD,18055,2026-08-05 00:00:00,NORTH,GUJARAT,HARSH DOSHI,Poonam Kashyap,581-0402ZD106MAT2A,,MOUSER MAKE,AVX,0402ZD106MAT2A,PASSIVE,185,9.8,1813,0,0,326.34,0,0,2139.34,0,0,2139.34,
452,282989,328014099,26M14099,Mouser,2026-08-14 00:00:00,AIMTRON ELECTRONICS LTD,18055,2026-08-05 00:00:00,NORTH,GUJARAT,HARSH DOSHI,Poonam Kashyap,647-UYA1K361MNJ1MS,,MOUSER MAKE,Nichicon,UYA1K361MNJ1MS,PASSIVE,105,223.38,23454.9,0,0,4221.882,0,0,27676.782,0,0,27676.782,
453,282990,328014100,26M14100,Mouser,2026-08-14 00:00:00,CYBER LABS PVT LTD-133,E-Mail,2026-07-28 00:00:00,NORTH,NEW DELHI,ARPIT SINGH,Abha,968-RTK7A8D1S01001BE,,MOUSER MAKE,Renesas Electronics,RTK7EKA8D1S01001BE,EMBED,1,37784.32,37784.32,0,0,6801.1776,0,0,44585.4976,0,0,44585.4976,
454,282991,328014101,26M14101,Mouser,2026-08-14 00:00:00,ALLENGERS MEDICAL DERABASSI,4000010466,2026-08-06 00:00:00,NORTH,NEW DELHI,MAHESH KUMAR MITTAL,Abha,653-B3WN-6002,12107074,MOUSER MAKE,Omron,B3WN-6002,ELECTRO MECHANICAL,50,81.36,4068,0,0,732.24,0,0,4800.24,0,0,4800.24,
455,283089,328014184,26M14184,Mouser,2026-08-17 00:00:00,INFOZEB CONSULTANCY PRIVATE LIMITED,PO-00003,2026-08-06 00:00:00,NORTH,NEW DELHI,RISHABH PANDEY,Om,709-IRM45-12,,MOUSER MAKE,MEAN WELL,IRM-45-12,POWER,1,1627.2,1627.2,0,0,292.896,0,0,1920.096,0,0,1920.096,
456,283089,328014184,26M14184,Mouser,2026-08-17 00:00:00,INFOZEB CONSULTANCY PRIVATE LIMITED,PO-00003,2026-08-06 00:00:00,NORTH,NEW DELHI,RISHABH PANDEY,Om,652-MOV-20D621K,,MOUSER MAKE,Bourns,MOV-20D621K,CIRCUIT PROTECTION,10,62.62,626.2,0,0,112.716,0,0,738.916,0,0,738.916,
457,283089,328014184,26M14184,Mouser,2026-08-17 00:00:00,INFOZEB CONSULTANCY PRIVATE LIMITED,PO-00003,2026-08-06 00:00:00,NORTH,NEW DELHI,RISHABH PANDEY,Om,771-PESD1CAN-T/R,,MOUSER MAKE,Nexperia,"PESD1CAN,215",DISCRET,40,56.85,2274,0,0,409.32,0,0,2683.32,0,0,2683.32,
458,283089,328014184,26M14184,Mouser,2026-08-17 00:00:00,INFOZEB CONSULTANCY PRIVATE LIMITED,PO-00003,2026-08-06 00:00:00,NORTH,NEW DELHI,RISHABH PANDEY,Om,815-ABM38192B4YT,,MOUSER MAKE,ABRACON,ABM3-8.192MHZ-B4Y-T,PASSIVE,20,50.16,1003.2,0,0,180.576,0,0,1183.776,0,0,1183.776,
459,283089,328014184,26M14184,Mouser,2026-08-17 00:00:00,INFOZEB CONSULTANCY PRIVATE LIMITED,PO-00003,2026-08-06 00:00:00,NORTH,NEW DELHI,RISHABH PANDEY,Om,771-TJA1051T/3/1J,,MOUSER MAKE,NXP,TJA1051T/3/1J,INTEGRATED CIRCUIT,40,112.27,4490.8,0,0,808.344,0,0,5299.144,0,0,5299.144,
460,283089,328014184,26M14184,Mouser,2026-08-17 00:00:00,INFOZEB CONSULTANCY PRIVATE LIMITED,PO-00003,2026-08-06 00:00:00,NORTH,NEW DELHI,RISHABH PANDEY,Om,871-B82789C0513N002,,MOUSER MAKE,EPCOS / TDK,B82789C0513N002,PASSIVE,40,116.39,4655.6,0,0,838.008,0,0,5493.608,0,0,5493.608,
461,283089,328014184,26M14184,Mouser,2026-08-17 00:00:00,INFOZEB CONSULTANCY PRIVATE LIMITED,PO-00003,2026-08-06 00:00:00,NORTH,NEW DELHI,RISHABH PANDEY,Om,815-ABLS2-8.1-D4Y-T,,MOUSER MAKE,ABRACON,ABLS2-8.192MHZ-D4Y-T,PASSIVE,20,27.5,550,0,0,99,0,0,649,0,0,649,
462,283096,328014189,26M14189,Mouser,2026-08-17 00:00:00,ALLENGERS GLOBAL HEALTHCARE  DERABASSI,GB-DB-PUR-26-27-00951,2026-08-05 00:00:00,NORTH,NEW DELHI,MAHESH KUMAR MITTAL,Abha,523-905-120-5004,4633,MOUSER MAKE,Amphenol Fiber Optics,905-120-5004,OPT,100,630.27,63027,0,0,11344.86,0,0,74371.86,0,0,74371.86,
463,283097,328014190,26M14190,Mouser,2026-08-17 00:00:00,SECURITAS ENGINEERS,SE/SETPL/PO/26-27/01,2026-08-05 00:00:00,NORTH,NEW DELHI,ABHISHEKH CHOUDHARY,Abha,651-1663255,,MOUSER MAKE,Phoenix Contact,1663255,CONNECTOR,150,254.82,38223,0,0,6880.14,0,0,45103.14,0,0,45103.14,
464,283124,328014213,26M14213,Mouser,2026-08-17 00:00:00,NSQUARE SERVICES,Email :,2026-08-10 00:00:00,NORTH,GUJARAT,HARSH DOSHI,Poonam Kashyap,80-R474R333050A2KV57,,MOUSER MAKE,KEMET,R474R333050A2K V057,PASSIVE,5,186.85,934.25,0,0,168.165,0,0,1102.415,0,0,1102.415,
465,283133,328014221,26M14221,Mouser,2026-08-17 00:00:00,RUDRA ELECTRICAL & ENGINEERING,Email :,2026-08-07 00:00:00,NORTH,NEW DELHI,RISHABH PANDEY,Om,579-DI3AK512MPS506IM,,MOUSER MAKE,Microchip,dsPIC33AK512MPS506-I/M7,EMBED,1,369.51,369.51,0,0,66.5118,0,0,436.0218,0,0,436.0218,
466,283133,328014221,26M14221,Mouser,2026-08-17 00:00:00,RUDRA ELECTRICAL & ENGINEERING,Email :,2026-08-07 00:00:00,NORTH,NEW DELHI,RISHABH PANDEY,Om,579-128MC105-I/PT,,MOUSER MAKE,Microchip,dsPIC33AK128MC105-I/PT,EMBED,2,226,452,0,0,81.36,0,0,533.36,0,0,533.36,
467,283133,328014221,26M14221,Mouser,2026-08-17 00:00:00,RUDRA ELECTRICAL & ENGINEERING,Email :,2026-08-07 00:00:00,NORTH,NEW DELHI,RISHABH PANDEY,Om,603-RT0805BRD071RL,,MOUSER MAKE,Yageo,RT0805B RD071RL,PASSIVE,11,7.52,82.72,0,0,14.8896,0,0,97.6096,0,0,97.6096,
468,283133,328014221,26M14221,Mouser,2026-08-17 00:00:00,RUDRA ELECTRICAL & ENGINEERING,Email :,2026-08-07 00:00:00,NORTH,NEW DELHI,RISHABH PANDEY,Om,579-EV17P63A,,MOUSER MAKE,Microchip,EV17P63A,TOOLS,1,1145.82,1145.82,0,0,206.2476,0,0,1352.0676,0,0,1352.0676,
469,283133,328014221,26M14221,Mouser,2026-08-17 00:00:00,RUDRA ELECTRICAL & ENGINEERING,Email :,2026-08-07 00:00:00,NORTH,NEW DELHI,RISHABH PANDEY,Om,579-DI3AK512MPS505IT,,MOUSER MAKE,Microchip,dsPIC33AK512MPS505-I/PT,EMBED,2,353.69,707.38,0,0,127.3284,0,0,834.7084,0,0,834.7084,
470,283204,328014283,26M14283,Mouser,2026-08-18 00:00:00,ELECTRIFY ENERGY PRIVATE LIMITED,DOM/G/26/145,2026-08-07 00:00:00,NORTH,GUJARAT,HARSH DOSHI,Poonam Kashyap,603-C0603BRNPO9BN3R9,EEC001182,MOUSER MAKE,Yageo,CC0603BRNPO9BN3R9,PASSIVE,200,3.44,688,0,0,123.84,0,0,811.84,0,0,811.84,
471,283204,328014283,26M14283,Mouser,2026-08-18 00:00:00,ELECTRIFY ENERGY PRIVATE LIMITED,DOM/G/26/145,2026-08-07 00:00:00,NORTH,GUJARAT,HARSH DOSHI,Poonam Kashyap,603-CC603CRNPO9BN1R8,EEC001181,MOUSER MAKE,YAGEO,CC0603CRNPO9BN1R8,PASSIVE,200,2.43,486,0,0,87.48,0,0,573.48,0,0,573.48,
472,283213,328014290,26M14290,Mouser,2026-08-18 00:00:00,ICHIBAN ELECTRONICS,IB23002,2026-08-07 00:00:00,NORTH,NEW DELHI,RAJIV ANAND,Palak,603-AC1206FR-071R2L,,MOUSER MAKE,YAGEO,AC1206FR-071R2L,PASSIVE,1050,2.75,2887.5,0,0,519.75,0,0,3407.25,0,0,3407.25,
473,283213,328014290,26M14290,Mouser,2026-08-18 00:00:00,ICHIBAN ELECTRONICS,IB23002,2026-08-07 00:00:00,NORTH,NEW DELHI,RAJIV ANAND,Palak,81-GCM155R71H102KA7D,,MOUSER MAKE,Murata,GCM155R71H102KA37D,PASSIVE,350,1.44,504,0,0,90.72,0,0,594.72,0,0,594.72,
474,283213,328014290,26M14290,Mouser,2026-08-18 00:00:00,ICHIBAN ELECTRONICS,IB23002,2026-08-07 00:00:00,NORTH,NEW DELHI,RAJIV ANAND,Palak,603-AC0402KR9BB103,,MOUSER MAKE,YAGEO,AC0402KRX7R9BB103,PASSIVE,350,1.85,647.5,0,0,116.55,0,0,764.05,0,0,764.05,
475,283213,328014290,26M14290,Mouser,2026-08-18 00:00:00,ICHIBAN ELECTRONICS,IB23002,2026-08-07 00:00:00,NORTH,NEW DELHI,RAJIV ANAND,Palak,80-C0805J222K1RAUTO,,MOUSER MAKE,KEMET,C0805J222K1RACAUTO,PASSIVE,350,17.24,6034,0,0,1086.12,0,0,7120.12,0,0,7120.12,
476,283213,328014290,26M14290,Mouser,2026-08-18 00:00:00,ICHIBAN ELECTRONICS,IB23002,2026-08-07 00:00:00,NORTH,NEW DELHI,RAJIV ANAND,Palak,603-AC0603FR-07200RL,,MOUSER MAKE,Yageo,AC0603FR-07200RL,PASSIVE,350,0.93,325.5,0,0,58.59,0,0,384.09,0,0,384.09,
477,283213,328014290,26M14290,Mouser,2026-08-18 00:00:00,ICHIBAN ELECTRONICS,IB23002,2026-08-07 00:00:00,NORTH,NEW DELHI,RAJIV ANAND,Palak,81-BLM31KN801SZ1L,,MOUSER MAKE,Murata,BLM31KN801SZ1L,PASSIVE,700,16.16,11312,0,0,2036.16,0,0,13348.16,0,0,13348.16,
478,283213,328014290,26M14290,Mouser,2026-08-18 00:00:00,ICHIBAN ELECTRONICS,IB23002,2026-08-07 00:00:00,NORTH,NEW DELHI,RAJIV ANAND,Palak,71-CRCW1206-1.5-E3,,MOUSER MAKE,Vishay,CRCW12061R50FKEA,PASSIVE,350,2.78,973,0,0,175.14,0,0,1148.14,0,0,1148.14,
479,283213,328014290,26M14290,Mouser,2026-08-18 00:00:00,ICHIBAN ELECTRONICS,IB23002,2026-08-07 00:00:00,NORTH,NEW DELHI,RAJIV ANAND,Palak,863-NYC228STT1G,,MOUSER MAKE,Littelfuse,NYC228STT1G,DISCRET,350,47.23,16530.5,0,0,2975.49,0,0,19505.99,0,0,19505.99,
480,283219,328014295,26M14295,Mouser,2026-08-18 00:00:00,METAINTENT PRIVATE LIMITED,MPL-PO-077,2026-08-10 00:00:00,NORTH,NEW DELHI,ARPIT SINGH,Palak,637-1N4007GP,,MOUSER MAKE,Diotec Semiconductor,1N4007GP,DISCRET,150,6.49,973.5,0,0,175.23,0,0,1148.73,0,0,1148.73,
481,283240,328014312,26M14312,Mouser,2026-08-18 00:00:00,UNIVERSAL INDUSTRIES,Email :,2026-08-10 00:00:00,NORTH,AHMEDABAD,HARSH DOSHI,Poonam Kashyap,968-ISL32498EIUZ,,MOUSER MAKE,Renesas Electronics,ISL32498EIUZ,INTEGRATED CIRCUIT,50,251.49,12574.5,0,0,2263.41,0,0,14837.91,0,0,14837.91,
482,283277,328014345,26M14345,Mouser,2026-08-18 00:00:00,ALTEEM TECH PRIVATE LIMITED,PO822,2026-07-30 00:00:00,NORTH,AHMEDABAD,HARSH DOSHI,Poonam Kashyap,579-MCP6022-I/SN,,MOUSER MAKE,Microchip,MCP6022-I/SN,INTEGRATED CIRCUIT,100,183.6,18360,0,0,3304.8,0,0,21664.8,0,0,21664.8,
483,283280,328014348,26M14348,Mouser,2026-08-18 00:00:00,AZISTA INDUSTRIES PRIVATE LIMITED,4500015904,2026-08-06 00:00:00,NORTH,AHMEDABAD,HARSH DOSHI,Poonam Kashyap,701-SP3075EEN-L,25000662,MOUSER MAKE,MaxLinear,SP3075EEN-L,INTEGRATED CIRCUIT,166,63.14,10481.24,0,0,1886.6232,0,0,12367.8632,0,0,12367.8632,
484,283280,328014348,26M14348,Mouser,2026-08-18 00:00:00,AZISTA INDUSTRIES PRIVATE LIMITED,4500015904,2026-08-06 00:00:00,NORTH,AHMEDABAD,HARSH DOSHI,Poonam Kashyap,863-BAT54HT1G,25002943,MOUSER MAKE,ON Semiconductor,BAT54HT1G,DISCRET,1200,3.57,4284,0,0,771.12,0,0,5055.12,0,0,5055.12,
485,283280,328014348,26M14348,Mouser,2026-08-18 00:00:00,AZISTA INDUSTRIES PRIVATE LIMITED,4500015904,2026-08-06 00:00:00,NORTH,AHMEDABAD,HARSH DOSHI,Poonam Kashyap,726-TLS810B1EJV33XUM,25000912,MOUSER MAKE,Infineon,TLS810B1EJV33XUMA1,INTEGRATED CIRCUIT,100,84.66,8466,0,0,1523.88,0,0,9989.88,0,0,9989.88,
486,283280,328014348,26M14348,Mouser,2026-08-18 00:00:00,AZISTA INDUSTRIES PRIVATE LIMITED,4500015904,2026-08-06 00:00:00,NORTH,AHMEDABAD,HARSH DOSHI,Poonam Kashyap,726-TLS810D1EJV33XUM,25003636,MOUSER MAKE,Infineon,TLS810D1EJV33XUMA1,INTEGRATED CIRCUIT,20,110.16,2203.2,0,0,396.576,0,0,2599.776,0,0,2599.776,
487,283280,328014348,26M14348,Mouser,2026-08-18 00:00:00,AZISTA INDUSTRIES PRIVATE LIMITED,4500015904,2026-08-06 00:00:00,NORTH,AHMEDABAD,HARSH DOSHI,Poonam Kashyap,621-SMBJ40CA-13-F,25000464,MOUSER MAKE,Diodes Incorporated,SMBJ40CA-13-F,DISCRET,450,22.14,9963,0,0,1793.34,0,0,11756.34,0,0,11756.34,
488,283281,328014349,26M14349,Mouser,2026-08-18 00:00:00,BRIGHT CIRKIT,E-Mail :,2026-08-07 00:00:00,NORTH,AHMEDABAD,HARSH DOSHI,Poonam Kashyap,542-5300-21-RC,,MOUSER MAKE,Bourns,5300-21-RC,PASSIVE,10,100.57,1005.7,0,0,181.026,0,0,1186.726,0,0,1186.726,
489,283281,328014349,26M14349,Mouser,2026-08-18 00:00:00,BRIGHT CIRKIT,E-Mail :,2026-08-07 00:00:00,NORTH,AHMEDABAD,HARSH DOSHI,Poonam Kashyap,871-B32656S0125K565,,MOUSER MAKE,TDK,B32656S0125K565,PASSIVE,1,1265.53,1265.53,0,0,227.7954,0,0,1493.3254,0,0,1493.3254,
490,283281,328014349,26M14349,Mouser,2026-08-18 00:00:00,BRIGHT CIRKIT,E-Mail :,2026-08-07 00:00:00,NORTH,AHMEDABAD,HARSH DOSHI,Poonam Kashyap,755-PDZVTR10B,,MOUSER MAKE,ROHM Semiconductor,PDZVTR10B,DISCRET,20,39.09,781.8,0,0,140.724,0,0,922.524,0,0,922.524,
491,283282,328014350,26M14350,Mouser,2026-08-18 00:00:00,HITACHI HI-REL POWER ELECTRONICS PRIVATE LIMITED,PO/SRND2627/00174,2026-08-03 00:00:00,NORTH,GUJARAT,HARSH DOSHI,Poonam Kashyap,603-RC1206FR-07150KL,21B0W0010150K016133L,MOUSER MAKE,Yageo,RC1206FR-07150KL,PASSIVE,160,1.74,278.4,0,0,50.112,0,0,328.512,0,0,328.512,
492,283283,328014351,26M14351,Mouser,2026-08-18 00:00:00,HITACHI HI-REL POWER ELECTRONICS PRIVATE LIMITED,PO/SRND2627/00173,2026-08-03 00:00:00,NORTH,GUJARAT,HARSH DOSHI,Poonam Kashyap,187-CL21C101JCANNNC,03800100P01000G5R01L,MOUSER MAKE,Samsung Electro-Mechanics,CL21C101JCANNNC,PASSIVE,5,10.2,51,0,0,9.18,0,0,60.18,0,0,60.18,
493,283283,328014351,26M14351,Mouser,2026-08-18 00:00:00,HITACHI HI-REL POWER ELECTRONICS PRIVATE LIMITED,PO/SRND2627/00173,2026-08-03 00:00:00,NORTH,GUJARAT,HARSH DOSHI,Poonam Kashyap,187-CL21B104KCFNNNE,0380100KP01000R1001L,MOUSER MAKE,Samsung Electro-Mechanics,CL21B104KCFNNNE,PASSIVE,300,2.45,735,0,0,132.3,0,0,867.3,0,0,867.3,
494,283283,328014351,26M14351,Mouser,2026-08-18 00:00:00,HITACHI HI-REL POWER ELECTRONICS PRIVATE LIMITED,PO/SRND2627/00173,2026-08-03 00:00:00,NORTH,GUJARAT,HARSH DOSHI,Poonam Kashyap,571-624091,05000000074900001R4L,MOUSER MAKE,TE Connectivity,62409-1,PASSIVE,10,19.27,192.7,0,0,34.686,0,0,227.386,0,0,227.386,
495,283284,328014352,26M14352,Mouser,2026-08-18 00:00:00,ADVANCE CIRCUIT DEVELOPMENT CENTRE,E-Mail,2026-08-05 00:00:00,NORTH,GUJARAT,HARSH DOSHI,Poonam Kashyap,306-B2BPHSM4TBLFSN,,MOUSER MAKE,JST,B2B-PH-SM4-TB(LF)(SN),CONNECTOR,300,33.94,10182,0,0,1832.76,0,0,12014.76,0,0,12014.76,
496,283284,328014352,26M14352,Mouser,2026-08-18 00:00:00,ADVANCE CIRCUIT DEVELOPMENT CENTRE,E-Mail,2026-08-05 00:00:00,NORTH,GUJARAT,HARSH DOSHI,Poonam Kashyap,575-032701515,,MOUSER MAKE,Mill-Max,0327-0-15-15-34-27-10-0,CONNECTOR,250,61.72,15430,0,0,2777.4,0,0,18207.4,0,0,18207.4,
497,283285,328014353,26M14353,Mouser,2026-08-18 00:00:00,ADCO CONTROLS,E-Mail,2026-08-05 00:00:00,NORTH,AHMEDABAD,HARSH DOSHI,Poonam Kashyap,81-GRM21BC81H475KE1L,,MOUSER MAKE,Murata,GRM21BC81H475KE11L,PASSIVE,6000,5.92,35520,0,0,6393.6,0,0,41913.6,0,0,41913.6,
498,283286,328014354,26M14354,Mouser,2026-08-18 00:00:00,HANNING MOTORS INDIA PVT LTD,PO/MAT/26-27/00192,2026-08-05 00:00:00,NORTH,GUJARAT,HARSH DOSHI,Poonam Kashyap,603-RC0805FR-072R74L,4300029,MOUSER MAKE,YAGEO,RC0805FR-072R74L,PASSIVE,100,1.84,184,0,0,33.12,0,0,217.12,0,0,217.12,
499,283286,328014354,26M14354,Mouser,2026-08-18 00:00:00,HANNING MOTORS INDIA PVT LTD,PO/MAT/26-27/00192,2026-08-05 00:00:00,NORTH,GUJARAT,HARSH DOSHI,Poonam Kashyap,771-PBSS4350T-QR,4300029,MOUSER MAKE,Nexperia,PBSS4350T-QR,DISCRET,20,43.25,865,0,0,155.7,0,0,1020.7,0,0,1020.7,
500,283310,328014377,26M14377,Mouser,2026-08-18 00:00:00,ERHARDT+LEIMER (INDIA) PVT LTD,4500894662,2026-08-10 00:00:00,NORTH,AHMEDABAD,HARSH DOSHI,Poonam Kashyap,651-1694101,,MOUSER MAKE,Phoenix Contact,1694101,WIRE,2,2885.12,5770.24,0,0,1038.6432,0,0,6808.8832,0,0,6808.8832,
501,283312,328014379,26M14379,Mouser,2026-08-18 00:00:00,CONTROL PRINT LTD,14124164,2026-08-07 00:00:00,NORTH,NEW DELHI,MAHESH KUMAR MITTAL,Abha,71-CSM2512S0R1000BBT,,MOUSER MAKE,Vishay Precision Group,Y44870R10000B0R,PASSIVE,4,2910.78,11643.12,0,0,2095.7616,0,0,13738.8816,0,0,13738.8816,
502,283327,328014388,26M14388,Mouser,2026-08-18 00:00:00,DI AERO PRIVATE LIMITED,DIA/PO/FY26-27/103,2026-08-10 00:00:00,NORTH,NEW DELHI,RISHABH PANDEY,Om,615-9140,,MOUSER MAKE,B&K Precision,9140,TEST,1,227550,227550,0,0,40959,0,0,268509,0,0,268509,
503,283332,328014392,26M14392,Mouser,2026-08-18 00:00:00,SYSTEM LEVEL SOLUTIONS (INDIA) PVT. LTD.,DPO20260807-E,2026-08-07 00:00:00,NORTH,GUJARAT,HARSH DOSHI,Poonam Kashyap,791-0201X104K160CT,CAP1939,MOUSER MAKE,Walsin,0201X104K160CT,PASSIVE,2500,0.62,1550,0,0,279,0,0,1829,0,0,1829,
504,283332,328014392,26M14392,Mouser,2026-08-18 00:00:00,SYSTEM LEVEL SOLUTIONS (INDIA) PVT. LTD.,DPO20260807-E,2026-08-07 00:00:00,NORTH,GUJARAT,HARSH DOSHI,Poonam Kashyap,603-BK600-160-SY,VAR0094,MOUSER MAKE,YAGEO,BK600-160-SY,CIRCUIT PROTECTION,110,60.37,6640.7,0,0,1195.326,0,0,7836.026,0,0,7836.026,
505,283332,328014392,26M14392,Mouser,2026-08-18 00:00:00,SYSTEM LEVEL SOLUTIONS (INDIA) PVT. LTD.,DPO20260807-E,2026-08-07 00:00:00,NORTH,GUJARAT,HARSH DOSHI,Poonam Kashyap,873-SKY66122-11,RFI0445,MOUSER MAKE,Skyworks,SKY66122-11,INTEGRATED CIRCUIT,1700,208.08,353736,0,0,63672.48,0,0,417408.48,0,0,417408.48,
506,283332,328014392,26M14392,Mouser,2026-08-18 00:00:00,SYSTEM LEVEL SOLUTIONS (INDIA) PVT. LTD.,DPO20260807-E,2026-08-07 00:00:00,NORTH,GUJARAT,HARSH DOSHI,Poonam Kashyap,871-Z62000Z2310Z18,VAR0096,MOUSER MAKE,TDK,Z62000Z2310Z18,CIRCUIT PROTECTION,202,85.48,17266.96,0,0,3108.0528,0,0,20375.0128,0,0,20375.0128,
507,283332,328014392,26M14392,Mouser,2026-08-18 00:00:00,SYSTEM LEVEL SOLUTIONS (INDIA) PVT. LTD.,DPO20260807-E,2026-08-07 00:00:00,NORTH,GUJARAT,HARSH DOSHI,Poonam Kashyap,810-C3216X7R1E685K,CAP2017,MOUSER MAKE,TDK,C3216X7R1E685K160AB,PASSIVE,50,34.58,1729,0,0,311.22,0,0,2040.22,0,0,2040.22,
508,283379,328014422,26M14422,Mouser,2026-08-19 00:00:00,CAPITAL POWER SYSTEMS LTD,U2-141,2026-08-17 00:00:00,NORTH,NEW DELHI,KULDEEP KUMAR,Poonam Kashyap,603-CC201MRX5R5BB474,,MOUSER MAKE,YAGEO,CC0201MRX5R5BB474,PASSIVE,2000,2.83,5660,0,0,1018.8,0,0,6678.8,0,0,6678.8,
509,283379,328014422,26M14422,Mouser,2026-08-19 00:00:00,CAPITAL POWER SYSTEMS LTD,U2-141,2026-08-17 00:00:00,NORTH,NEW DELHI,KULDEEP KUMAR,Poonam Kashyap,968-AT25EU0081-MAUNT,,MOUSER MAKE,Renesas / Dialog,AT25EU0081A-MAUN-T,INTEGRATED CIRCUIT,1000,56.96,56960,0,0,10252.8,0,0,67212.8,0,0,67212.8,
510,283381,328014424,26M14424,Mouser,2026-08-19 00:00:00,INTEGRA ENGINEERING INDIA LIMITED,PO26-27IPOL316,2026-07-31 00:00:00,NORTH,GUJARAT,HARSH DOSHI,Poonam Kashyap,630-HLMP-EL10-13K00,ILEDSIG00090,MOUSER MAKE,Broadcom Limited,HLMP-EL10-13K00,OPT,6223,33.8,210337.4,0,0,37860.732,0,0,248198.132,0,0,248198.132,
511,283382,328014425,26M14425,Mouser,2026-08-19 00:00:00,AIMTRON ELECTRONICS LTD,18044,2026-08-04 00:00:00,NORTH,GUJARAT,HARSH DOSHI,Poonam Kashyap,810-CGA5L7R2A475K160,,MOUSER MAKE,TDK,CGA5L1X7R2A475K160AC,PASSIVE,400,46.01,18404,0,0,3312.72,0,0,21716.72,0,0,21716.72,
512,283382,328014425,26M14425,Mouser,2026-08-19 00:00:00,AIMTRON ELECTRONICS LTD,18044,2026-08-04 00:00:00,NORTH,GUJARAT,HARSH DOSHI,Poonam Kashyap,810-C2012X5R2A475K12,,MOUSER MAKE,TDK,C2012X5R2A475K125AC,PASSIVE,100,39.17,3917,0,0,705.06,0,0,4622.06,0,0,4622.06,
513,283384,328014427,26M14427,Mouser,2026-08-19 00:00:00,AIMTRON ELECTRONICS LTD,18042,2026-08-10 00:00:00,NORTH,GUJARAT,HARSH DOSHI,Poonam Kashyap,495-TBA2-2411,,MOUSER MAKE,TRACO Power,TBA 2-2411,POWER,52,467.04,24286.08,0,0,4371.4944,0,0,28657.5744,0,0,28657.5744,
514,283384,328014427,26M14427,Mouser,2026-08-19 00:00:00,AIMTRON ELECTRONICS LTD,18042,2026-08-10 00:00:00,NORTH,GUJARAT,HARSH DOSHI,Poonam Kashyap,608-SM3X12MM-2701,,MOUSER MAKE,APM HEXSEAL,SM3X12MM-2701,ELECTRO MECHANICAL,310,63.18,19585.8,0,0,3525.444,0,0,23111.244,0,0,23111.244,
515,283384,328014427,26M14427,Mouser,2026-08-19 00:00:00,AIMTRON ELECTRONICS LTD,18042,2026-08-10 00:00:00,NORTH,GUJARAT,HARSH DOSHI,Poonam Kashyap,534-29328,,MOUSER MAKE,Keystone Electronics,29328,ELECTRO MECHANICAL,70,66.17,4631.9,0,0,833.742,0,0,5465.642,0,0,5465.642,
516,283384,328014427,26M14427,Mouser,2026-08-19 00:00:00,AIMTRON ELECTRONICS LTD,18042,2026-08-10 00:00:00,NORTH,GUJARAT,HARSH DOSHI,Poonam Kashyap,470-1627100000,,MOUSER MAKE,Weidmuller,1627100000,CONNECTOR,69,364,25116,0,0,4520.88,0,0,29636.88,0,0,29636.88,
517,283408,328014450,26M14450,Mouser,2026-08-19 00:00:00,SOHAL ELECTRIC WORKS-CHG,E-Mail,2026-08-04 00:00:00,NORTH,CHANDIGARH,RISHABH PANDEY,Om,580-50105AC,,MOUSER MAKE,Murata,50105AC,PASSIVE,100,70.17,7017,0,0,1263.06,0,0,8280.06,0,0,8280.06,
518,283408,328014450,26M14450,Mouser,2026-08-19 00:00:00,SOHAL ELECTRIC WORKS-CHG,E-Mail,2026-08-04 00:00:00,NORTH,CHANDIGARH,RISHABH PANDEY,Om,579-PIC33CK256MP508E,,MOUSER MAKE,Microchip,dsPIC33CK256MP508-E/PT,INTEGRATED CIRCUIT,3,296.6,889.8,0,0,160.164,0,0,1049.964,0,0,1049.964,
519,283413,328014454,26M14454,Mouser,2026-08-19 00:00:00,ZYNERION SMARTSYS PRIVATE LIMITED,Email :,2026-08-11 00:00:00,NORTH,GUJARAT,HARSH DOSHI,Poonam Kashyap,603-AC0603FR-0733KL,,MOUSER MAKE,YAGEO,AC0603FR-0733KL,PASSIVE,10,1.42,14.2,0,0,2.556,0,0,16.756,0,0,16.756,
520,283413,328014454,26M14454,Mouser,2026-08-19 00:00:00,ZYNERION SMARTSYS PRIVATE LIMITED,Email :,2026-08-11 00:00:00,NORTH,GUJARAT,HARSH DOSHI,Poonam Kashyap,538-215932-0370,,MOUSER MAKE,Molex,215932-0370,CONNECTOR,5,115.44,577.2,0,0,103.896,0,0,681.096,0,0,681.096,
521,283413,328014454,26M14454,Mouser,2026-08-19 00:00:00,ZYNERION SMARTSYS PRIVATE LIMITED,Email :,2026-08-11 00:00:00,NORTH,GUJARAT,HARSH DOSHI,Poonam Kashyap,603-AC0603FR-07510KL,,MOUSER MAKE,YAGEO,AC0603FR-07510KL,PASSIVE,10,1.22,12.2,0,0,2.196,0,0,14.396,0,0,14.396,
522,283413,328014454,26M14454,Mouser,2026-08-19 00:00:00,ZYNERION SMARTSYS PRIVATE LIMITED,Email :,2026-08-11 00:00:00,NORTH,GUJARAT,HARSH DOSHI,Poonam Kashyap,71-CRCW0603-0-E3,,MOUSER MAKE,Vishay,CRCW06030000Z0EA,PASSIVE,10,1.22,12.2,0,0,2.196,0,0,14.396,0,0,14.396,
523,283413,328014454,26M14454,Mouser,2026-08-19 00:00:00,ZYNERION SMARTSYS PRIVATE LIMITED,Email :,2026-08-11 00:00:00,NORTH,GUJARAT,HARSH DOSHI,Poonam Kashyap,667-ERJ-14BQFR39U,,MOUSER MAKE,Panasonic,ERJ-14BQFR39U,PASSIVE,10,22.53,225.3,0,0,40.554,0,0,265.854,0,0,265.854,
524,283413,328014454,26M14454,Mouser,2026-08-19 00:00:00,ZYNERION SMARTSYS PRIVATE LIMITED,Email :,2026-08-11 00:00:00,NORTH,GUJARAT,HARSH DOSHI,Poonam Kashyap,963-UMK316B7105KLHT,,MOUSER MAKE,Taiyo Yuden,UMK316B7105KLHT,PASSIVE,10,12.63,126.3,0,0,22.734,0,0,149.034,0,0,149.034,
525,283413,328014454,26M14454,Mouser,2026-08-19 00:00:00,ZYNERION SMARTSYS PRIVATE LIMITED,Email :,2026-08-11 00:00:00,NORTH,GUJARAT,HARSH DOSHI,Poonam Kashyap,80-C0805C102K5HAUTO,,MOUSER MAKE,KEMET,C0805C102K5HACAUTO,PASSIVE,10,5.66,56.6,0,0,10.188,0,0,66.788,0,0,66.788,
526,283413,328014454,26M14454,Mouser,2026-08-19 00:00:00,ZYNERION SMARTSYS PRIVATE LIMITED,Email :,2026-08-11 00:00:00,NORTH,GUJARAT,HARSH DOSHI,Poonam Kashyap,80-C0603C101K5RAULR,,MOUSER MAKE,KEMET,C0603C101K5RACAUTO7411,PASSIVE,10,4.85,48.5,0,0,8.73,0,0,57.23,0,0,57.23,
527,283413,328014454,26M14454,Mouser,2026-08-19 00:00:00,ZYNERION SMARTSYS PRIVATE LIMITED,Email :,2026-08-11 00:00:00,NORTH,GUJARAT,HARSH DOSHI,Poonam Kashyap,187-CL31B475KBHVPNE,,MOUSER MAKE,Samsung Electro-Mechanics,CL31B475KBHVPNE,PASSIVE,20,36.87,737.4,0,0,132.732,0,0,870.132,0,0,870.132,
528,283413,328014454,26M14454,Mouser,2026-08-19 00:00:00,ZYNERION SMARTSYS PRIVATE LIMITED,Email :,2026-08-11 00:00:00,NORTH,GUJARAT,HARSH DOSHI,Poonam Kashyap,660-RK73H2BTTD5R10F,,MOUSER MAKE,KOA Speer,RK73H2BTTD5R10F,PASSIVE,10,2.83,28.3,0,0,5.094,0,0,33.394,0,0,33.394,
529,283413,328014454,26M14454,Mouser,2026-08-19 00:00:00,ZYNERION SMARTSYS PRIVATE LIMITED,Email :,2026-08-11 00:00:00,NORTH,GUJARAT,HARSH DOSHI,Poonam Kashyap,187-CL21B684KBFVPNE,,MOUSER MAKE,Samsung Electro-Mechanics,CL21B684KBFVPNE,PASSIVE,10,12.02,120.2,0,0,21.636,0,0,141.836,0,0,141.836,
530,283413,328014454,26M14454,Mouser,2026-08-19 00:00:00,ZYNERION SMARTSYS PRIVATE LIMITED,Email :,2026-08-11 00:00:00,NORTH,GUJARAT,HARSH DOSHI,Poonam Kashyap,603-AC0603FR-0710KL,,MOUSER MAKE,Yageo,AC0603FR-0710KL,PASSIVE,15,1.22,18.3,0,0,3.294,0,0,21.594,0,0,21.594,
531,283413,328014454,26M14454,Mouser,2026-08-19 00:00:00,ZYNERION SMARTSYS PRIVATE LIMITED,Email :,2026-08-11 00:00:00,NORTH,GUJARAT,HARSH DOSHI,Poonam Kashyap,187-CL10B104KB85PNL,,MOUSER MAKE,Samsung Electro-Mechanics,CL10B104KB85PNL,PASSIVE,65,3.24,210.6,0,0,37.908,0,0,248.508,0,0,248.508,
532,283413,328014454,26M14454,Mouser,2026-08-19 00:00:00,ZYNERION SMARTSYS PRIVATE LIMITED,Email :,2026-08-11 00:00:00,NORTH,GUJARAT,HARSH DOSHI,Poonam Kashyap,538-502352-0400,,MOUSER MAKE,Molex,502352-0400,CONNECTOR,5,184.26,921.3,0,0,165.834,0,0,1087.134,0,0,1087.134,
533,283413,328014454,26M14454,Mouser,2026-08-19 00:00:00,ZYNERION SMARTSYS PRIVATE LIMITED,Email :,2026-08-11 00:00:00,NORTH,GUJARAT,HARSH DOSHI,Poonam Kashyap,708-RMCF1206FT10K0,,MOUSER MAKE,SEI Stackpole,RMCF1206FT10K0,PASSIVE,10,1.92,19.2,0,0,3.456,0,0,22.656,0,0,22.656,
534,283413,328014454,26M14454,Mouser,2026-08-19 00:00:00,ZYNERION SMARTSYS PRIVATE LIMITED,Email :,2026-08-11 00:00:00,NORTH,GUJARAT,HARSH DOSHI,Poonam Kashyap,810-CGA3E2X7R1H103K,,MOUSER MAKE,TDK,CGA3E2X7R1H103K080AA,PASSIVE,40,2.73,109.2,0,0,19.656,0,0,128.856,0,0,128.856,
535,283420,328014461,26M14461,Mouser,2026-08-19 00:00:00,STESALIT LIMITED,810001434,2026-08-08 00:00:00,NORTH,NEW DELHI,RISHABH PANDEY,Neha Chauhan,595-NA555P,,MOUSER MAKE,Texas Instruments,NA555P,INTEGRATED CIRCUIT,500,23.59,11795,0,0,2123.1,0,0,13918.1,0,0,13918.1,
536,283435,328014475,26M14475,Mouser,2026-08-19 00:00:00,CONTROL PRINT LTD,14124178,2026-08-08 00:00:00,NORTH,NEW DELHI,MAHESH KUMAR MITTAL,Abha,80-T495C107K16ATE200,,MOUSER MAKE,KEMET,T495C107K016ATE200,PASSIVE,1000,84.77,84770,0,0,15258.6,0,0,100028.6,0,0,100028.6,
537,283435,328014475,26M14475,Mouser,2026-08-19 00:00:00,CONTROL PRINT LTD,14124178,2026-08-08 00:00:00,NORTH,NEW DELHI,MAHESH KUMAR MITTAL,Abha,637-1.5KE39A,,MOUSER MAKE,Diotec Semiconductor,1.5KE39A,CIRCUIT PROTECTION,600,24.1,14460,0,0,2602.8,0,0,17062.8,0,0,17062.8,
538,283435,328014475,26M14475,Mouser,2026-08-19 00:00:00,CONTROL PRINT LTD,14124178,2026-08-08 00:00:00,NORTH,NEW DELHI,MAHESH KUMAR MITTAL,Abha,810-C1608X7R1E103K,,MOUSER MAKE,TDK,C1608X7R1E103K080AA,PASSIVE,8000,1.55,12400,0,0,2232,0,0,14632,0,0,14632,
539,283435,328014475,26M14475,Mouser,2026-08-19 00:00:00,CONTROL PRINT LTD,14124178,2026-08-08 00:00:00,NORTH,NEW DELHI,MAHESH KUMAR MITTAL,Abha,81-GRM188R71E474KA12,,MOUSER MAKE,Murata,GRM188R71E474KA12D,PASSIVE,4000,1.96,7840,0,0,1411.2,0,0,9251.2,0,0,9251.2,
540,283483,328014511,26M14511,Mouser,2026-08-20 00:00:00,INTEGERSPIN PRIVATE LIMITED,PO/ISPL/260754,2026-08-04 00:00:00,NORTH,NEW DELHI,RISHABH PANDEY,Om,571-282090-1,,MOUSER MAKE,TE CONNECTIVITY,282090-1,CONNECTOR,4,162.72,650.88,0,0,117.1584,0,0,768.0384,0,0,768.0384,
541,283502,328014527,26M14527,Mouser,2026-08-20 00:00:00,APPLIED RESEARCH INTERNATIONAL PRIVATE LIMITED,E-Mail : Bhakar Sengupta,2026-08-07 00:00:00,NORTH,NEW DELHI,RISHABH PANDEY,Om,490-NEMA17231AMT112S,,MOUSER MAKE,CUI Devices,NEMA17-23-01D-AMT112S,ELECTRO MECHANICAL,1,16968.4,16968.4,0,0,3054.312,0,0,20022.712,0,0,20022.712,
542,283511,328014535,26M14535,Mouser,2026-08-20 00:00:00,ALLENGERS GLOBAL HEALTHCARE  DERABASSI,GB-DB-PUR-26-27-01083,2026-08-12 00:00:00,NORTH,NEW DELHI,MAHESH KUMAR MITTAL,Abha,71-CRCW2512-1M-E3,,MOUSER MAKE,Vishay / Dale,CRCW25121M00FKEG,PASSIVE,8000,6.05,48400,0,0,8712,0,0,57112,0,0,57112,
543,283512,328014536,26M14536,Mouser,2026-08-20 00:00:00,STREAMLINE CONTROLS PVT LTD,SL26270474,2026-08-12 00:00:00,NORTH,GUJARAT,HARSH DOSHI,Poonam Kashyap,580-22R474C,,MOUSER MAKE,Murata,22R474C,PASSIVE,5,128.8,644,0,0,115.92,0,0,759.92,0,0,759.92,
544,283512,328014536,26M14536,Mouser,2026-08-20 00:00:00,STREAMLINE CONTROLS PVT LTD,SL26270474,2026-08-12 00:00:00,NORTH,GUJARAT,HARSH DOSHI,Poonam Kashyap,652-RLB0712-471KL,,MOUSER MAKE,Bourns,RLB0712-471KL,PASSIVE,5,32.48,162.4,0,0,29.232,0,0,191.632,0,0,191.632,
545,283512,328014536,26M14536,Mouser,2026-08-20 00:00:00,STREAMLINE CONTROLS PVT LTD,SL26270474,2026-08-12 00:00:00,NORTH,GUJARAT,HARSH DOSHI,Poonam Kashyap,652-RLB0912-471KL,,MOUSER MAKE,Bourns,RLB0912-471KL,PASSIVE,5,41.44,207.2,0,0,37.296,0,0,244.496,0,0,244.496,
546,283512,328014536,26M14536,Mouser,2026-08-20 00:00:00,STREAMLINE CONTROLS PVT LTD,SL26270474,2026-08-12 00:00:00,NORTH,GUJARAT,HARSH DOSHI,Poonam Kashyap,652-RLB0812-471KL,,MOUSER MAKE,Bourns,RLB0812-471KL,PASSIVE,5,35.84,179.2,0,0,32.256,0,0,211.456,0,0,211.456,
547,283512,328014536,26M14536,Mouser,2026-08-20 00:00:00,STREAMLINE CONTROLS PVT LTD,SL26270474,2026-08-12 00:00:00,NORTH,GUJARAT,HARSH DOSHI,Poonam Kashyap,652-RLB0914-471KL,,MOUSER MAKE,Bourns,RLB0914-471KL,PASSIVE,5,42.56,212.8,0,0,38.304,0,0,251.104,0,0,251.104,
548,283521,328014544,26M14544,Mouser,2026-08-20 00:00:00,MOBA MOBILE AUTOMATION I PVT LTD,POL/2627/0836,2026-08-12 00:00:00,NORTH,GUJARAT,DHIRENDRA PANDEY,Poonam Kashyap,829-15324980,,MOUSER MAKE,Aptiv,15324980,CONNECTOR,40,9.9,396,0,0,71.28,0,0,467.28,0,0,467.28,
549,283529,328014552,26M14552,Mouser,2026-08-20 00:00:00,KIMBAL PRIVATE LIMITED-NOIDA,4100000939,2026-08-12 00:00:00,NORTH,NEW DELHI,ARPIT SINGH,Prakash,595-TPS7A2436DBVR,PIS00115000,MOUSER MAKE,Texas Instruments,TPS7A2436DBVR,INTEGRATED CIRCUIT,100,33.23,3323,0,0,598.14,0,0,3921.14,0,0,3921.14,
550,283550,328014571,26M14571,Mouser,2026-08-20 00:00:00,NILE ELECTRONICS,NE813,2026-08-11 00:00:00,NORTH,AHMEDABAD,HARSH DOSHI,Poonam Kashyap,630-ACFL6211T000E,,MOUSER MAKE,Broadcom Limited,ACFL-6211T-000E,OPT,150,466,69900,0,0,12582,0,0,82482,0,0,82482,
551,283586,328014603,26M14603,Mouser,2026-08-20 00:00:00,ELECTROTHERM INDIA LTD,3000265413,2026-07-29 00:00:00,NORTH,GUJARAT,HARSH DOSHI,Poonam Kashyap,81-BNX002-11,510000001970,MOUSER MAKE,Murata,BNX002-11,PASSIVE,50,605.92,30296,0,0,5453.28,0,0,35749.28,0,0,35749.28,
552,283594,328014610,26M14610,Mouser,2026-08-20 00:00:00,ELECTROTHERM INDIA LTD,3000265417,2026-07-29 00:00:00,NORTH,GUJARAT,HARSH DOSHI,Poonam Kashyap,941-C3M0016120K1,,MOUSER MAKE,Wolfspeed,C3M0016120K1,DISCRET,50,1839.06,91953,0,0,16551.54,0,0,108504.54,0,0,108504.54,
553,283596,328014611,26M14611,Mouser,2026-08-20 00:00:00,ELECTROTHERM INDIA LTD,3000264554,2026-07-24 00:00:00,NORTH,GUJARAT,HARSH DOSHI,Poonam Kashyap,511-NUCLEO-H723ZG,510000007805,MOUSER MAKE,STMicroelectronics,NUCLEO-H723ZG,CIRCUIT PROTECTION,2,4571,9142,0,0,1645.56,0,0,10787.56,0,0,10787.56,
554,283597,328014612,26M14612,Mouser,2026-08-20 00:00:00,ELECTROTHERM INDIA LTD,3000263921,2026-07-20 00:00:00,NORTH,GUJARAT,HARSH DOSHI,Poonam Kashyap,603-AC0805KR9BB104,510000008600,MOUSER MAKE,Yageo,AC0805KRX7R9BB104,DISCRET,200,5.82,1164,0,0,209.52,0,0,1373.52,0,0,1373.52,
555,283597,328014612,26M14612,Mouser,2026-08-20 00:00:00,ELECTROTHERM INDIA LTD,3000263921,2026-07-20 00:00:00,NORTH,GUJARAT,HARSH DOSHI,Poonam Kashyap,710-40114005,510000009103,MOUSER MAKE,Wurth Elektronik,40114005,THERMAL,25,1069.81,26745.25,0,0,4814.145,0,0,31559.395,0,0,31559.395,
556,283597,328014612,26M14612,Mouser,2026-08-20 00:00:00,ELECTROTHERM INDIA LTD,3000263921,2026-07-20 00:00:00,NORTH,GUJARAT,HARSH DOSHI,Poonam Kashyap,80-C0805C225K4RECAUT,510000008604,MOUSER MAKE,KEMET,C0805C225K4RECAUTO,PASSIVE,200,10.2,2040,0,0,367.2,0,0,2407.2,0,0,2407.2,
557,283597,328014612,26M14612,Mouser,2026-08-20 00:00:00,ELECTROTHERM INDIA LTD,3000263921,2026-07-20 00:00:00,NORTH,GUJARAT,HARSH DOSHI,Poonam Kashyap,595-UCC21750QDWQ1,510000006345,MOUSER MAKE,Texas Instruments,UCC21750QDWQ1,INTEGRATED CIRCUIT,100,697.68,69768,0,0,12558.24,0,0,82326.24,0,0,82326.24,
558,283603,328014617,26M14617,Mouser,2026-08-20 00:00:00,SPACE APPLICATIONS CENTRE,E-Mail,2026-08-11 00:00:00,NORTH,AHMEDABAD,HARSH DOSHI,Poonam Kashyap,595-CSD18543Q3A,,MOUSER MAKE,Texas Instruments,CSD18543Q3A,DISCRET,10,60.81,608.1,0,0,109.458,0,0,717.558,0,0,717.558,
559,283605,328014619,26M14619,Mouser,2026-08-20 00:00:00,JNS INSTRUMENTS LIMITED,2000005263,2026-07-31 00:00:00,NORTH,NEW DELHI,ARPIT SINGH,Prakash,595-PS3840DL41DBVRQ1,TPS3840DL41DBVRQ1,MOUSER MAKE,Texas Instruments,TPS3840DL41DBVRQ1,INTEGRATED CIRCUIT,2591,61.18,158517.38,0,0,28533.1284,0,0,187050.5084,0,0,187050.5084,
560,283606,328014620,26M14620,Mouser,2026-08-20 00:00:00,SOLUTION & TECHNOLOGY,PO-2627-0227,2026-08-11 00:00:00,NORTH,NEW DELHI,DHIRENDRA PANDEY,Abha,497-SM150806-2,,MOUSER MAKE,DB Unlimited,SM150806-2,ELECTRO MECHANICAL,45,311.1,13999.5,0,0,2519.91,0,0,16519.41,0,0,16519.41,
561,283606,328014620,26M14620,Mouser,2026-08-20 00:00:00,SOLUTION & TECHNOLOGY,PO-2627-0227,2026-08-11 00:00:00,NORTH,NEW DELHI,DHIRENDRA PANDEY,Abha,611-G002G,,MOUSER MAKE,C&K Switches,G002G,ELECTRO MECHANICAL,50,49.73,2486.5,0,0,447.57,0,0,2934.07,0,0,2934.07,
562,283607,328014621,26M14621,Mouser,2026-08-20 00:00:00,COMPOTRONIX TECHNOLOGIES,E-Mail : Sunil Kumar,2026-08-11 00:00:00,NORTH,NEW DELHI,RISHABH PANDEY,Om,757-TK16E60WS1VX,,MOUSER MAKE,Toshiba,"TK16E60W,S1VX",DISCRET,10,176.75,1767.5,0,0,318.15,0,0,2085.65,0,0,2085.65,
563,283615,328014628,26M14628,Mouser,2026-08-20 00:00:00,ELECTROTHERM INDIA LTD,3000265384,2026-07-29 00:00:00,NORTH,GUJARAT,HARSH DOSHI,Poonam Kashyap,771-HEF4046BTD-T,510000001426,MOUSER MAKE,Nexperia,"HEF4046BT,653",INTEGRATED CIRCUIT,150,27.14,4071,0,0,732.78,0,0,4803.78,0,0,4803.78,
564,283622,328014635,26M14635,Mouser,2026-08-20 00:00:00,CIRCUIT SYSTEMS (INDIA) PRIVATE LIMITED,PO101507,2026-08-07 00:00:00,NORTH,GUJARAT,HARSH DOSHI,Poonam Kashyap,708-RMCF0805FT6K04,,MOUSER MAKE,SEI Stackpole,RMCF0805FT6K04,PASSIVE,202,1.32,266.64,0,0,47.9952,0,0,314.6352,0,0,314.6352,
565,283622,328014635,26M14635,Mouser,2026-08-20 00:00:00,CIRCUIT SYSTEMS (INDIA) PRIVATE LIMITED,PO101507,2026-08-07 00:00:00,NORTH,GUJARAT,HARSH DOSHI,Poonam Kashyap,603-RC0402JR-070RL,,MOUSER MAKE,Yageo,RC0402JR-070RL,PASS,220,0.41,90.2,0,0,16.236,0,0,106.436,0,0,106.436,
566,283622,328014635,26M14635,Mouser,2026-08-20 00:00:00,CIRCUIT SYSTEMS (INDIA) PRIVATE LIMITED,PO101507,2026-08-07 00:00:00,NORTH,GUJARAT,HARSH DOSHI,Poonam Kashyap,603-RC0805FR-071K3L,,MOUSER MAKE,Yageo,RC0805FR-071K3L,PASSIVE,108,1.22,131.76,0,0,23.7168,0,0,155.4768,0,0,155.4768,
567,283622,328014635,26M14635,Mouser,2026-08-20 00:00:00,CIRCUIT SYSTEMS (INDIA) PRIVATE LIMITED,PO101507,2026-08-07 00:00:00,NORTH,GUJARAT,HARSH DOSHI,Poonam Kashyap,603-RC0805FR-072KL,,MOUSER MAKE,Yageo,RC0805FR-072KL,PASSIVE,58,2.13,123.54,0,0,22.2372,0,0,145.7772,0,0,145.7772,
568,283622,328014635,26M14635,Mouser,2026-08-20 00:00:00,CIRCUIT SYSTEMS (INDIA) PRIVATE LIMITED,PO101507,2026-08-07 00:00:00,NORTH,GUJARAT,HARSH DOSHI,Poonam Kashyap,603-RC0805FR-071KL,,MOUSER MAKE,Yageo,RC0805FR-071KL,PASSIVE,58,2.13,123.54,0,0,22.2372,0,0,145.7772,0,0,145.7772,
569,283622,328014635,26M14635,Mouser,2026-08-20 00:00:00,CIRCUIT SYSTEMS (INDIA) PRIVATE LIMITED,PO101507,2026-08-07 00:00:00,NORTH,GUJARAT,HARSH DOSHI,Poonam Kashyap,603-RC0805FR-072K74L,,MOUSER MAKE,YAGEO,RC0805FR-072K74L,PASSIVE,215,1.22,262.3,0,0,47.214,0,0,309.514,0,0,309.514,
570,283622,328014635,26M14635,Mouser,2026-08-20 00:00:00,CIRCUIT SYSTEMS (INDIA) PRIVATE LIMITED,PO101507,2026-08-07 00:00:00,NORTH,GUJARAT,HARSH DOSHI,Poonam Kashyap,603-RC0805FR-0710KL,,MOUSER MAKE,Yageo,RC0805FR-0710KL,PASSIVE,265,1.22,323.3,0,0,58.194,0,0,381.494,0,0,381.494,
571,283622,328014635,26M14635,Mouser,2026-08-20 00:00:00,CIRCUIT SYSTEMS (INDIA) PRIVATE LIMITED,PO101507,2026-08-07 00:00:00,NORTH,GUJARAT,HARSH DOSHI,Poonam Kashyap,603-RC0805FR-07178KL,,MOUSER MAKE,YAGEO,RC0805FR-07178KL,PASSIVE,58,2.02,117.16,0,0,21.0888,0,0,138.2488,0,0,138.2488,
572,283622,328014635,26M14635,Mouser,2026-08-20 00:00:00,CIRCUIT SYSTEMS (INDIA) PRIVATE LIMITED,PO101507,2026-08-07 00:00:00,NORTH,GUJARAT,HARSH DOSHI,Poonam Kashyap,71-CRCW0805-22.1-E3,,MOUSER MAKE,Vishay,CRCW080522R1FKEA,PASSIVE,58,2.83,164.14,0,0,29.5452,0,0,193.6852,0,0,193.6852,
573,283622,328014635,26M14635,Mouser,2026-08-20 00:00:00,CIRCUIT SYSTEMS (INDIA) PRIVATE LIMITED,PO101507,2026-08-07 00:00:00,NORTH,GUJARAT,HARSH DOSHI,Poonam Kashyap,603-RC0805FR-073K74L,,MOUSER MAKE,YAGEO,RC0805FR-073K74L,PASSIVE,58,1.92,111.36,0,0,20.0448,0,0,131.4048,0,0,131.4048,
574,283629,328014641,26M14641,Mouser,2026-08-20 00:00:00,UNIVERSAL INDUSTRIES,E-Mail : Kunal Patel,2026-08-12 00:00:00,NORTH,AHMEDABAD,HARSH DOSHI,Poonam Kashyap,667-SFS6-SFD-R,,MOUSER MAKE,Panasonic,SFS6-SFD-R,ELECTRO MECHANICAL,9,2733.93,24605.37,0,0,4428.9666,0,0,29034.3366,0,0,29034.3366,
575,283629,328014641,26M14641,Mouser,2026-08-20 00:00:00,UNIVERSAL INDUSTRIES,E-Mail : Kunal Patel,2026-08-12 00:00:00,NORTH,AHMEDABAD,HARSH DOSHI,Poonam Kashyap,769-SFS2-L-DC24V,,MOUSER MAKE,Panasonic,SFS2-L-DC24V,ELECTRO MECHANICAL,18,1914.75,34465.5,0,0,6203.79,0,0,40669.29,0,0,40669.29,
576,283629,328014641,26M14641,Mouser,2026-08-20 00:00:00,UNIVERSAL INDUSTRIES,E-Mail : Kunal Patel,2026-08-12 00:00:00,NORTH,AHMEDABAD,HARSH DOSHI,Poonam Kashyap,769-SFS4-SFD,,MOUSER MAKE,Panasonic,SFS4-SFD,ELECTRO MECHANICAL,18,1577.31,28391.58,0,0,5110.4844,0,0,33502.0644,0,0,33502.0644,
577,283630,328014642,26M14642,Mouser,2026-08-20 00:00:00,UNIVERSAL INDUSTRIES,E-Mail : Kunal Patel,2026-08-07 00:00:00,NORTH,AHMEDABAD,HARSH DOSHI,Poonam Kashyap,595-SN74LVC1G123DCUT,,MOUSER MAKE,Texas Instruments,SN74LVC1G123DCUT,INTEGRATED CIRCUIT,10,129.28,1292.8,0,0,232.704,0,0,1525.504,0,0,1525.504,
578,283631,328014643,26M14643,Mouser,2026-08-20 00:00:00,OPTIMIZED SOLUTIONS LIMITED,OS/360130/32/26-27,2026-08-07 00:00:00,NORTH,AHMEDABAD,HARSH DOSHI,Poonam Kashyap,871-B72210S170K101,,MOUSER MAKE,TDK,B72210S0170K101,PASSIVE,10,30.71,307.1,0,0,55.278,0,0,362.378,0,0,362.378,
579,283631,328014643,26M14643,Mouser,2026-08-20 00:00:00,OPTIMIZED SOLUTIONS LIMITED,OS/360130/32/26-27,2026-08-07 00:00:00,NORTH,AHMEDABAD,HARSH DOSHI,Poonam Kashyap,459-GRF2133W,,MOUSER MAKE,Guerrilla RF,GRF2133W,INTEGRATED CIRCUIT,7,290.88,2036.16,0,0,366.5088,0,0,2402.6688,0,0,2402.6688,
580,283631,328014643,26M14643,Mouser,2026-08-20 00:00:00,OPTIMIZED SOLUTIONS LIMITED,OS/360130/32/26-27,2026-08-07 00:00:00,NORTH,AHMEDABAD,HARSH DOSHI,Poonam Kashyap,710-78439344022,,MOUSER MAKE,Wurth Elektronik,78439344022,PASSIVE,5,365.19,1825.95,0,0,328.671,0,0,2154.621,0,0,2154.621,
581,283631,328014643,26M14643,Mouser,2026-08-20 00:00:00,OPTIMIZED SOLUTIONS LIMITED,OS/360130/32/26-27,2026-08-07 00:00:00,NORTH,AHMEDABAD,HARSH DOSHI,Poonam Kashyap,581-TPSC107K010R0150,,MOUSER MAKE,AVX,TPSC107K010R0150,PASSIVE,18,51.11,919.98,0,0,165.5964,0,0,1085.5764,0,0,1085.5764,
582,283631,328014643,26M14643,Mouser,2026-08-20 00:00:00,OPTIMIZED SOLUTIONS LIMITED,OS/360130/32/26-27,2026-08-07 00:00:00,NORTH,AHMEDABAD,HARSH DOSHI,Poonam Kashyap,511-STM32L4P5VGT6,,MOUSER MAKE,STMicroelectronics,STM32L4P5VGT6,INTEGRATED CIRCUIT,1,1215.03,1215.03,0,0,218.7054,0,0,1433.7354,0,0,1433.7354,
583,283631,328014643,26M14643,Mouser,2026-08-20 00:00:00,OPTIMIZED SOLUTIONS LIMITED,OS/360130/32/26-27,2026-08-07 00:00:00,NORTH,AHMEDABAD,HARSH DOSHI,Poonam Kashyap,81-LQG15HZ18NG02D,,MOUSER MAKE,Murata,LQG15HZ18NG02D,PASSIVE,27,10.22,275.94,0,0,49.6692,0,0,325.6092,0,0,325.6092,
584,283631,328014643,26M14643,Mouser,2026-08-20 00:00:00,OPTIMIZED SOLUTIONS LIMITED,OS/360130/32/26-27,2026-08-07 00:00:00,NORTH,AHMEDABAD,HARSH DOSHI,Poonam Kashyap,81-GRM39C102J50,,MOUSER MAKE,Murata,GRM1885C1H102JA01D,PASSIVE,20,2.63,52.6,0,0,9.468,0,0,62.068,0,0,62.068,
585,283632,328014644,26M14644,Mouser,2026-08-20 00:00:00,GENUS POWER JAIPUR,4600004274,2026-08-19 00:00:00,NORTH,JAIPUR,KULDEEP KUMAR,Prakash,595-TRS3232ECPWR,RMICC00001177,MOUSER MAKE,Texas Instruments,TRS3232ECPWR,INTEGRATED CIRCUIT,100,81.18,8118,0,0,1461.24,0,0,9579.24,0,0,9579.24,
586,283640,328014651,26M14651,Mouser,2026-08-20 00:00:00,CONTROL PRINT LTD,14124210,2026-08-10 00:00:00,NORTH,NEW DELHI,MAHESH KUMAR MITTAL,Abha,434-01-471J,10470185,MOUSER MAKE,Fastron,09P-471J-50,PASSIVE,500,54.47,27235,0,0,4902.3,0,0,32137.3,0,0,32137.3,
587,283642,328014653,26M14653,Mouser,2026-08-20 00:00:00,CONTROL PRINT LTD,14124178,2026-08-08 00:00:00,NORTH,NEW DELHI,MAHESH KUMAR MITTAL,Abha,810-C2012X5R1E106KAC,,MOUSER MAKE,TDK,C2012X5R1E106K085AC,PASSIVE,4000,14.83,59320,0,0,10677.6,0,0,69997.6,0,0,69997.6,
588,283645,328014656,26M14656,Mouser,2026-08-20 00:00:00,CONTROL PRINT LTD,14124223,2026-08-11 00:00:00,NORTH,NEW DELHI,MAHESH KUMAR MITTAL,Abha,611-PTS645SL43SMTR92,,MOUSER MAKE,C&K,PTS645SL43SMTR92LFS,ELECTRO MECHANICAL,1500,22.52,33780,0,0,6080.4,0,0,39860.4,0,0,39860.4,
589,283666,328014674,26M14674,Mouser,2026-08-20 00:00:00,NSQUARE SERVICES,E-Mail : Nelesh Shah,2026-08-12 00:00:00,NORTH,GUJARAT,HARSH DOSHI,Poonam Kashyap,871-B32914A5334M,,MOUSER MAKE,TDK,B32914A5334M,PASSIVE,25,250,6250,0,0,1125,0,0,7375,0,0,7375,
590,283671,328014679,26M14679,Mouser,2026-08-20 00:00:00,ADVANCE TECH SOLUTIONS,PO/26-27/013,2026-08-19 00:00:00,NORTH,NEW DELHI,SURAJ PANDEY,Neha Chauhan,595-CSD15571Q2,,MOUSER MAKE,Texas Instruments,CSD15571Q2,DISCRET,20,38.58,771.6,0,0,138.888,0,0,910.488,0,0,910.488,
591,283672,328014680,26M14680,Mouser,2026-08-20 00:00:00,INFOZEB CONSULTANCY PRIVATE LIMITED,PO-00003,2026-08-06 00:00:00,NORTH,NEW DELHI,RISHABH PANDEY,Om,771-FS32K144ULT0VLLT,,MOUSER MAKE,NXP,FS32K144ULT0VLLT,INTEGRATED CIRCUIT,25,752.93,18823.25,0,0,3388.185,0,0,22211.435,0,0,22211.435,
592,283673,328014681,26M14681,Mouser,2026-08-20 00:00:00,SYSTEM LEVEL SOLUTIONS (INDIA) PVT. LTD.,DPO20260808-C,2026-08-08 00:00:00,NORTH,GUJARAT,HARSH DOSHI,Poonam Kashyap,BZW50-150.,DIO0238,MOUSER MAKE,STMicroelectronics,BZW50-150,DISCRET,449,179.86557,80759.64093,0,0,14536.73537,0,0,95296.3763,0,0,95296.3763,
593,283701,328014707,26M14707,Mouser,2026-08-21 00:00:00,SYNCHRONICS ELECTRONICS PRIVATE LIMITED,E-Mail,2026-08-11 00:00:00,NORTH,GUJARAT,HARSH DOSHI,Poonam Kashyap,595-ISO7330CDW,,MOUSER MAKE,Texas Instruments,ISO7330CDW,INTEGRATED CIRCUIT,5,1222.1,6110.5,0,0,1099.89,0,0,7210.39,0,0,7210.39,
594,283709,328014708,26M14708,Mouser,2026-08-21 00:00:00,AZISTA INDUSTRIES PRIVATE LIMITED,4500015973,2026-08-11 00:00:00,NORTH,AHMEDABAD,HARSH DOSHI,Poonam Kashyap,71-CRCW0603-37.4,25016112,MOUSER MAKE,Vishay,CRCW060337R4FKTA,PASSIVE,50,6.74,337,0,0,60.66,0,0,397.66,0,0,397.66,
595,283709,328014708,26M14708,Mouser,2026-08-21 00:00:00,AZISTA INDUSTRIES PRIVATE LIMITED,4500015973,2026-08-11 00:00:00,NORTH,AHMEDABAD,HARSH DOSHI,Poonam Kashyap,71-CRCW0402-49.9,25016131,MOUSER MAKE,Vishay,CRCW040249R9FKTD,PASSIVE,397,4.29,1703.13,0,0,306.5634,0,0,2009.6934,0,0,2009.6934,
596,283709,328014708,26M14708,Mouser,2026-08-21 00:00:00,AZISTA INDUSTRIES PRIVATE LIMITED,4500015973,2026-08-11 00:00:00,NORTH,AHMEDABAD,HARSH DOSHI,Poonam Kashyap,71-CRCW0402J-15K,25016127,MOUSER MAKE,Vishay,CRCW040215K0JNTD,PASSIVE,50,8.37,418.5,0,0,75.33,0,0,493.83,0,0,493.83,
597,283709,328014708,26M14708,Mouser,2026-08-21 00:00:00,AZISTA INDUSTRIES PRIVATE LIMITED,4500015973,2026-08-11 00:00:00,NORTH,AHMEDABAD,HARSH DOSHI,Poonam Kashyap,80-C0402C105K8PAC,25016178,MOUSER MAKE,KEMET,C0402C105K8PAC,PASSIVE,1000,2.25,2250,0,0,405,0,0,2655,0,0,2655,
598,283709,328014708,26M14708,Mouser,2026-08-21 00:00:00,AZISTA INDUSTRIES PRIVATE LIMITED,4500015973,2026-08-11 00:00:00,NORTH,AHMEDABAD,HARSH DOSHI,Poonam Kashyap,652-CR0402FX6042GLF,25016150,MOUSER MAKE,Bourns,CR0402-FX-6042GLF,PASSIVE,176,0.92,161.92,0,0,29.1456,0,0,191.0656,0,0,191.0656,
599,283709,328014708,26M14708,Mouser,2026-08-21 00:00:00,AZISTA INDUSTRIES PRIVATE LIMITED,4500015973,2026-08-11 00:00:00,NORTH,AHMEDABAD,HARSH DOSHI,Poonam Kashyap,71-CRCW0402J-560,25016119,MOUSER MAKE,Vishay,CRCW0402560RJNTD,PASSIVE,50,4.59,229.5,0,0,41.31,0,0,270.81,0,0,270.81,
600,283709,328014708,26M14708,Mouser,2026-08-21 00:00:00,AZISTA INDUSTRIES PRIVATE LIMITED,4500015973,2026-08-11 00:00:00,NORTH,AHMEDABAD,HARSH DOSHI,Poonam Kashyap,652-CR0402-FX9092GLF,25016152,MOUSER MAKE,Bourns,CR0402-FX-9092GLF,PASSIVE,50,0.92,46,0,0,8.28,0,0,54.28,0,0,54.28,
601,283709,328014708,26M14708,Mouser,2026-08-21 00:00:00,AZISTA INDUSTRIES PRIVATE LIMITED,4500015973,2026-08-11 00:00:00,NORTH,AHMEDABAD,HARSH DOSHI,Poonam Kashyap,71-CRCW04022M40FKED,25016155,MOUSER MAKE,Vishay,CRCW04022M40FKED,PASSIVE,50,2.04,102,0,0,18.36,0,0,120.36,0,0,120.36,
602,283709,328014708,26M14708,Mouser,2026-08-21 00:00:00,AZISTA INDUSTRIES PRIVATE LIMITED,4500015973,2026-08-11 00:00:00,NORTH,AHMEDABAD,HARSH DOSHI,Poonam Kashyap,71-CRCW0402J-18K,25016128,MOUSER MAKE,Vishay,CRCW040218K0JNTD,PASSIVE,50,8.37,418.5,0,0,75.33,0,0,493.83,0,0,493.83,
603,283709,328014708,26M14708,Mouser,2026-08-21 00:00:00,AZISTA INDUSTRIES PRIVATE LIMITED,4500015973,2026-08-11 00:00:00,NORTH,AHMEDABAD,HARSH DOSHI,Poonam Kashyap,652-CR0402-FX5491GLF,25016149,MOUSER MAKE,Bourns,CR0402-FX-5491GLF,PASSIVE,50,1.23,61.5,0,0,11.07,0,0,72.57,0,0,72.57,
604,283709,328014708,26M14708,Mouser,2026-08-21 00:00:00,AZISTA INDUSTRIES PRIVATE LIMITED,4500015973,2026-08-11 00:00:00,NORTH,AHMEDABAD,HARSH DOSHI,Poonam Kashyap,581-040216C103K,25016169,MOUSER MAKE,AVX,0402YC103KAT2A,PASSIVE,50,1.74,87,0,0,15.66,0,0,102.66,0,0,102.66,
605,283709,328014708,26M14708,Mouser,2026-08-21 00:00:00,AZISTA INDUSTRIES PRIVATE LIMITED,4500015973,2026-08-11 00:00:00,NORTH,AHMEDABAD,HARSH DOSHI,Poonam Kashyap,667-EXB-2HV220JV,25016159,MOUSER MAKE,Panasonic,EXB-2HV220JV,PASSIVE,310,7.14,2213.4,0,0,398.412,0,0,2611.812,0,0,2611.812,
606,283709,328014708,26M14708,Mouser,2026-08-21 00:00:00,AZISTA INDUSTRIES PRIVATE LIMITED,4500015973,2026-08-11 00:00:00,NORTH,AHMEDABAD,HARSH DOSHI,Poonam Kashyap,71-CRCW0402-100K,25016140,MOUSER MAKE,Vishay,CRCW0402100KFKTD,PASSIVE,310,4.19,1298.9,0,0,233.802,0,0,1532.702,0,0,1532.702,
607,283709,328014708,26M14708,Mouser,2026-08-21 00:00:00,AZISTA INDUSTRIES PRIVATE LIMITED,4500015973,2026-08-11 00:00:00,NORTH,AHMEDABAD,HARSH DOSHI,Poonam Kashyap,71-CRCW0402-16.2K,25016136,MOUSER MAKE,Vishay,CRCW040216K2FKTD,PASSIVE,100,4.29,429,0,0,77.22,0,0,506.22,0,0,506.22,
608,283709,328014708,26M14708,Mouser,2026-08-21 00:00:00,AZISTA INDUSTRIES PRIVATE LIMITED,4500015973,2026-08-11 00:00:00,NORTH,AHMEDABAD,HARSH DOSHI,Poonam Kashyap,603-RC0402FR-074R7L,,MOUSER MAKE,Yageo,RC0402FR-074R7L,PASSIVE,1700,0.72,1224,0,0,220.32,0,0,1444.32,0,0,1444.32,
609,283709,328014708,26M14708,Mouser,2026-08-21 00:00:00,AZISTA INDUSTRIES PRIVATE LIMITED,4500015973,2026-08-11 00:00:00,NORTH,AHMEDABAD,HARSH DOSHI,Poonam Kashyap,71-CRCW0402-13.3K,25016134,MOUSER MAKE,Vishay / Dale,CRCW040213K3FKTD,PASSIVE,176,5,880,0,0,158.4,0,0,1038.4,0,0,1038.4,
610,283709,328014708,26M14708,Mouser,2026-08-21 00:00:00,AZISTA INDUSTRIES PRIVATE LIMITED,4500015973,2026-08-11 00:00:00,NORTH,AHMEDABAD,HARSH DOSHI,Poonam Kashyap,80-C0402C103K5RAC,25016167,MOUSER MAKE,KEMET,C0402C103K5RAC,PASSIVE,5424,0.62,3362.88,0,0,605.3184,0,0,3968.1984,0,0,3968.1984,
611,283709,328014708,26M14708,Mouser,2026-08-21 00:00:00,AZISTA INDUSTRIES PRIVATE LIMITED,4500015973,2026-08-11 00:00:00,NORTH,AHMEDABAD,HARSH DOSHI,Poonam Kashyap,652-MU1005-221Y,25016190,MOUSER MAKE,Bourns,MU1005-221Y,PASSIVE,250,7.28,1820,0,0,327.6,0,0,2147.6,0,0,2147.6,
612,283709,328014708,26M14708,Mouser,2026-08-21 00:00:00,AZISTA INDUSTRIES PRIVATE LIMITED,4500015973,2026-08-11 00:00:00,NORTH,AHMEDABAD,HARSH DOSHI,Poonam Kashyap,652-CR0402-JW-914GLF,25016146,MOUSER MAKE,Bourns,CR0402-JW-914GLF,PASSIVE,50,1.02,51,0,0,9.18,0,0,60.18,0,0,60.18,
613,283709,328014708,26M14708,Mouser,2026-08-21 00:00:00,AZISTA INDUSTRIES PRIVATE LIMITED,4500015973,2026-08-11 00:00:00,NORTH,AHMEDABAD,HARSH DOSHI,Poonam Kashyap,652-CR0402-JW-563GLF,25016145,MOUSER MAKE,Bourns,CR0402-JW-563GLF,EMBED,50,1.53,76.5,0,0,13.77,0,0,90.27,0,0,90.27,
614,283709,328014708,26M14708,Mouser,2026-08-21 00:00:00,AZISTA INDUSTRIES PRIVATE LIMITED,4500015973,2026-08-11 00:00:00,NORTH,AHMEDABAD,HARSH DOSHI,Poonam Kashyap,71-CRCW0402-1-E3,25016154,MOUSER MAKE,Vishay Dale,CRCW04021R00FKED,PASSIVE,221,2.15,475.15,0,0,85.527,0,0,560.677,0,0,560.677,
615,283709,328014708,26M14708,Mouser,2026-08-21 00:00:00,AZISTA INDUSTRIES PRIVATE LIMITED,4500015973,2026-08-11 00:00:00,NORTH,AHMEDABAD,HARSH DOSHI,Poonam Kashyap,652-CR0402-FX8662GLF,25016151,MOUSER MAKE,Bourns,CR0402-FX-8662GLF,PASSIVE,100,0.92,92,0,0,16.56,0,0,108.56,0,0,108.56,
616,283709,328014708,26M14708,Mouser,2026-08-21 00:00:00,AZISTA INDUSTRIES PRIVATE LIMITED,4500015973,2026-08-11 00:00:00,NORTH,AHMEDABAD,HARSH DOSHI,Poonam Kashyap,667-EXB-2HV472JV,25016160,MOUSER MAKE,Panasonic,EXB-2HV472JV,PASSIVE,50,11.33,566.5,0,0,101.97,0,0,668.47,0,0,668.47,
617,283709,328014708,26M14708,Mouser,2026-08-21 00:00:00,AZISTA INDUSTRIES PRIVATE LIMITED,4500015973,2026-08-11 00:00:00,NORTH,AHMEDABAD,HARSH DOSHI,Poonam Kashyap,71-CRCW0402J-33K,25016130,MOUSER MAKE,Vishay,CRCW040233K0JNTD,PASSIVE,50,8.37,418.5,0,0,75.33,0,0,493.83,0,0,493.83,
618,283709,328014708,26M14708,Mouser,2026-08-21 00:00:00,AZISTA INDUSTRIES PRIVATE LIMITED,4500015973,2026-08-11 00:00:00,NORTH,AHMEDABAD,HARSH DOSHI,Poonam Kashyap,652-CR0402-FX6983GLF,25016153,MOUSER MAKE,Bourns,CR0402-FX-6983GLF,PASSIVE,50,1.02,51,0,0,9.18,0,0,60.18,0,0,60.18,
619,283709,328014708,26M14708,Mouser,2026-08-21 00:00:00,AZISTA INDUSTRIES PRIVATE LIMITED,4500015973,2026-08-11 00:00:00,NORTH,AHMEDABAD,HARSH DOSHI,Poonam Kashyap,71-CRCW0402-30.1K,25016137,MOUSER MAKE,Vishay,CRCW040230K1FKTD,PASSIVE,50,5.82,291,0,0,52.38,0,0,343.38,0,0,343.38,
620,283709,328014708,26M14708,Mouser,2026-08-21 00:00:00,AZISTA INDUSTRIES PRIVATE LIMITED,4500015973,2026-08-11 00:00:00,NORTH,AHMEDABAD,HARSH DOSHI,Poonam Kashyap,71-CRCW0402J-1.5K,25016123,MOUSER MAKE,Vishay,CRCW04021K50JNTD,PASSIVE,50,4.59,229.5,0,0,41.31,0,0,270.81,0,0,270.81,
621,283709,328014708,26M14708,Mouser,2026-08-21 00:00:00,AZISTA INDUSTRIES PRIVATE LIMITED,4500015973,2026-08-11 00:00:00,NORTH,AHMEDABAD,HARSH DOSHI,Poonam Kashyap,71-CRCW0402-12.4K,25016133,MOUSER MAKE,Vishay,CRCW040212K4FKTD,PASSIVE,100,4.29,429,0,0,77.22,0,0,506.22,0,0,506.22,
622,283709,328014708,26M14708,Mouser,2026-08-21 00:00:00,AZISTA INDUSTRIES PRIVATE LIMITED,4500015973,2026-08-11 00:00:00,NORTH,AHMEDABAD,HARSH DOSHI,Poonam Kashyap,71-CRCW0402J-75,25016116,MOUSER MAKE,Vishay,CRCW040275R0JNTD,PASSIVE,353,3.88,1369.64,0,0,246.5352,0,0,1616.1752,0,0,1616.1752,
623,283709,328014708,26M14708,Mouser,2026-08-21 00:00:00,AZISTA INDUSTRIES PRIVATE LIMITED,4500015973,2026-08-11 00:00:00,NORTH,AHMEDABAD,HARSH DOSHI,Poonam Kashyap,652-MU1005-601Y,25018016,MOUSER MAKE,Bourns,MU1005-601Y,PASSIVE,50,9.41,470.5,0,0,84.69,0,0,555.19,0,0,555.19,
624,283709,328014708,26M14708,Mouser,2026-08-21 00:00:00,AZISTA INDUSTRIES PRIVATE LIMITED,4500015973,2026-08-11 00:00:00,NORTH,AHMEDABAD,HARSH DOSHI,Poonam Kashyap,71-CRCW0402-590K,25016142,MOUSER MAKE,Vishay,CRCW0402590KFKTD,PASSIVE,50,10.71,535.5,0,0,96.39,0,0,631.89,0,0,631.89,
625,283709,328014708,26M14708,Mouser,2026-08-21 00:00:00,AZISTA INDUSTRIES PRIVATE LIMITED,4500015973,2026-08-11 00:00:00,NORTH,AHMEDABAD,HARSH DOSHI,Poonam Kashyap,71-CRCW0402J-1.2K,25016122,MOUSER MAKE,Vishay,CRCW04021K20JNTD,PASSIVE,132,3.88,512.16,0,0,92.1888,0,0,604.3488,0,0,604.3488,
626,283709,328014708,26M14708,Mouser,2026-08-21 00:00:00,AZISTA INDUSTRIES PRIVATE LIMITED,4500015973,2026-08-11 00:00:00,NORTH,AHMEDABAD,HARSH DOSHI,Poonam Kashyap,71-CRCW0402J-270,25016117,MOUSER MAKE,Vishay,CRCW0402270RJNTD,PASSIVE,50,4.59,229.5,0,0,41.31,0,0,270.81,0,0,270.81,
627,283709,328014708,26M14708,Mouser,2026-08-21 00:00:00,AZISTA INDUSTRIES PRIVATE LIMITED,4500015973,2026-08-11 00:00:00,NORTH,AHMEDABAD,HARSH DOSHI,Poonam Kashyap,771-PMLL4448-T/R,25016194,MOUSER MAKE,Nexperia,"PMLL4448,115",DISCRET,50,9.29,464.5,0,0,83.61,0,0,548.11,0,0,548.11,
628,283709,328014708,26M14708,Mouser,2026-08-21 00:00:00,AZISTA INDUSTRIES PRIVATE LIMITED,4500015973,2026-08-11 00:00:00,NORTH,AHMEDABAD,HARSH DOSHI,Poonam Kashyap,71-CRCW0402J-22K,25016129,MOUSER MAKE,Vishay,CRCW040222K0JNTD,PASSIVE,50,4.59,229.5,0,0,41.31,0,0,270.81,0,0,270.81,
629,283709,328014708,26M14708,Mouser,2026-08-21 00:00:00,AZISTA INDUSTRIES PRIVATE LIMITED,4500015973,2026-08-11 00:00:00,NORTH,AHMEDABAD,HARSH DOSHI,Poonam Kashyap,71-CRCW0402J-33,25016114,MOUSER MAKE,Vishay,CRCW040233R0JNTD,PASSIVE,176,4.7,827.2,0,0,148.896,0,0,976.096,0,0,976.096,
630,283709,328014708,26M14708,Mouser,2026-08-21 00:00:00,AZISTA INDUSTRIES PRIVATE LIMITED,4500015973,2026-08-11 00:00:00,NORTH,AHMEDABAD,HARSH DOSHI,Poonam Kashyap,595-CSD19537Q3T,25018018,MOUSER MAKE,Texas Instruments,CSD19537Q3T,DISCRET,50,149.94,7497,0,0,1349.46,0,0,8846.46,0,0,8846.46,
631,283709,328014708,26M14708,Mouser,2026-08-21 00:00:00,AZISTA INDUSTRIES PRIVATE LIMITED,4500015973,2026-08-11 00:00:00,NORTH,AHMEDABAD,HARSH DOSHI,Poonam Kashyap,71-CRCW0402J-820,25016120,MOUSER MAKE,Vishay,CRCW0402820RJNTD,PASSIVE,50,4.59,229.5,0,0,41.31,0,0,270.81,0,0,270.81,
632,283709,328014708,26M14708,Mouser,2026-08-21 00:00:00,AZISTA INDUSTRIES PRIVATE LIMITED,4500015973,2026-08-11 00:00:00,NORTH,AHMEDABAD,HARSH DOSHI,Poonam Kashyap,71-CRCW0402-14.3K,25016135,MOUSER MAKE,Vishay,CRCW040214K3FKTD,PASSIVE,50,5.1,255,0,0,45.9,0,0,300.9,0,0,300.9,
633,283709,328014708,26M14708,Mouser,2026-08-21 00:00:00,AZISTA INDUSTRIES PRIVATE LIMITED,4500015973,2026-08-11 00:00:00,NORTH,AHMEDABAD,HARSH DOSHI,Poonam Kashyap,346-0402YD474KAT2A,25016171,MOUSER MAKE,KYOCERA AVX,0402YD474KAT2A,PASSIVE,50,45.9,2295,0,0,413.1,0,0,2708.1,0,0,2708.1,
634,283709,328014708,26M14708,Mouser,2026-08-21 00:00:00,AZISTA INDUSTRIES PRIVATE LIMITED,4500015973,2026-08-11 00:00:00,NORTH,AHMEDABAD,HARSH DOSHI,Poonam Kashyap,71-CRCW0402J-330,25016118,MOUSER MAKE,Vishay,CRCW0402330RJNTD,PASSIVE,50,8.37,418.5,0,0,75.33,0,0,493.83,0,0,493.83,
635,283710,328014709,26M14709,Mouser,2026-08-21 00:00:00,ERHARDT+LEIMER (INDIA) PVT LTD,4500893737,2026-08-04 00:00:00,NORTH,AHMEDABAD,HARSH DOSHI,Poonam Kashyap,617-09670250336,,MOUSER MAKE,HARTING,9670250336,CONNECTOR,2,1273.44,2546.88,0,0,458.4384,0,0,3005.3184,0,0,3005.3184,
636,283714,328014712,26M14712,Mouser,2026-08-21 00:00:00,STRUMED SOLUTIONS PRIVATE LIMITED,PO/26-27/0320,2026-08-12 00:00:00,NORTH,GUJARAT,HARSH DOSHI,Poonam Kashyap,595-DRV8411APWPR,,MOUSER MAKE,Texas Instruments,DRV8411APWPR,INTEGRATED CIRCUIT,25,199.98,4999.5,0,0,899.91,0,0,5899.41,0,0,5899.41,
637,283714,328014712,26M14712,Mouser,2026-08-21 00:00:00,STRUMED SOLUTIONS PRIVATE LIMITED,PO/26-27/0320,2026-08-12 00:00:00,NORTH,GUJARAT,HARSH DOSHI,Poonam Kashyap,595-OPA4317IDR,,MOUSER MAKE,Texas Instruments,OPA4317IDR,INTEGRATED CIRCUIT,40,203.01,8120.4,0,0,1461.672,0,0,9582.072,0,0,9582.072,
638,283714,328014712,26M14712,Mouser,2026-08-21 00:00:00,STRUMED SOLUTIONS PRIVATE LIMITED,PO/26-27/0320,2026-08-12 00:00:00,NORTH,GUJARAT,HARSH DOSHI,Poonam Kashyap,80-EEV107M050A9MAA,,MOUSER MAKE,KEMET,EEV107M050A9MAA,PASSIVE,100,52.52,5252,0,0,945.36,0,0,6197.36,0,0,6197.36,
639,283714,328014712,26M14712,Mouser,2026-08-21 00:00:00,STRUMED SOLUTIONS PRIVATE LIMITED,PO/26-27/0320,2026-08-12 00:00:00,NORTH,GUJARAT,HARSH DOSHI,Poonam Kashyap,985-TCS34083M,,MOUSER MAKE,ams OSRAM,TCS34083M,SENSORS,137,88.68,12149.16,0,0,2186.8488,0,0,14336.0088,0,0,14336.0088,
640,283714,328014712,26M14712,Mouser,2026-08-21 00:00:00,STRUMED SOLUTIONS PRIVATE LIMITED,PO/26-27/0320,2026-08-12 00:00:00,NORTH,GUJARAT,HARSH DOSHI,Poonam Kashyap,595-OPA2317IDR,,MOUSER MAKE,Texas Instruments,OPA2317IDR,INTEGRATED CIRCUIT,10,114.13,1141.3,0,0,205.434,0,0,1346.734,0,0,1346.734,
641,283714,328014712,26M14712,Mouser,2026-08-21 00:00:00,STRUMED SOLUTIONS PRIVATE LIMITED,PO/26-27/0320,2026-08-12 00:00:00,NORTH,GUJARAT,HARSH DOSHI,Poonam Kashyap,538-53261-0471,,MOUSER MAKE,Molex,53261-0471,CONNECTOR,100,55.73,5573,0,0,1003.14,0,0,6576.14,0,0,6576.14,
642,283715,328014713,26M14713,Mouser,2026-08-21 00:00:00,AZISTA INDUSTRIES PRIVATE LIMITED,4500015945,2026-08-08 00:00:00,NORTH,AHMEDABAD,HARSH DOSHI,Poonam Kashyap,595-TPS51200AQDRCRQ1,,MOUSER MAKE,Texas Instruments,TPS51200AQDRCRQ1,INTEGRATED CIRCUIT,10,174.42,1744.2,0,0,313.956,0,0,2058.156,0,0,2058.156,
643,283715,328014713,26M14713,Mouser,2026-08-21 00:00:00,AZISTA INDUSTRIES PRIVATE LIMITED,4500015945,2026-08-08 00:00:00,NORTH,AHMEDABAD,HARSH DOSHI,Poonam Kashyap,200-SEM1300203HDAKTR,,MOUSER MAKE,Samtec,SEM-130-02-03.0-H-D-A-K-TR,CONNECTOR,30,1485.12,44553.6,0,0,8019.648,0,0,52573.248,0,0,52573.248,
644,283715,328014713,26M14713,Mouser,2026-08-21 00:00:00,AZISTA INDUSTRIES PRIVATE LIMITED,4500015945,2026-08-08 00:00:00,NORTH,AHMEDABAD,HARSH DOSHI,Poonam Kashyap,595-TLV75733PDYDR,,MOUSER MAKE,Texas Instruments,TLV75733PDYDR,INTEGRATED CIRCUIT,10,25.91,259.1,0,0,46.638,0,0,305.738,0,0,305.738,
645,283715,328014713,26M14713,Mouser,2026-08-21 00:00:00,AZISTA INDUSTRIES PRIVATE LIMITED,4500015945,2026-08-08 00:00:00,NORTH,AHMEDABAD,HARSH DOSHI,Poonam Kashyap,595-TLV75725PDYDR,,MOUSER MAKE,Texas Instruments,TLV75725PDYDR,INTEGRATED CIRCUIT,20,25.91,518.2,0,0,93.276,0,0,611.476,0,0,611.476,
646,283716,328014714,26M14714,Mouser,2026-08-21 00:00:00,EULER MOTORS PRIVATE LIMITED,44053,2026-08-13 00:00:00,NORTH,NEW DELHI,SURAJ PANDEY,Poonam Kashyap,829-13919113,MEPC4045,MOUSER MAKE,Aptiv,13919113,CONNECTOR,50,9.49,474.5,0,0,85.41,0,0,559.91,0,0,559.91,
647,283716,328014714,26M14714,Mouser,2026-08-21 00:00:00,EULER MOTORS PRIVATE LIMITED,44053,2026-08-13 00:00:00,NORTH,NEW DELHI,SURAJ PANDEY,Poonam Kashyap,829-15526973,MEPC4044,MOUSER MAKE,Aptiv (formerly Delphi),15526973,CONNECTOR,15,377.42,5661.3,0,0,1019.034,0,0,6680.334,0,0,6680.334,
648,283717,328014715,26M14715,Mouser,2026-08-21 00:00:00,AIMTRON ELECTRONICS LTD,18083,2026-08-07 00:00:00,NORTH,GUJARAT,HARSH DOSHI,Poonam Kashyap,651-1759907,CON02396,MOUSER MAKE,Phoenix Contact,1759907,CONNECTOR,11,407.68,4484.48,0,0,807.2064,0,0,5291.6864,0,0,5291.6864,
649,283718,328014716,26M14716,Mouser,2026-08-21 00:00:00,AIMTRON ELECTRONICS LTD,PO18091,2026-08-08 00:00:00,NORTH,GUJARAT,HARSH DOSHI,Poonam Kashyap,810-C3216X6S2A106K16,,MOUSER MAKE,TDK,C3216X6S2A106K160AC,PASSIVE,160,76.5,12240,0,0,2203.2,0,0,14443.2,0,0,14443.2,
650,283727,328014721,26M14721,Mouser,2026-08-21 00:00:00,ALTEEM TECH PRIVATE LIMITED,889,2026-08-08 00:00:00,NORTH,AHMEDABAD,HARSH DOSHI,Poonam Kashyap,859-LTV-247,,MOUSER MAKE,Lite-On,LTV-247,OPT,300,65.08,19524,0,0,3514.32,0,0,23038.32,0,0,23038.32,
651,283727,328014721,26M14721,Mouser,2026-08-21 00:00:00,ALTEEM TECH PRIVATE LIMITED,889,2026-08-08 00:00:00,NORTH,AHMEDABAD,HARSH DOSHI,Poonam Kashyap,556-AT24C256C-SSHL-B,,MOUSER MAKE,Microchip,AT24C256C-SSHL-B,INTEGRATED CIRCUIT,100,56.41,5641,0,0,1015.38,0,0,6656.38,0,0,6656.38,
652,283727,328014721,26M14721,Mouser,2026-08-21 00:00:00,ALTEEM TECH PRIVATE LIMITED,889,2026-08-08 00:00:00,NORTH,AHMEDABAD,HARSH DOSHI,Poonam Kashyap,579-MCP6022-I/SN,,MOUSER MAKE,Microchip,MCP6022-I/SN,INTEGRATED CIRCUIT,200,183.6,36720,0,0,6609.6,0,0,43329.6,0,0,43329.6,
653,283764,328014748,26M14748,Mouser,2026-08-21 00:00:00,DISCRETE CIRCUITS PVT LTD,PO2627/00498,2026-08-13 00:00:00,NORTH,GUJARAT,HARSH DOSHI,Poonam Kashyap,595-DRV8220DSGR,,MOUSER MAKE,Texas Instruments,DRV8220DSGR,INTEGRATED CIRCUIT,5,85.85,429.25,0,0,77.265,0,0,506.515,0,0,506.515,
654,283764,328014748,26M14748,Mouser,2026-08-21 00:00:00,DISCRETE CIRCUITS PVT LTD,PO2627/00498,2026-08-13 00:00:00,NORTH,GUJARAT,HARSH DOSHI,Poonam Kashyap,595-DRV8872DDAR,,MOUSER MAKE,Texas Instruments,DRV8872DDAR,INTEGRATED CIRCUIT,5,251.49,1257.45,0,0,226.341,0,0,1483.791,0,0,1483.791,
