UNIQUE CODE,New Line,Sales Changes,Currency,Zone,Region,Customer Code,Customer Name,Segment,Sub Segment,End Customer Name,End Customer Segment,End Customer Sub-Segment,Sales Incharge,Sales CSR,Principal,Make,PM Name,PM CSR,Part Number,Existing/New,EP in US $,DP in US $,Apr_FY2627_Qty,May_FY2627_Qty,Jun_FY2627_Qty,July_FY2627_Qty,Aug_FY2627_Qty,Sept_FY2627_Qty,Oct_FY2627_Qty,Nov_FY2627_Qty,Dec_FY2627_Qty,Jan_FY2627_Qty,Feb_FY2627_Qty,Mar_FY2627_Qty,Apr_FY2627_Val,May_FY2627_Val,Jun_FY2627_Val,July_FY2627_Val,Aug_FY2627_Val,Sept_FY2627_Val,Oct_FY2627_Val,Nov_FY2627_Val,Dec_FY2627_Val,Jan_FY2627_Val,Feb_FY2627_Val,Mar_FY2627_Val,TotalQty_FY2627,TotalVal__INR_FY2627,TotalVal_USD_FY2627,,
,1,,INR,NORTH,NEW DELHI,DEL00010,ALLIED ENGINEERING WORKS LIMITED,Energy Meter,Smart Meter,ALLIED ENGINEERING WORKS LIMITED,Energy Meter,Smart Meter,SURAJ PANDEY,Palak,QUECTEL,QUECTEL,Ram Mohan,Lavanya,EG800AKCN11LC-4I-SNNSI,New,159,,100000,100000,100000,100000,100000,100000,100000,100000,100000,100000,100000,100000,15900000,15900000,0,15900000,15900000,15900000,15900000,15900000,15900000,15900000,15900000,15900000,1200,174900000,1.98209428830462,,
A7007,5,,INR,NORTH,NEW DELHI,DEL01976,KIMBAL PRIVATE LIMITED,Energy Meter,Smart Meter,,Energy Meter,Smart Meter,ARPIT SINGH,Prakash,EVE,EVE,Manju N,Kiran Bhamshetty,CR2450CKP,Existing,20.35,0.175,600000,600000,600000,600000,600000,600000,600000,600000,600000,600000,600000,600000,12210000,12210000,0,12210000,12210000,12210000,12210000,12210000,12210000,12210000,12210000,12210000,7200,134310000,1.52209882139619,,
A3336,,5,INR,NORTH,NEW DELHI,DEL00076,PRANAV VIKAS INDIA (PVT) LTD,Automotive-EV,Motor Control Unit,,Automotive-EV,Motor Control Unit,MAHESH KUMAR MITTAL,Prakash,PANASONIC,PANASONIC,Vikram,Anbarasu,SSW7169,Existing,1555.1,1417.871,7800,7800,7800,7800,7800,7800,7800,12800,12800,12800,12800,12800,12129780,12129780,12129780,12129780,12129780,12129780,12129780,19905280,19905280,19905280,19905280,19905280,118.6,184434860,2.09015027198549,,
A4432,5,,INR,NORTH,NEW DELHI,DEL01976,KIMBAL PRIVATE LIMITED,Energy Meter,Smart Meter,,Energy Meter,Smart Meter,ARPIT SINGH,Prakash,NICHICON,NICHICON,Abhinandan,Shraddha,UCS2V220MHD1TO,Existing,8.5,0.0837,1200000,1200000,1200000,1200000,1200000,1200000,1200000,1200000,1200000,1200000,1200000,1200000,10200000,10200000,10200000,10200000,10200000,10200000,10200000,10200000,10200000,10200000,10200000,10200000,14400,122400000,1.3871260199456,,
,1,,INR,NORTH,NEW DELHI,DEL00010,ALLIED ENGINEERING WORKS LIMITED,Energy Meter,Smart Meter,ALLIED ENGINEERING WORKS LIMITED,Energy Meter,Smart Meter,SURAJ PANDEY,Palak,QUECTEL,QUECTEL,Ram Mohan,Lavanya,EC200NCNAD-N05-SNNSI,New,360,,25000,25000,25000,25000,25000,25000,25000,25000,25000,25000,25000,25000,9000000,9000000,0,9000000,9000000,9000000,9000000,9000000,9000000,9000000,9000000,9000000,300,99000000,1.1219401631913,,
A2194,5,,INR,NORTH,NEW DELHI,DEL00038,EPPELTONE ENGINEERS LIMITED,Energy Meter,Smart Meter,,Energy Meter,Smart Meter,KULDEEP KUMAR,Poonam Kashyap,QUECTEL,QUECTEL,Ram Mohan,Lavanya,EG800AKCN11LC-4I-SNNSA,Existing,178,2.6,50000,,50000,,,,50000,,,50000,,,8900000,0,0,0,0,0,8900000,0,0,8900000,0,0,200,26700000,0.302583862194016,,
A8366,5,,INR,NORTH,CHANDIGARH,DEL00016,AVON METERS PRIVATE LIMITED,Energy Meter,Single Phase,,Energy Meter,Single Phase,MAHESH KUMAR MITTAL,Palak,QUECTEL,QUECTEL,Ram Mohan,Lavanya,EC200NCNAD-N05-SNNSI,Existing,352,337,20000,20000,20000,20000,20000,20000,20000,20000,5000,5000,5000,5000,7040000,7040000,7040000,7040000,7040000,7040000,7040000,7040000,1760000,1760000,1760000,1760000,180,63360000,0.71804170444243,DP is in INR,
,1,,USD,NORTH,NEW DELHI,DEL00012,A.Paul Software Systems Private Limited,Industrial,Security & Surveillance,A.Paul Software Systems Private Limited,Industrial,Security & Surveillance,SURAJ PANDEY,Abha,Renesas,Renesas,,,R8A774B1HA01BG,New,30,,,,,,,,500,,,,,,0,0,0,0,0,0,15000,0,0,0,0,0,0.5,15000,0.015,,
,1,,USD,NORTH,NEW DELHI,DEL00012,A.Paul Software Systems Private Limited,Industrial,Security & Surveillance,A.Paul Software Systems Private Limited,Industrial,Security & Surveillance,SURAJ PANDEY,Abha,RENESAS,RENESAS,,,R8A774B0HA01BG#G2,New,24.97,,,,,,,,500,,,,,,0,0,0,0,0,0,12485,0,0,0,0,0,0.5,12485,0.012485,,
,1,,USD,NORTH,NEW DELHI,DEL00012,A.Paul Software Systems Private Limited,Industrial,Security & Surveillance,A.Paul Software Systems Private Limited,Industrial,Security & Surveillance,SURAJ PANDEY,Abha,Renesas,Renesas,,,R9A09G047E57GBG,New,17,,,,,,,,500,,,,,,0,0,0,0,0,0,8500,0,0,0,0,0,0.5,8500,0.0085,,
,1,,USD,NORTH,NEW DELHI,DEL00012,A.Paul Software Systems Private Limited,Industrial,Security & Surveillance,A.Paul Software Systems Private Limited,Industrial,Security & Surveillance,SURAJ PANDEY,Abha,ESMT ,ESMT ,,,FC51J32SJTS2A-2.5BWGE2D ,New,14.8,,,,,,,,500,,,,,,0,0,0,0,0,0,7400,0,0,0,0,0,0.5,7400,0.0074,,
,1,,USD,NORTH,NEW DELHI,DEL00012,A.Paul Software Systems Private Limited,Industrial,Security & Surveillance,A.Paul Software Systems Private Limited,Industrial,Security & Surveillance,SURAJ PANDEY,Abha,Qorvo ,Qorvo ,,,ACT85411-101T,New,8,,,,,,,,500,,,,,,0,0,0,0,0,0,4000,0,0,0,0,0,0.5,4000,0.004,,
,1,,USD,NORTH,NEW DELHI,DEL00012,A.Paul Software Systems Private Limited,Industrial,Security & Surveillance,A.Paul Software Systems Private Limited,Industrial,Security & Surveillance,SURAJ PANDEY,Abha,Qorvo,Qorvo,,,ACT88760-116T,New,7.4,,,,,,,,500,,,,,,0,0,0,0,0,0,3700,0,0,0,0,0,0.5,3700,0.0037,,
,1,,USD,NORTH,NEW DELHI,DEL00012,A.Paul Software Systems Private Limited,Industrial,Security & Surveillance,A.Paul Software Systems Private Limited,Industrial,Security & Surveillance,SURAJ PANDEY,Abha,Quectel,Quectel,,,FCS866R,New,5.85,,,,,,,,500,,,,,,0,0,0,0,0,0,2925,0,0,0,0,0,0.5,2925,0.002925,,
,1,,USD,NORTH,NEW DELHI,DEL00012,A.Paul Software Systems Private Limited,Industrial,Security & Surveillance,A.Paul Software Systems Private Limited,Industrial,Security & Surveillance,SURAJ PANDEY,Abha,RENESAS,RENESAS,,,R7FS5D97C2A01CBG#AC0,New,5.07,,,,,,,,500,,,,,,0,0,0,0,0,0,2535,0,0,0,0,0,0.5,2535,0.002535,,
,1,,USD,NORTH,NEW DELHI,DEL00012,A.Paul Software Systems Private Limited,Industrial,Security & Surveillance,A.Paul Software Systems Private Limited,Industrial,Security & Surveillance,SURAJ PANDEY,Abha,Quectel,Quectel,,,L89HA-S90,New,4.85,,,,,,,,500,,,,,,0,0,0,0,0,0,2425,0,0,0,0,0,0.5,2425,0.002425,,
,1,,USD,NORTH,NEW DELHI,DEL00012,A.Paul Software Systems Private Limited,Industrial,Security & Surveillance,A.Paul Software Systems Private Limited,Industrial,Security & Surveillance,SURAJ PANDEY,Abha,RENESAS,RENESAS,,,ISL81802FRTZ-T,New,4.57,,,,,,,,500,,,,,,0,0,0,0,0,0,2285,0,0,0,0,0,0.5,2285,0.002285,,
,1,,USD,NORTH,NEW DELHI,DEL00012,A.Paul Software Systems Private Limited,Industrial,Security & Surveillance,A.Paul Software Systems Private Limited,Industrial,Security & Surveillance,SURAJ PANDEY,Abha,Lontium,Lontium,,,LT9711,New,3.67,,,,,,,,500,,,,,,0,0,0,0,0,0,1835,0,0,0,0,0,0.5,1835,0.001835,,
,1,,USD,NORTH,NEW DELHI,DEL00012,A.Paul Software Systems Private Limited,Industrial,Security & Surveillance,A.Paul Software Systems Private Limited,Industrial,Security & Surveillance,SURAJ PANDEY,Abha,Macronix,Macronix,,,MX25U51245GXDI00-TR,New,3.6,,,,,,,,500,,,,,,0,0,0,0,0,0,1800,0,0,0,0,0,0.5,1800,0.0018,,
,1,,USD,NORTH,NEW DELHI,DEL00012,A.Paul Software Systems Private Limited,Industrial,Security & Surveillance,A.Paul Software Systems Private Limited,Industrial,Security & Surveillance,SURAJ PANDEY,Abha,J Micron,J Micron,,,JMS582-QFN48,New,2.68,,,,,,,,500,,,,,,0,0,0,0,0,0,1340,0,0,0,0,0,0.5,1340,0.00134,,
,1,,USD,NORTH,NEW DELHI,DEL00012,A.Paul Software Systems Private Limited,Industrial,Security & Surveillance,A.Paul Software Systems Private Limited,Industrial,Security & Surveillance,SURAJ PANDEY,Abha,Qorvo ,Qorvo ,,,ACT88430VM118-T,New,2.2,,,,,,,,500,,,,,,0,0,0,0,0,0,1100,0,0,0,0,0,0.5,1100,0.0011,,
,1,,USD,NORTH,NEW DELHI,DEL00012,A.Paul Software Systems Private Limited,Industrial,Security & Surveillance,A.Paul Software Systems Private Limited,Industrial,Security & Surveillance,SURAJ PANDEY,Abha,Qorvo,Qorvo,,,ACT88430,New,2.2,,,,,,,,500,,,,,,0,0,0,0,0,0,1100,0,0,0,0,0,0.5,1100,0.0011,,
,1,,USD,NORTH,NEW DELHI,DEL00012,A.Paul Software Systems Private Limited,Industrial,Security & Surveillance,A.Paul Software Systems Private Limited,Industrial,Security & Surveillance,SURAJ PANDEY,Abha,Renesas,Renesas,,,RAA215300A2GNP#HA0,New,2.2,,,,,,,,500,,,,,,0,0,0,0,0,0,1100,0,0,0,0,0,0.5,1100,0.0011,,
,1,,USD,NORTH,NEW DELHI,DEL00012,A.Paul Software Systems Private Limited,Industrial,Security & Surveillance,A.Paul Software Systems Private Limited,Industrial,Security & Surveillance,SURAJ PANDEY,Abha,RENESAS,RENESAS,,,RAA215300A2GNP#HA0,New,2.2,,,,,,,,500,,,,,,0,0,0,0,0,0,1100,0,0,0,0,0,0.5,1100,0.0011,,
,1,,USD,NORTH,NEW DELHI,DEL00012,A.Paul Software Systems Private Limited,Industrial,Security & Surveillance,A.Paul Software Systems Private Limited,Industrial,Security & Surveillance,SURAJ PANDEY,Abha,J Micron,J Micron,,,JMS583,New,2.12,,,,,,,,500,,,,,,0,0,0,0,0,0,1060,0,0,0,0,0,0.5,1060,0.00106,,
,1,,USD,NORTH,NEW DELHI,DEL00012,A.Paul Software Systems Private Limited,Industrial,Security & Surveillance,A.Paul Software Systems Private Limited,Industrial,Security & Surveillance,SURAJ PANDEY,Abha,Hirose,Hirose,,,IX60G-A-10P ,New,2.09461,,,,,,,,500,,,,,,0,0,0,0,0,0,1047.305,0,0,0,0,0,0.5,1047.305,0.001047305,,
,1,,USD,NORTH,NEW DELHI,DEL00012,A.Paul Software Systems Private Limited,Industrial,Security & Surveillance,A.Paul Software Systems Private Limited,Industrial,Security & Surveillance,SURAJ PANDEY,Abha,Renesas,Renesas,,,uPD720202,New,1.92,,,,,,,,500,,,,,,0,0,0,0,0,0,960,0,0,0,0,0,0.5,960,0.00096,,
,1,,USD,NORTH,NEW DELHI,DEL00012,A.Paul Software Systems Private Limited,Industrial,Security & Surveillance,A.Paul Software Systems Private Limited,Industrial,Security & Surveillance,SURAJ PANDEY,Abha,RENESAS,RENESAS,Uma,,9FGV0841AKILF,New,1.65,1.44,,,,,,,500,,,,,,0,0,0,0,0,0,825,0,0,0,0,0,0.5,825,0.000825,,
,1,,USD,NORTH,NEW DELHI,DEL00012,A.Paul Software Systems Private Limited,Industrial,Security & Surveillance,A.Paul Software Systems Private Limited,Industrial,Security & Surveillance,SURAJ PANDEY,Abha,Renesas,Renesas,,,UPD720210K8-BAF-A,New,1.54,,,,,,,,500,,,,,,0,0,0,0,0,0,770,0,0,0,0,0,0.5,770,0.00077,,
,1,,USD,NORTH,NEW DELHI,DEL00012,A.Paul Software Systems Private Limited,Industrial,Security & Surveillance,A.Paul Software Systems Private Limited,Industrial,Security & Surveillance,SURAJ PANDEY,Abha,Bosch,Bosch,,,BMI270,New,1.5,,,,,,,,500,,,,,,0,0,0,0,0,0,750,0,0,0,0,0,0.5,750,0.00075,,
,1,,USD,NORTH,NEW DELHI,DEL00012,A.Paul Software Systems Private Limited,Industrial,Security & Surveillance,A.Paul Software Systems Private Limited,Industrial,Security & Surveillance,SURAJ PANDEY,Abha,Bosch,Bosch,,,BMI270,New,1.5,,,,,,,,500,,,,,,0,0,0,0,0,0,750,0,0,0,0,0,0.5,750,0.00075,,
,1,,USD,NORTH,NEW DELHI,DEL00012,A.Paul Software Systems Private Limited,Industrial,Security & Surveillance,A.Paul Software Systems Private Limited,Industrial,Security & Surveillance,SURAJ PANDEY,Abha,SealSq,SealSq,,,VAULTIC408,New,1.48,,,,,,,,500,,,,,,0,0,0,0,0,0,740,0,0,0,0,0,0.5,740,0.00074,,
,1,,USD,NORTH,NEW DELHI,DEL00012,A.Paul Software Systems Private Limited,Industrial,Security & Surveillance,A.Paul Software Systems Private Limited,Industrial,Security & Surveillance,SURAJ PANDEY,Abha,Renesas,Renesas,,,DA7212-01UM2,New,1.365,,,,,,,,500,,,,,,0,0,0,0,0,0,682.5,0,0,0,0,0,0.5,682.5,0.0006825,,
,1,,USD,NORTH,NEW DELHI,DEL00012,A.Paul Software Systems Private Limited,Industrial,Security & Surveillance,A.Paul Software Systems Private Limited,Industrial,Security & Surveillance,SURAJ PANDEY,Abha,ECS,ECS,,,ECS-TXO-3225MV-122.8-TR,New,1.23529,,,,,,,,500,,,,,,0,0,0,0,0,0,617.645,0,0,0,0,0,0.5,617.645,0.000617645,,
,1,,USD,NORTH,NEW DELHI,DEL00012,A.Paul Software Systems Private Limited,Industrial,Security & Surveillance,A.Paul Software Systems Private Limited,Industrial,Security & Surveillance,SURAJ PANDEY,Abha,ECS,ECS,,,ECS-327MV-CN-TR,New,1.17647,,,,,,,,500,,,,,,0,0,0,0,0,0,588.235,0,0,0,0,0,0.5,588.235,0.000588235,,
,1,,USD,NORTH,NEW DELHI,DEL00012,A.Paul Software Systems Private Limited,Industrial,Security & Surveillance,A.Paul Software Systems Private Limited,Industrial,Security & Surveillance,SURAJ PANDEY,Abha,RENESAS,RENESAS,,,HS3002,New,1.15,,,,,,,,500,,,,,,0,0,0,0,0,0,575,0,0,0,0,0,0.5,575,0.000575,,
,1,,USD,NORTH,NEW DELHI,DEL00012,A.Paul Software Systems Private Limited,Industrial,Security & Surveillance,A.Paul Software Systems Private Limited,Industrial,Security & Surveillance,SURAJ PANDEY,Abha,Renesas,Renesas,,,5L35023B-000NLGI,New,1.145,,,,,,,,500,,,,,,0,0,0,0,0,0,572.5,0,0,0,0,0,0.5,572.5,0.0005725,,
,1,,USD,NORTH,NEW DELHI,DEL00012,A.Paul Software Systems Private Limited,Industrial,Security & Surveillance,A.Paul Software Systems Private Limited,Industrial,Security & Surveillance,SURAJ PANDEY,Abha,Lontium,Lontium,,,LT8711V,New,1.1,,,,,,,,500,,,,,,0,0,0,0,0,0,550,0,0,0,0,0,0.5,550,0.00055,,
,1,,USD,NORTH,NEW DELHI,DEL00012,A.Paul Software Systems Private Limited,Industrial,Security & Surveillance,A.Paul Software Systems Private Limited,Industrial,Security & Surveillance,SURAJ PANDEY,Abha,Renesas,Renesas,,,5P35023B-000NLGI,New,1.092,,,,,,,,500,,,,,,0,0,0,0,0,0,546,0,0,0,0,0,0.5,546,0.000546,,
,1,,USD,NORTH,NEW DELHI,DEL00012,A.Paul Software Systems Private Limited,Industrial,Security & Surveillance,A.Paul Software Systems Private Limited,Industrial,Security & Surveillance,SURAJ PANDEY,Abha,Renesas,Renesas,,,AT25QL128A-MHE-T,New,1.05,,,,,,,,500,,,,,,0,0,0,0,0,0,525,0,0,0,0,0,0.5,525,0.000525,,
,1,,USD,NORTH,NEW DELHI,DEL00012,A.Paul Software Systems Private Limited,Industrial,Security & Surveillance,A.Paul Software Systems Private Limited,Industrial,Security & Surveillance,SURAJ PANDEY,Abha,Renesas,Renesas,,,ISL91127IIAZ-T7A,New,0.914,,,,,,,,500,,,,,,0,0,0,0,0,0,457,0,0,0,0,0,0.5,457,0.000457,,
,1,,USD,NORTH,NEW DELHI,DEL00012,A.Paul Software Systems Private Limited,Industrial,Security & Surveillance,A.Paul Software Systems Private Limited,Industrial,Security & Surveillance,SURAJ PANDEY,Abha,RENESAS,RENESAS,Uma,,ISL80505IRAJZ,New,0.9,0.78,,,,,,,500,,,,,,0,0,0,0,0,0,450,0,0,0,0,0,0.5,450,0.00045,,
,1,,USD,NORTH,NEW DELHI,DEL00012,A.Paul Software Systems Private Limited,Industrial,Security & Surveillance,A.Paul Software Systems Private Limited,Industrial,Security & Surveillance,SURAJ PANDEY,Abha,Dialog Semiconductor,Dialog Semiconductor,,,DA7218-00U32,New,0.889,,,,,,,,500,,,,,,0,0,0,0,0,0,444.5,0,0,0,0,0,0.5,444.5,0.0004445,,
,1,,USD,NORTH,NEW DELHI,DEL00012,A.Paul Software Systems Private Limited,Industrial,Security & Surveillance,A.Paul Software Systems Private Limited,Industrial,Security & Surveillance,SURAJ PANDEY,Abha,Renesas,Renesas,,,DA7218,New,0.889,,,,,,,,500,,,,,,0,0,0,0,0,0,444.5,0,0,0,0,0,0.5,444.5,0.0004445,,
,1,,USD,NORTH,NEW DELHI,DEL00012,A.Paul Software Systems Private Limited,Industrial,Security & Surveillance,A.Paul Software Systems Private Limited,Industrial,Security & Surveillance,SURAJ PANDEY,Abha,ECS,ECS,,,ECS-2520Q-18-330-BS-TR,New,0.88,,,,,,,,500,,,,,,0,0,0,0,0,0,440,0,0,0,0,0,0.5,440,0.00044,,
,1,,USD,NORTH,NEW DELHI,DEL00012,A.Paul Software Systems Private Limited,Industrial,Security & Surveillance,A.Paul Software Systems Private Limited,Industrial,Security & Surveillance,SURAJ PANDEY,Abha,Renesas,Renesas,,,ISL61861BIBZ ,New,0.872,,,,,,,,500,,,,,,0,0,0,0,0,0,436,0,0,0,0,0,0.5,436,0.000436,,
,1,,USD,NORTH,NEW DELHI,DEL00012,A.Paul Software Systems Private Limited,Industrial,Security & Surveillance,A.Paul Software Systems Private Limited,Industrial,Security & Surveillance,SURAJ PANDEY,Abha,RENESAS,RENESAS,Uma,,ISL1208IB8Z,New,0.78,0.9,,,,,,,500,,,,,,0,0,0,0,0,0,390,0,0,0,0,0,0.5,390,0.00039,,
,1,,USD,NORTH,NEW DELHI,DEL00012,A.Paul Software Systems Private Limited,Industrial,Security & Surveillance,A.Paul Software Systems Private Limited,Industrial,Security & Surveillance,SURAJ PANDEY,Abha,ECS,ECS,,,ECS-3225MVQ-1250-CN-TR,New,0.73,,,,,,,,500,,,,,,0,0,0,0,0,0,365,0,0,0,0,0,0.5,365,0.000365,,
,1,,USD,NORTH,NEW DELHI,DEL00012,A.Paul Software Systems Private Limited,Industrial,Security & Surveillance,A.Paul Software Systems Private Limited,Industrial,Security & Surveillance,SURAJ PANDEY,Abha,JAE,JAE,,,DX07S024WJ3R400,New,0.729,,,,,,,,500,,,,,,0,0,0,0,0,0,364.5,0,0,0,0,0,0.5,364.5,0.0003645,,
,1,,USD,NORTH,NEW DELHI,DEL00012,A.Paul Software Systems Private Limited,Industrial,Security & Surveillance,A.Paul Software Systems Private Limited,Industrial,Security & Surveillance,SURAJ PANDEY,Abha,Hirose,Hirose,,,FH26W-39S-0.3SHW(60) ,New,0.70817,,,,,,,,500,,,,,,0,0,0,0,0,0,354.085,0,0,0,0,0,0.5,354.085,0.000354085,,
,1,,USD,NORTH,NEW DELHI,DEL00012,A.Paul Software Systems Private Limited,Industrial,Security & Surveillance,A.Paul Software Systems Private Limited,Industrial,Security & Surveillance,SURAJ PANDEY,Abha,RENESAS,RENESAS,,,R7FA2E3053CNH#BA0,New,0.66,,,,,,,,500,,,,,,0,0,0,0,0,0,330,0,0,0,0,0,0.5,330,0.00033,,
,1,,USD,NORTH,NEW DELHI,DEL00012,A.Paul Software Systems Private Limited,Industrial,Security & Surveillance,A.Paul Software Systems Private Limited,Industrial,Security & Surveillance,SURAJ PANDEY,Abha,ECS,ECS,,,ECS-2520MVLC-225.792-BN-TR,New,0.65882,,,,,,,,500,,,,,,0,0,0,0,0,0,329.41,0,0,0,0,0,0.5,329.41,0.00032941,,
,1,,USD,NORTH,NEW DELHI,DEL00012,A.Paul Software Systems Private Limited,Industrial,Security & Surveillance,A.Paul Software Systems Private Limited,Industrial,Security & Surveillance,SURAJ PANDEY,Abha,Renesas,Renesas,,,HS3002,New,0.64,,,,,,,,500,,,,,,0,0,0,0,0,0,320,0,0,0,0,0,0.5,320,0.00032,,
,1,,USD,NORTH,NEW DELHI,DEL00012,A.Paul Software Systems Private Limited,Industrial,Security & Surveillance,A.Paul Software Systems Private Limited,Industrial,Security & Surveillance,SURAJ PANDEY,Abha,Vishay,Vishay,,,M55342K11B1E00RS3,New,0.6199,,,,,,,,500,,,,,,0,0,0,0,0,0,309.95,0,0,0,0,0,0.5,309.95,0.00030995,,
,1,,USD,NORTH,NEW DELHI,DEL00012,A.Paul Software Systems Private Limited,Industrial,Security & Surveillance,A.Paul Software Systems Private Limited,Industrial,Security & Surveillance,SURAJ PANDEY,Abha,Renesas,Renesas,,,ISL91117IIAZ-T,New,0.57,,,,,,,,500,,,,,,0,0,0,0,0,0,285,0,0,0,0,0,0.5,285,0.000285,,
,1,,USD,NORTH,NEW DELHI,DEL00012,A.Paul Software Systems Private Limited,Industrial,Security & Surveillance,A.Paul Software Systems Private Limited,Industrial,Security & Surveillance,SURAJ PANDEY,Abha,ATTEND,ATTEND,,,115A-ADA0-R02,New,0.517,,,,,,,,500,,,,,,0,0,0,0,0,0,258.5,0,0,0,0,0,0.5,258.5,0.0002585,,
,1,,USD,NORTH,NEW DELHI,DEL00012,A.Paul Software Systems Private Limited,Industrial,Security & Surveillance,A.Paul Software Systems Private Limited,Industrial,Security & Surveillance,SURAJ PANDEY,Abha,Dialog Semiconductor,Dialog Semiconductor,,,SLG46585M_3,New,0.49,,,,,,,,500,,,,,,0,0,0,0,0,0,245,0,0,0,0,0,0.5,245,0.000245,,
,1,,USD,NORTH,NEW DELHI,DEL00012,A.Paul Software Systems Private Limited,Industrial,Security & Surveillance,A.Paul Software Systems Private Limited,Industrial,Security & Surveillance,SURAJ PANDEY,Abha,Sealsq,Sealsq,,,VaultIC292,New,0.46,,,,,,,,500,,,,,,0,0,0,0,0,0,230,0,0,0,0,0,0.5,230,0.00023,,
,1,,USD,NORTH,NEW DELHI,DEL00012,A.Paul Software Systems Private Limited,Industrial,Security & Surveillance,A.Paul Software Systems Private Limited,Industrial,Security & Surveillance,SURAJ PANDEY,Abha,ATTEND,ATTEND,,,112J-TDAR-R01,New,0.448,,,,,,,,500,,,,,,0,0,0,0,0,0,224,0,0,0,0,0,0.5,224,0.000224,,
,1,,USD,NORTH,NEW DELHI,DEL00012,A.Paul Software Systems Private Limited,Industrial,Security & Surveillance,A.Paul Software Systems Private Limited,Industrial,Security & Surveillance,SURAJ PANDEY,Abha,ECS,ECS,,,ECS-250-20-33-CKM-TR,New,0.44705,,,,,,,,500,,,,,,0,0,0,0,0,0,223.525,0,0,0,0,0,0.5,223.525,0.000223525,,
,1,,USD,NORTH,NEW DELHI,DEL00012,A.Paul Software Systems Private Limited,Industrial,Security & Surveillance,A.Paul Software Systems Private Limited,Industrial,Security & Surveillance,SURAJ PANDEY,Abha,ECS,ECS,,,ECS-250-20-33-CKM-TR,New,0.44705,,,,,,,,500,,,,,,0,0,0,0,0,0,223.525,0,0,0,0,0,0.5,223.525,0.000223525,,
,1,,USD,NORTH,NEW DELHI,DEL00012,A.Paul Software Systems Private Limited,Industrial,Security & Surveillance,A.Paul Software Systems Private Limited,Industrial,Security & Surveillance,SURAJ PANDEY,Abha,ECS,ECS,,,ECS-250-20-33-CKM-TR,New,0.44705,,,,,,,,500,,,,,,0,0,0,0,0,0,223.525,0,0,0,0,0,0.5,223.525,0.000223525,,
,1,,USD,NORTH,NEW DELHI,DEL00012,A.Paul Software Systems Private Limited,Industrial,Security & Surveillance,A.Paul Software Systems Private Limited,Industrial,Security & Surveillance,SURAJ PANDEY,Abha,ATTEND,ATTEND,,,123A-85MA0,New,0.437,,,,,,,,500,,,,,,0,0,0,0,0,0,218.5,0,0,0,0,0,0.5,218.5,0.0002185,,
,1,,USD,NORTH,NEW DELHI,DEL00012,A.Paul Software Systems Private Limited,Industrial,Security & Surveillance,A.Paul Software Systems Private Limited,Industrial,Security & Surveillance,SURAJ PANDEY,Abha,ATTEND,ATTEND,,,123A-85BA0,New,0.437,,,,,,,,500,,,,,,0,0,0,0,0,0,218.5,0,0,0,0,0,0.5,218.5,0.0002185,,
,1,,USD,NORTH,NEW DELHI,DEL00012,A.Paul Software Systems Private Limited,Industrial,Security & Surveillance,A.Paul Software Systems Private Limited,Industrial,Security & Surveillance,SURAJ PANDEY,Abha,Pulse Electronics,Pulse Electronics,,,HX5084NL,New,0.425,,,,,,,,500,,,,,,0,0,0,0,0,0,212.5,0,0,0,0,0,0.5,212.5,0.0002125,,
,1,,USD,NORTH,NEW DELHI,DEL00012,A.Paul Software Systems Private Limited,Industrial,Security & Surveillance,A.Paul Software Systems Private Limited,Industrial,Security & Surveillance,SURAJ PANDEY,Abha,ECS,ECS,,,ECS-.327-CDX-2217,New,0.42352,,,,,,,,500,,,,,,0,0,0,0,0,0,211.76,0,0,0,0,0,0.5,211.76,0.00021176,,
,1,,USD,NORTH,NEW DELHI,DEL00012,A.Paul Software Systems Private Limited,Industrial,Security & Surveillance,A.Paul Software Systems Private Limited,Industrial,Security & Surveillance,SURAJ PANDEY,Abha,VISHAY,VISHAY,,,WSL1206R0100FEA18 ,New,0.42126,,,,,,,,500,,,,,,0,0,0,0,0,0,210.63,0,0,0,0,0,0.5,210.63,0.00021063,,
,1,,USD,NORTH,NEW DELHI,DEL00012,A.Paul Software Systems Private Limited,Industrial,Security & Surveillance,A.Paul Software Systems Private Limited,Industrial,Security & Surveillance,SURAJ PANDEY,Abha,Vishay,Vishay,,,TR3C106K035C0450,New,0.399076,,,,,,,,500,,,,,,0,0,0,0,0,0,199.538,0,0,0,0,0,0.5,199.538,0.000199538,,
,1,,USD,NORTH,NEW DELHI,DEL00012,A.Paul Software Systems Private Limited,Industrial,Security & Surveillance,A.Paul Software Systems Private Limited,Industrial,Security & Surveillance,SURAJ PANDEY,Abha,Renesas,Renesas,,,RV1S9160ACCSP-100V#KC0,New,0.37,,,,,,,,500,,,,,,0,0,0,0,0,0,185,0,0,0,0,0,0.5,185,0.000185,,
,1,,USD,NORTH,NEW DELHI,DEL00012,A.Paul Software Systems Private Limited,Industrial,Security & Surveillance,A.Paul Software Systems Private Limited,Industrial,Security & Surveillance,SURAJ PANDEY,Abha,Pulse Electronics,Pulse Electronics,,,HX5084NL,New,0.365,,,,,,,,500,,,,,,0,0,0,0,0,0,182.5,0,0,0,0,0,0.5,182.5,0.0001825,,
,1,,USD,NORTH,NEW DELHI,DEL00012,A.Paul Software Systems Private Limited,Industrial,Security & Surveillance,A.Paul Software Systems Private Limited,Industrial,Security & Surveillance,SURAJ PANDEY,Abha,Pulse Electronics,Pulse Electronics,,,HX5084NL,New,0.365,,,,,,,,500,,,,,,0,0,0,0,0,0,182.5,0,0,0,0,0,0.5,182.5,0.0001825,,
,1,,USD,NORTH,NEW DELHI,DEL00012,A.Paul Software Systems Private Limited,Industrial,Security & Surveillance,A.Paul Software Systems Private Limited,Industrial,Security & Surveillance,SURAJ PANDEY,Abha,Hirose Electric,Hirose Electric,,,U.FL-R-SMT-1(80) ,New,0.3644,,,,,,,,500,,,,,,0,0,0,0,0,0,182.2,0,0,0,0,0,0.5,182.2,0.0001822,,
,1,,USD,NORTH,NEW DELHI,DEL00012,A.Paul Software Systems Private Limited,Industrial,Security & Surveillance,A.Paul Software Systems Private Limited,Industrial,Security & Surveillance,SURAJ PANDEY,Abha,Hirose Electric,Hirose Electric,,,U.FL-R-SMT-1(80) ,New,0.3644,,,,,,,,500,,,,,,0,0,0,0,0,0,182.2,0,0,0,0,0,0.5,182.2,0.0001822,,
,1,,USD,NORTH,NEW DELHI,DEL00012,A.Paul Software Systems Private Limited,Industrial,Security & Surveillance,A.Paul Software Systems Private Limited,Industrial,Security & Surveillance,SURAJ PANDEY,Abha,ROHM,ROHM,,,RS3G160ATTB1,New,0.35597,,,,,,,,500,,,,,,0,0,0,0,0,0,177.985,0,0,0,0,0,0.5,177.985,0.000177985,,
,1,,USD,NORTH,NEW DELHI,DEL00012,A.Paul Software Systems Private Limited,Industrial,Security & Surveillance,A.Paul Software Systems Private Limited,Industrial,Security & Surveillance,SURAJ PANDEY,Abha,Renesas,Renesas,,,ISL80030AFRZ,New,0.34,,,,,,,,500,,,,,,0,0,0,0,0,0,170,0,0,0,0,0,0.5,170,0.00017,,
,1,,USD,NORTH,NEW DELHI,DEL00012,A.Paul Software Systems Private Limited,Industrial,Security & Surveillance,A.Paul Software Systems Private Limited,Industrial,Security & Surveillance,SURAJ PANDEY,Abha,Renesas,Renesas,,,ISL80510IRAJZ,New,0.34,,,,,,,,500,,,,,,0,0,0,0,0,0,170,0,0,0,0,0,0.5,170,0.00017,,
,1,,USD,NORTH,NEW DELHI,DEL00012,A.Paul Software Systems Private Limited,Industrial,Security & Surveillance,A.Paul Software Systems Private Limited,Industrial,Security & Surveillance,SURAJ PANDEY,Abha,Vishay,Vishay,,,VJ0603A151FXAAC,New,0.328158,,,,,,,,500,,,,,,0,0,0,0,0,0,164.079,0,0,0,0,0,0.5,164.079,0.000164079,,
,1,,USD,NORTH,NEW DELHI,DEL00012,A.Paul Software Systems Private Limited,Industrial,Security & Surveillance,A.Paul Software Systems Private Limited,Industrial,Security & Surveillance,SURAJ PANDEY,Abha,Renesas,Renesas,,,ISL80030A,New,0.326,,,,,,,,500,,,,,,0,0,0,0,0,0,163,0,0,0,0,0,0.5,163,0.000163,,
,1,,USD,NORTH,NEW DELHI,DEL00012,A.Paul Software Systems Private Limited,Industrial,Security & Surveillance,A.Paul Software Systems Private Limited,Industrial,Security & Surveillance,SURAJ PANDEY,Abha,ATTEND,ATTEND,,,206A-SEAN-R03,New,0.322,,,,,,,,500,,,,,,0,0,0,0,0,0,161,0,0,0,0,0,0.5,161,0.000161,,
,1,,USD,NORTH,NEW DELHI,DEL00012,A.Paul Software Systems Private Limited,Industrial,Security & Surveillance,A.Paul Software Systems Private Limited,Industrial,Security & Surveillance,SURAJ PANDEY,Abha,Hirose Electric,Hirose Electric,,,DF51A-12DP-2DSA(01),New,0.31,,,,,,,,500,,,,,,0,0,0,0,0,0,155,0,0,0,0,0,0.5,155,0.000155,,
,1,,USD,NORTH,NEW DELHI,DEL00012,A.Paul Software Systems Private Limited,Industrial,Security & Surveillance,A.Paul Software Systems Private Limited,Industrial,Security & Surveillance,SURAJ PANDEY,Abha,Vishay,Vishay,,,CRCW08050000Z0TAHP,New,0.30385,,,,,,,,500,,,,,,0,0,0,0,0,0,151.925,0,0,0,0,0,0.5,151.925,0.000151925,,
,1,,USD,NORTH,NEW DELHI,DEL00012,A.Paul Software Systems Private Limited,Industrial,Security & Surveillance,A.Paul Software Systems Private Limited,Industrial,Security & Surveillance,SURAJ PANDEY,Abha,YAGEO,YAGEO,,,RC0402FR-070RL,New,0.29,,,,,,,,500,,,,,,0,0,0,0,0,0,145,0,0,0,0,0,0.5,145,0.000145,,
,1,,USD,NORTH,NEW DELHI,DEL00012,A.Paul Software Systems Private Limited,Industrial,Security & Surveillance,A.Paul Software Systems Private Limited,Industrial,Security & Surveillance,SURAJ PANDEY,Abha,TDK,TDK,,,SPM10040T-100M,New,0.2875,,,,,,,,500,,,,,,0,0,0,0,0,0,143.75,0,0,0,0,0,0.5,143.75,0.00014375,,
,1,,USD,NORTH,NEW DELHI,DEL00012,A.Paul Software Systems Private Limited,Industrial,Security & Surveillance,A.Paul Software Systems Private Limited,Industrial,Security & Surveillance,SURAJ PANDEY,Abha,Vishay,Vishay,,,293D106X9035C2TE3,New,0.273828,,,,,,,,500,,,,,,0,0,0,0,0,0,136.914,0,0,0,0,0,0.5,136.914,0.000136914,,
,1,,USD,NORTH,NEW DELHI,DEL00012,A.Paul Software Systems Private Limited,Industrial,Security & Surveillance,A.Paul Software Systems Private Limited,Industrial,Security & Surveillance,SURAJ PANDEY,Abha,Renesas,Renesas,,,RAA808013GP3,New,0.272,,,,,,,,500,,,,,,0,0,0,0,0,0,136,0,0,0,0,0,0.5,136,0.000136,,
,1,,USD,NORTH,NEW DELHI,DEL00012,A.Paul Software Systems Private Limited,Industrial,Security & Surveillance,A.Paul Software Systems Private Limited,Industrial,Security & Surveillance,SURAJ PANDEY,Abha,Hirose Electric,Hirose Electric,,,DF51A-8DP-2DSA(01),New,0.2485,,,,,,,,500,,,,,,0,0,0,0,0,0,124.25,0,0,0,0,0,0.5,124.25,0.00012425,,
,1,,USD,NORTH,NEW DELHI,DEL00012,A.Paul Software Systems Private Limited,Industrial,Security & Surveillance,A.Paul Software Systems Private Limited,Industrial,Security & Surveillance,SURAJ PANDEY,Abha,Dialog Semiconductor,Dialog Semiconductor,,,SLG46537V,New,0.24,,,,,,,,500,,,,,,0,0,0,0,0,0,120,0,0,0,0,0,0.5,120,0.00012,,
,1,,USD,NORTH,NEW DELHI,DEL00012,A.Paul Software Systems Private Limited,Industrial,Security & Surveillance,A.Paul Software Systems Private Limited,Industrial,Security & Surveillance,SURAJ PANDEY,Abha,ECS,ECS,,,ECS-.327-12.5-12-TR,New,0.22352,,,,,,,,500,,,,,,0,0,0,0,0,0,111.76,0,0,0,0,0,0.5,111.76,0.00011176,,
,1,,USD,NORTH,NEW DELHI,DEL00012,A.Paul Software Systems Private Limited,Industrial,Security & Surveillance,A.Paul Software Systems Private Limited,Industrial,Security & Surveillance,SURAJ PANDEY,Abha,RENESAS,RENESAS,Uma,,R5F12068ASP#30,New,0.22,0.193,,,,,,,500,,,,,,0,0,0,0,0,0,110,0,0,0,0,0,0.5,110,0.00011,,
,1,,USD,NORTH,NEW DELHI,DEL00012,A.Paul Software Systems Private Limited,Industrial,Security & Surveillance,A.Paul Software Systems Private Limited,Industrial,Security & Surveillance,SURAJ PANDEY,Abha,ECS,ECS,,,ECS-500-10-33-RTN-TR,New,0.21764,,,,,,,,500,,,,,,0,0,0,0,0,0,108.82,0,0,0,0,0,0.5,108.82,0.00010882,,
,1,,USD,NORTH,NEW DELHI,DEL00012,A.Paul Software Systems Private Limited,Industrial,Security & Surveillance,A.Paul Software Systems Private Limited,Industrial,Security & Surveillance,SURAJ PANDEY,Abha,AOS,AOS,,,AOD4189,New,0.215,,,,,,,,500,,,,,,0,0,0,0,0,0,107.5,0,0,0,0,0,0.5,107.5,0.0001075,,
,1,,USD,NORTH,NEW DELHI,DEL00012,A.Paul Software Systems Private Limited,Industrial,Security & Surveillance,A.Paul Software Systems Private Limited,Industrial,Security & Surveillance,SURAJ PANDEY,Abha,KEMET,KEMET,,,C0402H102J3GACT250,New,0.2058,,,,,,,,500,,,,,,0,0,0,0,0,0,102.9,0,0,0,0,0,0.5,102.9,0.0001029,,
,1,,USD,NORTH,NEW DELHI,DEL00012,A.Paul Software Systems Private Limited,Industrial,Security & Surveillance,A.Paul Software Systems Private Limited,Industrial,Security & Surveillance,SURAJ PANDEY,Abha,ROHM,ROHM,,,BD82006FVJ-MGE2,New,0.20177,,,,,,,,500,,,,,,0,0,0,0,0,0,100.885,0,0,0,0,0,0.5,100.885,0.000100885,,
,1,,USD,NORTH,NEW DELHI,DEL00012,A.Paul Software Systems Private Limited,Industrial,Security & Surveillance,A.Paul Software Systems Private Limited,Industrial,Security & Surveillance,SURAJ PANDEY,Abha,ROHM,ROHM,,,BD82007FVJ-MGE2,New,0.20177,,,,,,,,500,,,,,,0,0,0,0,0,0,100.885,0,0,0,0,0,0.5,100.885,0.000100885,,
,1,,USD,NORTH,NEW DELHI,DEL00012,A.Paul Software Systems Private Limited,Industrial,Security & Surveillance,A.Paul Software Systems Private Limited,Industrial,Security & Surveillance,SURAJ PANDEY,Abha,Vishay,Vishay,,,293D226X9016C2TE3,New,0.20121,,,,,,,,500,,,,,,0,0,0,0,0,0,100.605,0,0,0,0,0,0.5,100.605,0.000100605,,
,1,,USD,NORTH,NEW DELHI,DEL00012,A.Paul Software Systems Private Limited,Industrial,Security & Surveillance,A.Paul Software Systems Private Limited,Industrial,Security & Surveillance,SURAJ PANDEY,Abha,Vishay,Vishay,,,293D226X9016C2TE3,New,0.20121,,,,,,,,500,,,,,,0,0,0,0,0,0,100.605,0,0,0,0,0,0.5,100.605,0.000100605,,
,1,,USD,NORTH,NEW DELHI,DEL00012,A.Paul Software Systems Private Limited,Industrial,Security & Surveillance,A.Paul Software Systems Private Limited,Industrial,Security & Surveillance,SURAJ PANDEY,Abha,Vishay,Vishay,,,293D226X9016C2TE3,New,0.20121,,,,,,,,500,,,,,,0,0,0,0,0,0,100.605,0,0,0,0,0,0.5,100.605,0.000100605,,
,1,,USD,NORTH,NEW DELHI,DEL00012,A.Paul Software Systems Private Limited,Industrial,Security & Surveillance,A.Paul Software Systems Private Limited,Industrial,Security & Surveillance,SURAJ PANDEY,Abha,Vishay ,Vishay ,,,CRCW04020000Z0TDHP,New,0.2006,,,,,,,,500,,,,,,0,0,0,0,0,0,100.3,0,0,0,0,0,0.5,100.3,0.0001003,,
,1,,USD,NORTH,NEW DELHI,DEL00012,A.Paul Software Systems Private Limited,Industrial,Security & Surveillance,A.Paul Software Systems Private Limited,Industrial,Security & Surveillance,SURAJ PANDEY,Abha,Hirose ,Hirose ,,,DF11-4DP-2DSA(08),New,0.2,,,,,,,,500,,,,,,0,0,0,0,0,0,100,0,0,0,0,0,0.5,100,0.0001,,
,1,,USD,NORTH,NEW DELHI,DEL00012,A.Paul Software Systems Private Limited,Industrial,Security & Surveillance,A.Paul Software Systems Private Limited,Industrial,Security & Surveillance,SURAJ PANDEY,Abha,Hirose Electric,Hirose Electric,,,DF51A-4P-2DSA(01),New,0.1987,,,,,,,,500,,,,,,0,0,0,0,0,0,99.35,0,0,0,0,0,0.5,99.35,9.935e-05,,
,1,,USD,NORTH,NEW DELHI,DEL00012,A.Paul Software Systems Private Limited,Industrial,Security & Surveillance,A.Paul Software Systems Private Limited,Industrial,Security & Surveillance,SURAJ PANDEY,Abha,TDK,TDK,,,CLF7045NIT-100M-D ,New,0.1955,,,,,,,,500,,,,,,0,0,0,0,0,0,97.75,0,0,0,0,0,0.5,97.75,9.775e-05,,
,1,,USD,NORTH,NEW DELHI,DEL00012,A.Paul Software Systems Private Limited,Industrial,Security & Surveillance,A.Paul Software Systems Private Limited,Industrial,Security & Surveillance,SURAJ PANDEY,Abha,RENESAS,RENESAS,,,R5F10Y16ASP#10,New,0.19,,,,,,,,500,,,,,,0,0,0,0,0,0,95,0,0,0,0,0,0.5,95,9.5e-05,,
,1,,USD,NORTH,NEW DELHI,DEL00012,A.Paul Software Systems Private Limited,Industrial,Security & Surveillance,A.Paul Software Systems Private Limited,Industrial,Security & Surveillance,SURAJ PANDEY,Abha,QST ,QST ,,,QT252S-25.000MAHJ-T,New,0.18823,,,,,,,,500,,,,,,0,0,0,0,0,0,94.115,0,0,0,0,0,0.5,94.115,9.4115e-05,,
,1,,USD,NORTH,NEW DELHI,DEL00012,A.Paul Software Systems Private Limited,Industrial,Security & Surveillance,A.Paul Software Systems Private Limited,Industrial,Security & Surveillance,SURAJ PANDEY,Abha,ECS,ECS,,,ECS-270-20-33-CKM-TR,New,0.18,,,,,,,,500,,,,,,0,0,0,0,0,0,90,0,0,0,0,0,0.5,90,9e-05,,
,1,,USD,NORTH,NEW DELHI,DEL00012,A.Paul Software Systems Private Limited,Industrial,Security & Surveillance,A.Paul Software Systems Private Limited,Industrial,Security & Surveillance,SURAJ PANDEY,Abha,ECS,ECS,,,ECS-250-10-37B2-CWN-TR,New,0.17647,,,,,,,,500,,,,,,0,0,0,0,0,0,88.235,0,0,0,0,0,0.5,88.235,8.8235e-05,,
,1,,USD,NORTH,NEW DELHI,DEL00012,A.Paul Software Systems Private Limited,Industrial,Security & Surveillance,A.Paul Software Systems Private Limited,Industrial,Security & Surveillance,SURAJ PANDEY,Abha,Murata Electronics,Murata Electronics,,,GR443QR73D222KW01L,New,0.1736,,,,,,,,500,,,,,,0,0,0,0,0,0,86.8,0,0,0,0,0,0.5,86.8,8.68e-05,,
,1,,USD,NORTH,NEW DELHI,DEL00012,A.Paul Software Systems Private Limited,Industrial,Security & Surveillance,A.Paul Software Systems Private Limited,Industrial,Security & Surveillance,SURAJ PANDEY,Abha,Murata Electronics,Murata Electronics,,,GR443QR73D222KW01L,New,0.1736,,,,,,,,500,,,,,,0,0,0,0,0,0,86.8,0,0,0,0,0,0.5,86.8,8.68e-05,,
,1,,USD,NORTH,NEW DELHI,DEL00012,A.Paul Software Systems Private Limited,Industrial,Security & Surveillance,A.Paul Software Systems Private Limited,Industrial,Security & Surveillance,SURAJ PANDEY,Abha,AOS,AOS,,,AOZ8905,New,0.1725,,,,,,,,500,,,,,,0,0,0,0,0,0,86.25,0,0,0,0,0,0.5,86.25,8.625e-05,,
,1,,USD,NORTH,NEW DELHI,DEL00012,A.Paul Software Systems Private Limited,Industrial,Security & Surveillance,A.Paul Software Systems Private Limited,Industrial,Security & Surveillance,SURAJ PANDEY,Abha,TDK,TDK,,,SPM6530T-3R3M-HZ,New,0.1725,,,,,,,,500,,,,,,0,0,0,0,0,0,86.25,0,0,0,0,0,0.5,86.25,8.625e-05,,
,1,,USD,NORTH,NEW DELHI,DEL00012,A.Paul Software Systems Private Limited,Industrial,Security & Surveillance,A.Paul Software Systems Private Limited,Industrial,Security & Surveillance,SURAJ PANDEY,Abha,Vishay,Vishay,,,NTCS0603E3473FHT,New,0.168386,,,,,,,,500,,,,,,0,0,0,0,0,0,84.193,0,0,0,0,0,0.5,84.193,8.4193e-05,,
,1,,USD,NORTH,NEW DELHI,DEL00012,A.Paul Software Systems Private Limited,Industrial,Security & Surveillance,A.Paul Software Systems Private Limited,Industrial,Security & Surveillance,SURAJ PANDEY,Abha,ECS,ECS,,,ECS-250-18-36B2-CTY-TR,New,0.1647,,,,,,,,500,,,,,,0,0,0,0,0,0,82.35,0,0,0,0,0,0.5,82.35,8.235e-05,,
,1,,USD,NORTH,NEW DELHI,DEL00012,A.Paul Software Systems Private Limited,Industrial,Security & Surveillance,A.Paul Software Systems Private Limited,Industrial,Security & Surveillance,SURAJ PANDEY,Abha,Sumida,Sumida,,,CDRH6D28NP-3R9NC,New,0.1593,,,,,,,,500,,,,,,0,0,0,0,0,0,79.65,0,0,0,0,0,0.5,79.65,7.965e-05,,
,1,,USD,NORTH,NEW DELHI,DEL00012,A.Paul Software Systems Private Limited,Industrial,Security & Surveillance,A.Paul Software Systems Private Limited,Industrial,Security & Surveillance,SURAJ PANDEY,Abha,Sumida,Sumida,,,CDRH6D28NP-100NC,New,0.1593,,,,,,,,500,,,,,,0,0,0,0,0,0,79.65,0,0,0,0,0,0.5,79.65,7.965e-05,,
,1,,USD,NORTH,NEW DELHI,DEL00012,A.Paul Software Systems Private Limited,Industrial,Security & Surveillance,A.Paul Software Systems Private Limited,Industrial,Security & Surveillance,SURAJ PANDEY,Abha,Vishay ,Vishay ,,,MCT0603HZ0000ZP100,New,0.159182,,,,,,,,500,,,,,,0,0,0,0,0,0,79.591,0,0,0,0,0,0.5,79.591,7.9591e-05,,
,1,,USD,NORTH,NEW DELHI,DEL00012,A.Paul Software Systems Private Limited,Industrial,Security & Surveillance,A.Paul Software Systems Private Limited,Industrial,Security & Surveillance,SURAJ PANDEY,Abha,Vishay ,Vishay ,,,MCT0603HZ0000ZP100,New,0.159182,,,,,,,,500,,,,,,0,0,0,0,0,0,79.591,0,0,0,0,0,0.5,79.591,7.9591e-05,,
,1,,USD,NORTH,NEW DELHI,DEL00012,A.Paul Software Systems Private Limited,Industrial,Security & Surveillance,A.Paul Software Systems Private Limited,Industrial,Security & Surveillance,SURAJ PANDEY,Abha,Vishay,Vishay,,,SMAJ550HM3_B/H,New,0.155268,,,,,,,,500,,,,,,0,0,0,0,0,0,77.634,0,0,0,0,0,0.5,77.634,7.7634e-05,,
,1,,USD,NORTH,NEW DELHI,DEL00012,A.Paul Software Systems Private Limited,Industrial,Security & Surveillance,A.Paul Software Systems Private Limited,Industrial,Security & Surveillance,SURAJ PANDEY,Abha,Hirose Electric,Hirose Electric,,,DF13-6P-1.25DSA(05),New,0.15,,,,,,,,500,,,,,,0,0,0,0,0,0,75,0,0,0,0,0,0.5,75,7.5e-05,,
,1,,USD,NORTH,NEW DELHI,DEL00012,A.Paul Software Systems Private Limited,Industrial,Security & Surveillance,A.Paul Software Systems Private Limited,Industrial,Security & Surveillance,SURAJ PANDEY,Abha,Vishay,Vishay,,,TMCMA1A476MTRF,New,0.148314,,,,,,,,500,,,,,,0,0,0,0,0,0,74.157,0,0,0,0,0,0.5,74.157,7.4157e-05,,
,1,,USD,NORTH,NEW DELHI,DEL00012,A.Paul Software Systems Private Limited,Industrial,Security & Surveillance,A.Paul Software Systems Private Limited,Industrial,Security & Surveillance,SURAJ PANDEY,Abha,ECS,ECS,,,ECS-120-10-36B2-CWY-TR,New,0.14,,,,,,,,500,,,,,,0,0,0,0,0,0,70,0,0,0,0,0,0.5,70,7e-05,,
,1,,USD,NORTH,NEW DELHI,DEL00012,A.Paul Software Systems Private Limited,Industrial,Security & Surveillance,A.Paul Software Systems Private Limited,Industrial,Security & Surveillance,SURAJ PANDEY,Abha,AOS,AOS,,,AO4840,New,0.1302,,,,,,,,500,,,,,,0,0,0,0,0,0,65.1,0,0,0,0,0,0.5,65.1,6.51e-05,,
,1,,USD,NORTH,NEW DELHI,DEL00012,A.Paul Software Systems Private Limited,Industrial,Security & Surveillance,A.Paul Software Systems Private Limited,Industrial,Security & Surveillance,SURAJ PANDEY,Abha,Dialog Semiconductor,Dialog Semiconductor,,,SLG59M1557V,New,0.13,,,,,,,,500,,,,,,0,0,0,0,0,0,65,0,0,0,0,0,0.5,65,6.5e-05,,
A5930,,,INR,NORTH,JAIPUR,JPR00004,POLARIS SMART METERING PRIVATE LIMITED,Energy Meter,Smart Meter,,Energy Meter,Smart Meter,KULDEEP KUMAR,Neha Chauhan,EVE,EVE,Manju N,Kiran Bhamshetty,ER14250-3PF,Existing,42.85,0.395,150000,150000,150000,150000,150000,150000,150000,150000,150000,150000,150000,150000,6427500,6427500,6427500,6427500,6427500,6427500,6427500,6427500,6427500,6427500,6427500,6427500,1800,77130000,0.87409338168631,,
A5367,5,,INR,NORTH,NEW DELHI,DEL01976,KIMBAL PRIVATE LIMITED,Energy Meter,Smart Meter,,Energy Meter,Smart Meter,ARPIT SINGH,Prakash,EVE,EVE,Manju N,Kiran Bhamshetty,CR2032CKP,Existing,9.5,0.08,600000,600000,600000,600000,600000,600000,600000,600000,600000,600000,600000,600000,5700000,5700000,5700000,5700000,5700000,5700000,5700000,5700000,5700000,5700000,5700000,5700000,7200,68400000,0.775158658204896,,
,1,,INR,NORTH,NEW DELHI,DEL00859,PROBUS SMART THINGS PRIVATE LIMITED,Energy Meter,Single Phase,,Energy Meter,Single Phase,KULDEEP KUMAR,,QUECTEL,QUECTEL,Ram Mohan,Lavanya,EC200UCNAD-N05-SNNSI,New,368,351,,,10000,,,10000,,,10000,,,10000,0,0,0,0,0,3680000,0,0,3680000,0,0,3680000,40,11040000,0.125113327289211,,
A8321,5,,INR,NORTH,NEW DELHI,DEL00233,BENTEC INDIA LIMITED,Energy Meter,Three Phase,,Energy Meter,Three Phase,ARPIT SINGH,Neha Chauhan,QUECTEL,QUECTEL,Ram Mohan,Lavanya,EC200UCNAD-N05-SNNSI,New,354,340,10000,10000,10000,10000,10000,10000,10000,10000,10000,10000,10000,10000,3540000,3540000,3540000,3540000,3540000,3540000,3540000,3540000,3540000,3540000,3540000,3540000,120,42480000,0.481414324569356,DP is in INR,
A8330,,,INR,NORTH,NEW DELHI,DEL00072,NAPINO AUTO & ELECTRONICS LTD,Automotive,Fuel Injection System,,Automotive,Fuel Injection System,ARPIT SINGH,Palak,TAIWAN SEMI,TAIWAN SEMI,Gaurav,Prajwal,FRAF10JG,Existing,11.245,0,300000,300000,300000,,,,,,,,,,3373500,3373500,3373500,0,0,0,0,0,0,0,0,0,900,10120500,0.114692883046238,,
A11766,5,,USD,NORTH,GUJARAT,DEL01419,ACCESS COMPUTECH PVT LTD,Industrial,Others-Industrial,ACCESS COMPUTECH PVT LTD,Industrial,Others-Industrial,HARSH DOSHI,Poonam Kashyap,RENESAS,RENESAS,Uma,Manju PJ,R7FS5D97C2A01CBG#AC0,Existing,4.4,3.97,,,60000,,,60000,,,60000,,,60000,0,0,264000,0,0,264000,0,0,264000,0,0,264000,240,1056000,1.056,,
,1,,INR,NORTH,CHANDIGARH,DEL00016,AVON METERS PRIVATE LIMITED,Energy Meter,Single Phase,,Energy Meter,Single Phase,MAHESH KUMAR MITTAL,Poonam Kashyap,QUECTEL,QUECTEL,Ram Mohan,Lavanya,EG800AKCN11LC-4I-SNNSI,New,168,159.51,20000,20000,20000,20000,20000,20000,20000,20000,20000,20000,20000,20000,3360000,3360000,3360000,3360000,3360000,3360000,3360000,3360000,3360000,3360000,3360000,3360000,240,40320000,0.456935630099728,DP is in INR,
A3717,5,,INR,NORTH,NEW DELHI,DEL00061,LUMAX INDUSTRIES LIMITED,Automotive,Lighting,,Automotive,Lighting,MAHESH KUMAR MITTAL,Prakash,PANASONIC,PANASONIC,Vikram,Anbarasu,ERZHF2M220D,Existing,29.46,27.38919,100000,100000,100000,100000,100000,100000,100000,100000,100000,100000,100000,100000,2946000,2946000,2946000,2946000,2946000,2946000,2946000,2946000,2946000,2946000,2946000,2946000,1200,35352000,0.400634632819583,,
A6217,5,,INR,NORTH,JAIPUR,JPR00004,POLARIS SMART METERING PRIVATE LIMITED,Energy Meter,Smart Meter,,Energy Meter,Smart Meter,KULDEEP KUMAR,Neha Chauhan,EVE,EVE,Manju N,Kiran Bhamshetty,ER26500(F1320R-LF),Existing,290,2.36,10000,10000,10000,5000,5000,5000,5000,5000,5000,5000,5000,5000,2900000,2900000,2900000,1450000,1450000,1450000,1450000,1450000,1450000,1450000,1450000,1450000,75,21750000,0.246486854034452,,
A2794,,5,INR,NORTH,NEW DELHI,DEL00076,PRANAV VIKAS INDIA (PVT) LTD,Automotive-EV,Motor Control Unit,,Automotive-EV,Motor Control Unit,MAHESH KUMAR MITTAL,Prakash,PANASONIC,PANASONIC,Vikram,Anbarasu,SSW6229S,Existing,957.03,868.1499,5040,4230,2880,5040,4320,3600,3600,3600,5040,4230,2880,5040,4823431.2,4048236.9,2756246.4,4823431.2,4134369.6,3445308,3445308,3445308,4823431.2,4048236.9,2756246.4,4823431.2,49.5,47372985,0.536865197189483,,
A8371,5,,INR,NORTH,NEW DELHI,DEL01976,KIMBAL PRIVATE LIMITED,Energy Meter,Smart Meter,,Energy Meter,Smart Meter,ARPIT SINGH,Palak,DEKI,DEKI,Vikram,,02 333 K 3A 7 C,Existing,3.9,0,600000,600000,600000,600000,600000,600000,600000,600000,600000,600000,600000,600000,2340000,2340000,2340000,2340000,2340000,2340000,2340000,2340000,2340000,2340000,2340000,2340000,7200,28080000,0.318223028105168,,
A3305,5,,INR,NORTH,NEW DELHI,DEL01976,KIMBAL PRIVATE LIMITED,Energy Meter,Smart Meter,,Energy Meter,Smart Meter,ARPIT SINGH,Prakash,EVE,EVE,Manju N,Kiran Bhamshetty,ER14250-3PF,Existing,43.5,0.395,50000,50000,50000,50000,50000,50000,50000,50000,50000,50000,50000,50000,2175000,2175000,2175000,2175000,2175000,2175000,2175000,2175000,2175000,2175000,2175000,2175000,600,26100000,0.295784224841342,,
A5298,,5,INR,NORTH,NEW DELHI,DEL01762,PRICOL LIMITED-GURGAON,Automotive,Body Control Unit,,Automotive,Body Control Unit,ABHISHEKH CHOUDHARY,Poonam Kashyap,PANASONIC,PANASONIC,Vikram,Anbarasu,ERZHF2M220D,Existing,30.92,27.38919,70000,70000,70000,60000,60000,60000,60000,60000,60000,60000,60000,60000,2164400,2164400,2164400,1855200,1855200,1855200,1855200,1855200,1855200,1855200,1855200,1855200,750,23190000,0.26280598368087,,
A7232,5,,INR,NORTH,NEW DELHI,DEL00049,HPL ELECTRIC & POWER GURGAON 132133,Energy Meter,Smart Meter,,Energy Meter,Smart Meter,KULDEEP KUMAR,Neha,EVE,EVE,Manju N,Kiran Bhamshetty,CR2450CKP,Existing,21,0.175,100000,100000,100000,100000,100000,100000,100000,100000,100000,100000,100000,100000,2100000,2100000,2100000,2100000,2100000,2100000,2100000,2100000,2100000,2100000,2100000,2100000,1200,25200000,0.28558476881233,,
A2078,5,,INR,NORTH,NEW DELHI,DEL00057,KAYNES TECHNOLOGY INDIA LIMITED-DELHI,Others,EMS,,Others,EMS,ARPIT SINGH,Abha,PANASONIC,PANASONIC,Vikram,Anbarasu,ERZHF2M220D,Existing,29.85,26.37223,70000,70000,70000,70000,70000,70000,70000,70000,70000,70000,70000,70000,2089500,2089500,2089500,2089500,2089500,2089500,2089500,2089500,2089500,2089500,2089500,2089500,840,25074000,0.284156844968268,,
A6266,5,,INR,NORTH,NEW DELHI,DEL00085,SGS TEKNIKS MANUFACTURING-MANESAR,Consumer,White Goods,,Consumer,White Goods,KULDEEP KUMAR,Abha,EVE,EVE,Manju N,Kiran Bhamshetty,ER14250C-3PT,Existing,41.5,0.395,50000,50000,50000,50000,50000,50000,50000,50000,50000,50000,50000,50000,2075000,2075000,2075000,2075000,2075000,2075000,2075000,2075000,2075000,2075000,2075000,2075000,600,24900000,0.282184950135993,,
A1836,5,,INR,NORTH,NEW DELHI,DEL00038,EPPELTONE ENGINEERS LIMITED,Energy Meter,Smart Meter,,Energy Meter,Smart Meter,KULDEEP KUMAR,Poonam Kashyap,EVE,EVE,Manju N,Kiran Bhamshetty,CR2450CKP,Existing,19.52,0.175,100000,,100000,,100000,,100000,,,100000,,100000,1952000,0,1952000,0,1952000,0,1952000,0,0,1952000,0,1952000,600,11712000,0.132728921124207,,
A6640,5,,INR,NORTH,NEW DELHI,DEL01976,KIMBAL PRIVATE LIMITED,Energy Meter,Smart Meter,,Energy Meter,Smart Meter,ARPIT SINGH,Prakash,DIOTEC,DIOTEC,Adarsh,Prajwal,SK34SMA-3G,Existing,3.5,2.9,500000,500000,500000,500000,500000,,,,,,,,1750000,1750000,1750000,1750000,1750000,0,0,0,0,0,0,0,2500,8750000,0.0991613780598368,,
A7027,5,,INR,NORTH,UDAIPUR,DEL00083,SECURE METERS LIMITED,Energy Meter,Smart Meter,,Energy Meter,Smart Meter,SURAJ PANDEY,Vinny,EVE,EVE,Manju N,Kiran Bhamshetty,M0125XLF,Existing,11.61,0.078,150000,100000,150000,80000,80000,100000,150000,100000,150000,100000,150000,100000,1741500,1161000,1741500,928800,928800,1161000,1741500,1161000,1741500,1161000,1741500,1161000,1410,16370100,0.185517905711695,,
A7764,5,,INR,NORTH,JAIPUR,DEL00046,GENUS POWER INFRASTRUCTURES LTD,Energy Meter,Smart Meter,,Energy Meter,Smart Meter,KULDEEP KUMAR,Prakash,DIOTEC,DIOTEC,Adarsh,Prajwal,BAT54C,Existing,0.68,0.62,2500000,2500000,2500000,2500000,3000000,3000000,3000000,3000000,3000000,3000000,3000000,3000000,1700000,1700000,1700000,1700000,2040000,2040000,2040000,2040000,2040000,2040000,2040000,2040000,34000,23120000,0.262012692656392,,
,5,,INR,NORTH,NEW DELHI,DEL00859,PROBUS SMART THINGS PRIVATE LIMITED,Energy Meter,Single Phase,,Energy Meter,Single Phase,KULDEEP KUMAR,abha,QUECTEL,QUECTEL,Ram Mohan,Lavanya,EG800AKCN11LC-4I-SNNSI,New,169,169,,,10000,,,10000,,,10000,,,10000,0,0,1690000,0,0,1690000,0,0,1690000,0,0,1690000,40,6760000,0.0766092475067996,,
A5212,5,,INR,NORTH,NEW DELHI,DEL01942,JNS INSTRUMENTS LIMITED,Automotive-EV,Cluster,,Automotive-EV,Cluster,ARPIT SINGH,Prakash,PANASONIC,PANASONIC,Vikram,Anbarasu,ERZHF2M220F,Existing,27.83,24.95228,60000,60000,60000,60000,60000,60000,60000,60000,60000,60000,60000,60000,1669800,1669800,1669800,1669800,1669800,1669800,1669800,1669800,1669800,1669800,1669800,1669800,720,20037600,0.227080689029918,,
,1,5,INR,NORTH,NEW DELHI,,SAMRIDDHI AUTOMATIONS PVT. LTD.,Security camera,Consumer,,,,SURAJ PANDEY,Neha Chauhan,MACRONIX,MACRONIX,Pavan,Manju PJ,MX35LF1GE4AB-Z4I,New,160,0.84,10000,10000,10000,10000,10000,10000,10000,,10000,,10000,10000,1600000,1600000,1600000,1600000,1600000,1600000,1600000,0,1600000,0,1600000,1600000,100,16000000,0.181323662737987,,
A6553,5,,INR,NORTH,NEW DELHI,DEL01976,KIMBAL PRIVATE LIMITED,Energy Meter,Smart Meter,,Energy Meter,Smart Meter,ARPIT SINGH,Prakash,NICHICON,NICHICON,Abhinandan,Shraddha,UCY2W330MHD3TN,Existing,18,0.173,80000,80000,80000,80000,80000,80000,80000,80000,80000,80000,80000,80000,1440000,1440000,1440000,1440000,1440000,1440000,1440000,1440000,1440000,1440000,1440000,1440000,960,17280000,0.195829555757026,,
A8119,5,,INR,NORTH,JAIPUR,JPR00004,POLARIS SMART METERING PRIVATE LIMITED,Energy Meter,Smart Meter,,Energy Meter,Smart Meter,KULDEEP KUMAR,Abha,EVE,EVE,Manju N,Kiran Bhamshetty,SPC1520A,Existing,140,0,10000,10000,10000,5000,5000,5000,5000,5000,5000,5000,5000,5000,1400000,1400000,1400000,700000,700000,700000,700000,700000,700000,700000,700000,700000,75,10500000,0.118993653671804,,
,1,,USD,NORTH,NEW DELHI,,Aggressive EMS,,,,,,MAHESH KUMAR MITTAL,,,TDK,,,BLM18KG601SH1D,New,0.0065,,,,,44000,,,,,,,,,0,0,0,286,0,0,0,0,0,0,0,0,44,286,0.000286,,
A5634,5,,INR,NORTH,NEW DELHI,DEL00061,LUMAX INDUSTRIES LIMITED,Automotive,Lighting,,Automotive,Lighting,MAHESH KUMAR MITTAL,Prakash,PANASONIC,PANASONIC,Vikram,Anbarasu,ERZHF2M220F,Existing,27.15,24.95228,50000,50000,50000,50000,50000,50000,50000,50000,50000,50000,50000,50000,1357500,1357500,1357500,1357500,1357500,1357500,1357500,1357500,1357500,1357500,1357500,1357500,600,16290000,0.184610154125113,,
A8363,5,,INR,NORTH,JAIPUR,JPR00057,POLARISGRIDS PRIVATE LIMITED,Energy Meter,Smart Meter,,Energy Meter,Smart Meter,KULDEEP KUMAR,Palak,EVE,EVE,Manju N,Kiran Bhamshetty,CR2032CKP,Existing,9,0.078,150000,150000,150000,150000,150000,150000,150000,150000,150000,150000,150000,150000,1350000,1350000,1350000,1350000,1350000,1350000,1350000,1350000,1350000,1350000,1350000,1350000,1800,16200000,0.183590208522212,,
A2861,5,,INR,NORTH,NEW DELHI,DEL00233,BENTEC INDIA LIMITED,Energy Meter,Three Phase,,Energy Meter,Three Phase,ARPIT SINGH,Neha Chauhan,EVE,EVE,Manju N,Kiran Bhamshetty,ER14250-3PF,Existing,44,0.38,30000,30000,30000,30000,30000,30000,30000,30000,30000,30000,30000,30000,1320000,1320000,1320000,1320000,1320000,1320000,1320000,1320000,1320000,1320000,1320000,1320000,360,15840000,0.179510426110607,,
,1,,USD,NORTH,NEW DELHI,,Aggressive EMS,,,,,,MAHESH KUMAR MITTAL,,,TDK,,,GCM188R72A103KA37D,New,0.0037,,,,,20000,,,,,,,,,0,0,0,74,0,0,0,0,0,0,0,0,20,74,7.4e-05,,
A3922,5,,INR,NORTH,NEW DELHI,DEL02051,RIOT LABZ PRIVATE LIMITED,Energy Meter,Smart Meter,,Energy Meter,Smart Meter,ABHISHEKH CHOUDHARY,Poonam Kashyap,RENESAS,RENESAS,Uma,Manju PJ,R5F10NPJDFB#15,Existing,130,1.163,,10000,10000,10000,10000,10000,10000,10000,10000,10000,10000,10000,0,1300000,1300000,1300000,1300000,1300000,1300000,1300000,1300000,1300000,1300000,1300000,110,14300000,0.162058023572076,,
,1,,USD,NORTH,NEW DELHI,,Aggressive EMS,,,,,,MAHESH KUMAR MITTAL,,,MURATA,,,GCM21BR71A106KE22K,New,0.0335,,,,,12000,,,,,,,,,0,0,0,402,0,0,0,0,0,0,0,0,12,402,0.000402,,
,1,,USD,NORTH,NEW DELHI,,Aggressive EMS,,,,,,MAHESH KUMAR MITTAL,,,TDK,,,GCM188R71H103KA37D,New,0.004,,,,,12000,,,,,,,,,0,0,0,48,0,0,0,0,0,0,0,0,12,48,4.8e-05,,
,1,,USD,NORTH,NEW DELHI,,Aggressive EMS,,,,,,MAHESH KUMAR MITTAL,,,TDK,,,ACT32P-102-2P-TL01,New,0.4516,,,,,10000,,,,,,,,,0,0,0,4516,0,0,0,0,0,0,0,0,10,4516,0.004516,,
,1,,USD,NORTH,NEW DELHI,,Aggressive EMS,,,,,,MAHESH KUMAR MITTAL,,,TDK,,,CGA3E1X7R1C105K080AC,New,0.0053,,,,,10000,,,,,,,,,0,0,0,53,0,0,0,0,0,0,0,0,10,53,5.3e-05,,
A2725,5,,INR,NORTH,JAIPUR,JPR00004,POLARIS SMART METERING PRIVATE LIMITED,Energy Meter,Smart Meter,,Energy Meter,Smart Meter,KULDEEP KUMAR,Neha Chauhan,DIOTEC,DIOTEC,Adarsh,Prajwal,ABS15Y,Existing,6.9,6.1,150000,150000,150000,150000,150000,150000,150000,150000,150000,150000,150000,150000,1035000,1035000,1035000,1035000,1035000,1035000,1035000,1035000,1035000,1035000,1035000,1035000,1800,12420000,0.140752493200363,,
A1363,5,,INR,NORTH,UTTAR PRADESH,DEL01737,HINDUSTAN AERONAUTICS LIMITED,Aerospace & Defence,Avionics,,Aerospace & Defence,Avionics,SURAJ PANDEY,Neha Chauhan,HONEYWELL,HONEYWELL,Veeranagouda,Tanuja,2HM19-5,Existing,20583.33,15833.33,50,50,50,50,50,50,50,50,50,50,50,50,1029166.5,1029166.5,1029166.5,1029166.5,1029166.5,1029166.5,1029166.5,1029166.5,1029166.5,1029166.5,1029166.5,1029166.5,0.6,12349998,0.139959179510426,,
,1,,INR,,NEW DELHI,,EPPELTONE ENGINEERS LIMITED,,,,,,KULDEEP KUMAR,,,EVE,,,CR2032CKP,Existing,9.9,0.8,100000,,100000,,100000,,100000,,,100000,,100000,990000,0,990000,0,990000,0,990000,0,0,990000,0,990000,600,5940000,0.0673164097914778,,
A8034,5,,INR,NORTH,NEW DELHI,DEL02049,BOPARAI ELECTRICALS & ELECTRONICS-1Z5,Industrial,Panel Meter,,Industrial,Panel Meter,MAHESH KUMAR MITTAL,Abha,RENESAS,RENESAS,Uma,Manju PJ,R5F12048ASP#50,Existing,23.5,0,40000,40000,40000,40000,40000,40000,40000,40000,40000,40000,40000,40000,940000,940000,940000,940000,940000,940000,940000,940000,940000,940000,940000,940000,480,11280000,0.127833182230281,,
,1,,USD,NORTH,NEW DELHI,,Aggressive EMS,,,,,,MAHESH KUMAR MITTAL,,,PANASONIC,,,GCJ188R72A104KA01D,New,0.013,,,,,8000,,,,,,,,,0,0,0,104,0,0,0,0,0,0,0,0,8,104,0.000104,,
,1,,USD,NORTH,NEW DELHI,,Aggressive EMS,,,,,,MAHESH KUMAR MITTAL,,,PANASONIC,,,GCM1885C2A5R0CA16D,New,0.0043,,,,,8000,,,,,,,,,0,0,0,34.4,0,0,0,0,0,0,0,0,8,34.4,3.44e-05,,
,1,,USD,NORTH,NEW DELHI,,Aggressive EMS,,,,,,MAHESH KUMAR MITTAL,,,PANASONIC,,,GCM21BR71C475KA73K,New,0.0265,,,,,6000,,,,,,,,,0,0,0,159,0,0,0,0,0,0,0,0,6,159,0.000159,,
,1,,INR,NORTH,NEW DELHI,KKT00087,UMA POLY SOLUTIONS PVT LTD,Energy Meter,Single Phase,,Energy Meter,Single Phase,KULDEEP KUMAR,Neha Chauhan,QUECTEL,QUECTEL,Ram Mohan,Lavanya,EG800AKCN11LC-4I-SNNSI,New,187,179,5000,5000,5000,5000,5000,5000,5000,5000,5000,5000,5000,5000,935000,935000,935000,935000,935000,935000,935000,935000,935000,935000,935000,935000,60,11220000,0.127153218495014,,
A5484,5,,INR,NORTH,NEW DELHI,DEL01976,KIMBAL PRIVATE LIMITED,Energy Meter,Smart Meter,,Energy Meter,Smart Meter,ARPIT SINGH,Prakash,CT MICRO,CT MICRO,Karthik,Prajwal,CT817D(S)(T1)-HG,Existing,1.8,0.0145,500000,500000,500000,500000,500000,500000,500000,500000,500000,500000,500000,500000,900000,900000,900000,900000,900000,900000,900000,900000,900000,900000,900000,900000,6000,10800000,0.122393472348141,,
,1,,INR,NORTH,GUJARAT,,TRINITY ENERGY SYSTEMS PVT LTD,,,,,,HARSH DOSHI,,,TIANMA,,,TJMS5299,NEW,180,,,,5000,,,,,5000,,,,,0,0,900000,0,0,0,0,900000,0,0,0,0,10,1800000,0.0203989120580236,,
A6897,,5,INR,NORTH,NEW DELHI,DEL02032,PRICOL LIMITED,Automotive,Body Control Unit,,Automotive,Body Control Unit,ABHISHEKH CHOUDHARY,Poonam Kashyap,PANASONIC,PANASONIC,Vikram,Anbarasu,ERZHF2M220D,Existing,30.92,26.37223,28500,28500,28500,28500,28500,28500,28500,28500,28500,28500,28500,28500,881220,881220,881220,881220,881220,881220,881220,881220,881220,881220,881220,881220,342,10574640,0.119839528558477,,
A1567,5,,INR,NORTH,NEW DELHI,DEL00010,ALLIED ENGINEERING WORKS LIMITED,Energy Meter,Smart Meter,ALLIED ENGINEERING WORKS LIMITED,Energy Meter,Smart Meter,SURAJ PANDEY,Palak,EVE,EVE,Manju N,Kiran Bhamshetty,CR2032CKP,Existing,8.8,0.078,100000,100000,100000,100000,100000,100000,100000,100000,100000,100000,100000,100000,880000,880000,880000,880000,880000,880000,880000,880000,880000,880000,880000,880000,1200,10560000,0.119673617407072,,
A6163,5,,INR,NORTH,NEW DELHI,COIM00307,FIEM INDUSTRIES LTD,Automotive,Lighting,,Automotive,Lighting,KULDEEP KUMAR,Palak,PANASONIC,PANASONIC,Vikram,Anbarasu,ERZHF2M220D,Existing,28.45,24.95228,30000,30000,30000,30000,30000,30000,30000,30000,30000,30000,30000,30000,853500,853500,853500,853500,853500,853500,853500,853500,853500,853500,853500,853500,360,10242000,0.116069809610154,,
A5845,,,INR,NORTH,NEW DELHI,DEL00042,FIEM INDUSTRIES LTD-ALWAR,Automotive,Lighting,,Automotive,Lighting,KULDEEP KUMAR,Palak,PANASONIC,PANASONIC,Vikram,Anbarasu,ERZHF2M220F,Existing,28.45,27.91,30000,30000,30000,30000,30000,30000,30000,30000,30000,30000,30000,30000,853500,853500,853500,853500,853500,853500,853500,853500,853500,853500,853500,853500,360,10242000,0.116069809610154,,
A2182,5,,INR,NORTH,JAIPUR,DEL00046,GENUS POWER INFRASTRUCTURES LTD,Energy Meter,Smart Meter,,Energy Meter,Smart Meter,KULDEEP KUMAR,Prakash,DIOTEC,DIOTEC,Adarsh,Prajwal,US1M,Existing,1.04,0.92,800000,800000,800000,800000,800000,800000,800000,800000,800000,800000,800000,800000,832000,832000,832000,832000,832000,832000,832000,832000,832000,832000,832000,832000,9600,9984000,0.113145965548504,,
A2885,5,,INR,NORTH,JAIPUR,DEL00046,GENUS POWER INFRASTRUCTURES LTD,Energy Meter,Smart Meter,,Energy Meter,Smart Meter,KULDEEP KUMAR,Prakash,DIOTEC,DIOTEC,Adarsh,Prajwal,LDI559-3.3EN,Existing,2.6,2.4,300000,300000,300000,300000,300000,300000,300000,300000,300000,300000,300000,300000,780000,780000,780000,780000,780000,780000,780000,780000,780000,780000,780000,780000,3600,9360000,0.106074342701723,,
,1,,USD,NORTH,NEW DELHI,,Aggressive EMS,,,,,,MAHESH KUMAR MITTAL,,,PANASONIC,,,CNA6P1X7R2A475K250AE,New,0.4025,,,,,4000,,,,,,,,,0,0,0,1610,0,0,0,0,0,0,0,0,4,1610,0.00161,,
,1,,USD,NORTH,NEW DELHI,,Aggressive EMS,,,,,,MAHESH KUMAR MITTAL,,,PANASONIC,,,PLT5BPH3013R7SNL,New,0.7671,,,,,3000,,,,,,,,,0,0,0,2301.3,0,0,0,0,0,0,0,0,3,2301.3,0.0023013,,
,1,,USD,NORTH,NEW DELHI,,Aggressive EMS,,,,,,MAHESH KUMAR MITTAL,,,PANASONIC,,,GCM21BR71E225KA73K,New,0.023,,,,,3000,,,,,,,,,0,0,0,69,0,0,0,0,0,0,0,0,3,69,6.9e-05,,
,1,,USD,NORTH,NEW DELHI,,Aggressive EMS,,,,,,MAHESH KUMAR MITTAL,,,PANASONIC,,,ACT45C-510-2P-TL000,New,0.161,,,,,2500,,,,,,,,,0,0,0,402.5,0,0,0,0,0,0,0,0,2.5,402.5,0.0004025,,
A2063,5,,INR,NORTH,NEW DELHI,DEL00010,ALLIED ENGINEERING WORKS LIMITED,Energy Meter,Smart Meter,ALLIED ENGINEERING WORKS LIMITED,Energy Meter,Smart Meter,SURAJ PANDEY,Palak,DIOTEC,DIOTEC,Adarsh,Prajwal,S1W,Existing,1.55,1.4,500000,500000,500000,500000,500000,500000,500000,500000,500000,500000,500000,500000,775000,775000,775000,775000,775000,775000,775000,775000,775000,775000,775000,775000,6000,9300000,0.105394378966455,,
A6427,5,,INR,NORTH,AHMEDABAD,AMD00013,MULTISPAN CONTROL INSTRUMENTS PVT. LTD.,Industrial,Panel Meter,,Industrial,Panel Meter,HARSH DOSHI,Poonam Kashyap,RENESAS,RENESAS,Uma,Manju PJ,R5F100GEAFB#50,Existing,62.22,0.515,10000,10000,12000,10000,12000,10000,10000,12000,12000,12000,10000,12000,622200,622200,746640,622200,746640,622200,622200,746640,746640,746640,622200,746640,132,8213040,0.09307615593835,,
A3537,5,,INR,NORTH,NEW DELHI,DEL00061,LUMAX INDUSTRIES LIMITED,Automotive,Lighting,,Automotive,Lighting,MAHESH KUMAR MITTAL,Prakash,DIOTEC,DIOTEC,Adarsh,Prajwal,S1M-Q,Existing,0.73,0.65,1000000,1000000,1000000,1000000,1000000,1000000,1000000,1000000,1000000,1000000,1000000,1000000,730000,730000,730000,730000,730000,730000,730000,730000,730000,730000,730000,730000,12000,8760000,0.0992747053490481,,
,1,,INR,,NEW DELHI,,ZENWIN MOTORPARTS PVT LTD,Automotive,Regulator Rectifier,,Automotive,Regulator Rectifier,MAHESH KUMAR MITTAL,Prakash,,RENESAS,,,RF1216AASP#50,New,24,,30000,30000,30000,30000,30000,30000,30000,30000,30000,30000,30000,30000,720000,720000,720000,720000,720000,720000,720000,720000,720000,720000,720000,720000,360,8640000,0.0979147778785132,,
,1,,INR,NORTH,NEW DELHI,,ZENWIN MOTORPARTS PVT LTD,Automotive,Regulator Rectifier,,Automotive,Regulator Rectifier,MAHESH KUMAR MITTAL,Prakash,,RENESAS,,,RF1216AASP#50,New,24,,30000,30000,30000,30000,30000,30000,30000,30000,30000,30000,30000,30000,720000,720000,720000,720000,720000,720000,720000,720000,720000,720000,720000,720000,360,8640000,0.0979147778785132,,
A4851,5,,INR,NORTH,NEW DELHI,DEL00042,FIEM INDUSTRIES LTD-ALWAR,Automotive,Lighting,,Automotive,Lighting,KULDEEP KUMAR,Palak,DIOTEC,DIOTEC,Adarsh,Prajwal,DI054N10D1-AQ,Existing,28.07,25.75,25000,25000,25000,25000,25000,25000,25000,25000,25000,25000,25000,25000,701750,701750,701750,701750,701750,701750,701750,701750,701750,701750,701750,701750,300,8421000,0.095432910244787,,
A13667,5,,USD,NORTH,NEW DELHI,DEL00010,ALLIED ENGINEERING WORKS LIMITED,Energy Meter,Smart Meter,ALLIED ENGINEERING WORKS LIMITED,Energy Meter,Smart Meter,SURAJ PANDEY,Palak,NICHICON,NICHICON,Abhinandan,Shraddha,UCY2W330MHD,New,0.198,0.15,300000,300000,300000,300000,300000,300000,300000,300000,300000,300000,300000,300000,59400,59400,59400,59400,59400,59400,59400,59400,59400,59400,59400,59400,3600,712800,0.7128,,
A13430,5,,USD,NORTH,NEW DELHI,DEL00010,ALLIED ENGINEERING WORKS LIMITED,Energy Meter,Smart Meter,ALLIED ENGINEERING WORKS LIMITED,Energy Meter,Smart Meter,SURAJ PANDEY,Palak,NICHICON,NICHICON,Abhinandan,Shraddha,UHW1C821MPD6,Existing,0.05,0.045,250000,250000,250000,250000,250000,250000,250000,250000,250000,250000,250000,250000,12500,12500,12500,12500,12500,12500,12500,12500,12500,12500,12500,12500,3000,150000,0.15,,
A2940,5,,INR,NORTH,NEW DELHI,DEL00069,MINDA CORPORATION LTD,Automotive,Lighting,,Automotive,Lighting,MAHESH KUMAR MITTAL,Abha,PANASONIC,PANASONIC,Vikram,Anbarasu,ERZHF2M220D,Existing,32.596,26.70553,20000,20000,20000,20000,20000,20000,20000,20000,20000,20000,20000,20000,651920,651920,651920,651920,651920,651920,651920,651920,651920,651920,651920,651920,240,7823040,0.0886563916591115,,
A11578,,,USD,NORTH,NEW DELHI,DEL00010,ALLIED ENGINEERING WORKS LIMITED,Energy Meter,Smart Meter,ALLIED ENGINEERING WORKS LIMITED,Energy Meter,Smart Meter,SURAJ PANDEY,Palak,RENESAS,RENESAS,Uma,Manju PJ,R5F10NPLDFB#50,Existing,1.42,1.14,200000,200000,200000,200000,200000,200000,200000,200000,200000,200000,200000,200000,284000,284000,284000,284000,284000,284000,284000,284000,284000,284000,284000,284000,2400,3408000,3.408,,
A8535,5,,USD,NORTH,NEW DELHI,DEL00010,ALLIED ENGINEERING WORKS LIMITED,Energy Meter,Smart Meter,ALLIED ENGINEERING WORKS LIMITED,Energy Meter,Smart Meter,SURAJ PANDEY,Palak,RENESAS,RENESAS,Uma,Manju PJ,R5F10NMLDFB#10,Existing,1.34,1.056,200000,200000,200000,200000,200000,200000,200000,200000,200000,200000,200000,200000,268000,268000,268000,268000,268000,268000,268000,268000,268000,268000,268000,268000,2400,3216000,3.216,,
A13894,5,,USD,NORTH,NEW DELHI,DEL00010,ALLIED ENGINEERING WORKS LIMITED,Energy Meter,Smart Meter,ALLIED ENGINEERING WORKS LIMITED,Energy Meter,Smart Meter,SURAJ PANDEY,Palak,NICHICON,NICHICON,Abhinandan,Shraddha,UPT2G330MHDBZX,New,0.13,0.15,200000,200000,200000,200000,200000,200000,200000,200000,200000,200000,200000,200000,26000,26000,26000,26000,26000,26000,26000,26000,26000,26000,26000,26000,2400,312000,0.312,,
A3886,5,,INR,NORTH,NEW DELHI,BLR01054,ZENWIN MOTORPARTS PVT LTD,Automotive,Regulator Rectifier,,Automotive,Regulator Rectifier,MAHESH KUMAR MITTAL,Palak,RENESAS,RENESAS,Uma,Manju PJ,R5F12068ASP#50,Existing,21.5,0.194,30000,30000,30000,30000,30000,30000,30000,30000,30000,30000,30000,30000,645000,645000,645000,645000,645000,645000,645000,645000,645000,645000,645000,645000,360,7740000,0.0877153218495014,,
A3886,5,,INR,NORTH,NEW DELHI,BLR01054,ZENWIN MOTORPARTS PVT LTD,Automotive,Regulator Rectifier,,Automotive,Regulator Rectifier,MAHESH KUMAR MITTAL,Palak,RENESAS,RENESAS,Uma,Manju PJ,R5F12068ASP#50,Existing,21.5,0.194,30000,30000,30000,30000,30000,30000,30000,30000,30000,30000,30000,30000,645000,645000,645000,645000,645000,645000,645000,645000,645000,645000,645000,645000,360,7740000,0.0877153218495014,,
A2810,5,,INR,NORTH,AHMEDABAD,AMD00013,MULTISPAN CONTROL INSTRUMENTS PVT. LTD.,Industrial,Panel Meter,,Industrial,Panel Meter,HARSH DOSHI,Poonam Kashyap,DIOTEC,DIOTEC,Adarsh,Prajwal,MMFTP3401,Existing,2.05,1.77,300000,300000,300000,200000,200000,200000,200000,,200000,300000,200000,300000,615000,615000,615000,410000,410000,410000,410000,0,410000,615000,410000,615000,2700,5535000,0.0627266545784225,,
A2557,5,,INR,NORTH,NEW DELHI,DEL01976,KIMBAL PRIVATE LIMITED,Energy Meter,Smart Meter,,Energy Meter,Smart Meter,ARPIT SINGH,Prakash,INTERSIL-RENESAS,INTERSIL-RENESAS,Uma,Manju PJ,ISL28113FHZ-T7,Existing,12.19,0.118,50000,50000,50000,50000,50000,50000,50000,50000,50000,50000,50000,50000,609500,609500,609500,609500,609500,609500,609500,609500,609500,609500,609500,609500,600,7314000,0.0828875793291024,,
A12094,5,,USD,NORTH,NEW DELHI,DEL00010,ALLIED ENGINEERING WORKS LIMITED,Energy Meter,Smart Meter,ALLIED ENGINEERING WORKS LIMITED,Energy Meter,Smart Meter,SURAJ PANDEY,Palak,EVE,EVE,Manju N,Kiran Bhamshetty,ER14250-3PT,Existing,0.385,0.367,100000,100000,100000,100000,100000,100000,100000,100000,100000,100000,100000,100000,38500,38500,38500,38500,38500,38500,38500,38500,38500,38500,38500,38500,1200,462000,0.462,,
A1267,5,,INR,NORTH,NEW DELHI,DEL01317,HMCMM AUTO LTD,Automotive,Fuel Injection System,,Automotive,Fuel Injection System,ARPIT SINGH,Palak,PANASONIC,PANASONIC,Vikram,Anbarasu,ERZHF2M220D,Existing,30.31,27.04844,20000,20000,20000,20000,20000,20000,20000,20000,20000,20000,20000,20000,606200,606200,606200,606200,606200,606200,606200,606200,606200,606200,606200,606200,240,7274400,0.0824388032638259,,
A9231,5,,USD,NORTH,NEW DELHI,DEL00010,ALLIED ENGINEERING WORKS LIMITED,Energy Meter,Smart Meter,ALLIED ENGINEERING WORKS LIMITED,Energy Meter,Smart Meter,SURAJ PANDEY,Palak,TIANMA,TIANMA,Nagendra,Bhavya,TJMS5803#02,Existing,0.24,0.22,100000,100000,,100000,100000,,100000,100000,,100000,100000,100000,24000,24000,0,24000,24000,0,24000,24000,0,24000,24000,24000,900,216000,0.216,,
A12713,5,,USD,NORTH,NEW DELHI,DEL00010,ALLIED ENGINEERING WORKS LIMITED,Energy Meter,Smart Meter,ALLIED ENGINEERING WORKS LIMITED,Energy Meter,Smart Meter,SURAJ PANDEY,Palak,QUECTEL,QUECTEL,Ram Mohan,Lavanya,EC200NCNAD-N05-SNNSA,Existing,3.69,3.54,50000,50000,50000,50000,50000,50000,50000,50000,50000,50000,50000,50000,184500,184500,184500,184500,184500,184500,184500,184500,184500,184500,184500,184500,600,2214000,2.214,,
A13129,5,,USD,NORTH,NEW DELHI,DEL00010,ALLIED ENGINEERING WORKS LIMITED,Energy Meter,Smart Meter,ALLIED ENGINEERING WORKS LIMITED,Energy Meter,Smart Meter,SURAJ PANDEY,Palak,NICHICON,NICHICON,Abhinandan,Shraddha,UHW1E102MPD,Existing,0.0575,0.053,,,150000,,,150000,,,150000,,,150000,0,0,8625,0,0,8625,0,0,8625,0,0,8625,600,34500,0.0345,,
A3911,5,,INR,NORTH,NEW DELHI,DEL00042,FIEM INDUSTRIES LTD-ALWAR,Automotive,Lighting,,Automotive,Lighting,KULDEEP KUMAR,Palak,PANASONIC,PANASONIC,Vikram,Anbarasu,ETQP5M100YFC,Existing,33.14,25.69402,18000,18000,18000,18000,18000,18000,18000,18000,18000,18000,18000,18000,596520,596520,596520,596520,596520,596520,596520,596520,596520,596520,596520,596520,216,7158240,0.0811223934723482,,
A4857,,,INR,NORTH,NEW DELHI,BLR02741,NAPINO AUTO & ELECTRONICS LIMITED KRISHNAGIRI PLANT,Automotive,Lighting,,Automotive,Lighting,ARPIT SINGH,Abha,DIOTEC,DIOTEC,Adarsh,Prajwal,SK14-AQ,Existing,1.37,1.24,428000,428000,428000,428000,428000,428000,,428000,428000,428000,428000,428000,586360,586360,586360,586360,586360,586360,0,586360,586360,586360,586360,586360,4708,6449960,0.0730956482320943,,
,1,,INR,NORTH,AHMEDABAD,GUJ00492,CATHODE POWER PVT LTD,Industrial,Power Convertors,,Industrial,Power Convertors,HARSH DOSHI,Poonam Kashyap,NICHICON,NICHICON,Abhinandan,Shraddha,LGN2L471MELEZS,New,291,,2000,,2000,2000,2000,2000,2000,2000,2000,2000,2000,2000,582000,0,582000,582000,582000,582000,582000,582000,582000,582000,582000,582000,22,6402000,0.0725521305530372,,
A11188,5,,USD,NORTH,NEW DELHI,DEL00010,ALLIED ENGINEERING WORKS LIMITED,Energy Meter,Smart Meter,ALLIED ENGINEERING WORKS LIMITED,Energy Meter,Smart Meter,SURAJ PANDEY,Palak,Dialog -RENESAS,Dialog -RENESAS,Uma,Manju PJ,AT25SF081B-SSHB-T,Existing,0.11,0.106,50000,,,,50000,,,50000,,50000,,,5500,0,0,0,5500,0,0,5500,0,5500,0,0,200,22000,0.022,,
A7570,5,,INR,NORTH,NEW DELHI,DEL01976,KIMBAL PRIVATE LIMITED,Energy Meter,Smart Meter,,Energy Meter,Smart Meter,ARPIT SINGH,Prakash,DIOTEC,DIOTEC,Adarsh,Prajwal,MMTL431A,Existing,1.44,1.31,400000,400000,400000,400000,400000,200000,200000,200000,200000,100000,100000,100000,576000,576000,576000,576000,576000,288000,288000,288000,288000,144000,144000,144000,3100,4464000,0.0505893019038985,,
,1,,INR,NORTH,AHMEDABAD,AMD00391,HJ TECHNOLOGIES,,,,,,HARSH DOSHI,Poonam Kashyap,NICHICON,NICHICON,Abhinandan,Shraddha,LGN2H511MELENS,,285,,0,0,2000,0,0,2000,0,0,1000,0,0,2000,0,0,570000,0,0,570000,0,0,285000,0,0,570000,7,1995000,0.0226087941976428,,
A10882,5,,USD,NORTH,NEW DELHI,DEL00010,ALLIED ENGINEERING WORKS LIMITED,Energy Meter,Smart Meter,ALLIED ENGINEERING WORKS LIMITED,Energy Meter,Smart Meter,SURAJ PANDEY,Palak,TIANMA,TIANMA,Nagendra,Bhavya,TJMS5799#02,Existing,0.295,0.293,,,20000,,,20000,,,20000,,,20000,0,0,5900,0,0,5900,0,0,5900,0,0,5900,80,23600,0.0236,,
A1149,5,,INR,NORTH,JAIPUR,DEL01933,ACCUMET SOLUTIONS,Energy Meter,Single Phase,,Energy Meter,Single Phase,KULDEEP KUMAR,Neha Chauhan,RENESAS,RENESAS,Uma,Manju PJ,R5F11TLEDFB#15,Existing,88,0.66,2000,2000,6000,2000,2000,6000,5000,5000,10000,5000,5000,10000,176000,176000,528000,176000,176000,528000,440000,440000,880000,440000,440000,880000,60,5280000,0.0598368087035358,,
A8369,5,,INR,NORTH,AHMEDABAD,AMD00013,MULTISPAN CONTROL INSTRUMENTS PVT. LTD.,Industrial,Panel Meter,,Industrial,Panel Meter,HARSH DOSHI,Poonam Kashyap,DIOTEC,DIOTEC,Adarsh,Prajwal,MMBTRA102SS,Existing,1.01,0,500000,500000,500000,150000,150000,500000,500000,,150000,150000,500000,150000,505000,505000,505000,151500,151500,505000,505000,0,151500,151500,505000,151500,3750,3787500,0.0429227107887579,,
A3640,5,,INR,NORTH,NEW DELHI,DEL00062,LUMINOUS POWER TECHNOLOGIES HP,Industrial,Invertor,,Industrial,Invertor,KULDEEP KUMAR,Vinny,Dialog -RENESAS,Dialog -RENESAS,Uma,Manju PJ,DA14531MOD-00F01002,Existing,250,1.55,,,2000,,,2000,,,2000,,,2000,0,0,500000,0,0,500000,0,0,500000,0,0,500000,8,2000000,0.0226654578422484,,
A5460,,,INR,NORTH,NEW DELHI,DEL00061,LUMAX INDUSTRIES LIMITED,Automotive,Lighting,,Automotive,Lighting,MAHESH KUMAR MITTAL,Prakash,PANASONIC,PANASONIC,Vikram,Anbarasu,EEEFT1H470AP,Existing,6.66,5.76177,70000,70000,70000,70000,70000,70000,70000,70000,70000,70000,70000,70000,466200,466200,466200,466200,466200,466200,466200,466200,466200,466200,466200,466200,840,5594400,0.0633998186763373,,
A7751,5,,INR,NORTH,NEW DELHI,DEL00042,FIEM INDUSTRIES LTD-ALWAR,Automotive,Lighting,,Automotive,Lighting,KULDEEP KUMAR,Palak,PANASONIC,PANASONIC,Vikram,Anbarasu,ETQP3M4R7KVP,Existing,15.45,13.90634,30000,,30000,,30000,,30000,,30000,,30000,,463500,0,463500,0,463500,0,463500,0,463500,0,463500,0,180,2781000,0.0315163191296464,,
A2606,5,,INR,NORTH,JAIPUR,JPR00003,GENUS POWER JAIPUR,Energy Meter,Smart Meter,,Energy Meter,Smart Meter,KULDEEP KUMAR,Prakash,DIOTEC,DIOTEC,Adarsh,Prajwal,S1M,Existing,0.57,0.51,800000,800000,800000,830000,830000,800000,800000,800000,800000,800000,800000,800000,456000,456000,456000,473100,473100,456000,456000,456000,456000,456000,456000,456000,9660,5506200,0.0624002719854941,,
A8012,5,,INR,NORTH,NEW DELHI,DEL02063,BHARATECH SMART INDUSTRIAL PRIVATE LIMITED,Energy Meter,Smart Meter,,Energy Meter,Smart Meter,KULDEEP KUMAR,Vinny,TIANMA,TIANMA,Nagendra,Bhavya,TJMS5883#01,Existing,45,29.2,1000,,10000,,,1000,,,1000,,,,45000,0,450000,0,0,45000,0,0,45000,0,0,0,13,585000,0.00662964641885766,,
,5,,INR,NORTH,AHMEDABAD,GUJ00492,CATHODE POWER PVT LTD,Industrial,Power Convertors,,Industrial,Power Convertors,HARSH DOSHI,Poonam Kashyap,NICHICON,NICHICON,Abhinandan,Shraddha,LGN2H471MESENS,New,225,2.23,2000,2000,2000,,2000,2000,,2000,2000,2000,,2000,450000,450000,450000,0,450000,450000,0,450000,450000,450000,0,450000,18,4050000,0.045897552130553,,
A5524,5,,INR,NORTH,NEW DELHI,DEL01992,ANEVOLVE PRIVATE LIMITED,Automotive-EV,Charger,ANEVOLVE PRIVATE LIMITED,Automotive-EV,Charger,SURAJ PANDEY,Poonam Kashyap,DIOTEC,DIOTEC,Adarsh,Prajwal,MBR20200CT,Existing,27.95,25.14,16000,16000,16000,16000,16000,16000,16000,16000,16000,16000,16000,16000,447200,447200,447200,447200,447200,447200,447200,447200,447200,447200,447200,447200,192,5366400,0.0608159564823209,,
A2734,5,,INR,NORTH,JAIPUR,JPR00006,SUN STAR INDUSTRIES,Energy Meter,Single Phase,,Energy Meter,Single Phase,KULDEEP KUMAR,Abha,DEKI,DEKI,Vikram,Prajwal,17 414 K 06 1 M,Existing,4.45,4.04,100000,100000,100000,100000,100000,100000,100000,100000,100000,100000,100000,100000,445000,445000,445000,445000,445000,445000,445000,445000,445000,445000,445000,445000,1200,5340000,0.0605167724388033,,
A4900,5,,INR,NORTH,AHMEDABAD,AMD00013,MULTISPAN CONTROL INSTRUMENTS PVT. LTD.,Industrial,Panel Meter,,Industrial,Panel Meter,HARSH DOSHI,Poonam Kashyap,DIOTEC,DIOTEC,Adarsh,Prajwal,MMTL431AR,Existing,1.48,1.31,300000,300000,300000,200000,300000,125000,200000,,125000,125000,200000,300000,444000,444000,444000,296000,444000,185000,296000,0,185000,185000,296000,444000,2475,3663000,0.041511786038078,,
A2827,,,INR,NORTH,NEW DELHI,DEL00085,SGS TEKNIKS MANUFACTURING-MANESAR,Consumer,White Goods,,Consumer,White Goods,KULDEEP KUMAR,Abha,EVE,EVE,Manju N,Kiran Bhamshetty,CR2032CKP,Existing,8.5,0.08,50000,50000,50000,50000,50000,50000,50000,50000,50000,50000,50000,50000,425000,425000,425000,425000,425000,425000,425000,425000,425000,425000,425000,425000,600,5100000,0.0577969174977335,,
A7119,5,,INR,NORTH,NEW DELHI,DEL00052,INDICATION INSTRUMENTS LTD,Automotive-EV,Cluster,,Automotive-EV,Cluster,MAHESH KUMAR MITTAL,Prakash,DIOTEC,DIOTEC,Adarsh,Prajwal,2SD1815SR-Q,Existing,7.01,6.36,60000,60000,60000,60000,60000,60000,60000,60000,60000,60000,60000,60000,420600,420600,420600,420600,420600,420600,420600,420600,420600,420600,420600,420600,720,5047200,0.0571985494106981,,
A1744,,,INR,NORTH,JAIPUR,JPR00003,GENUS POWER JAIPUR,Energy Meter,Smart Meter,,Energy Meter,Smart Meter,KULDEEP KUMAR,Prakash,DIOTEC,DIOTEC,Adarsh,Prajwal,BAT54C,Existing,0.68,0.62,600000,600000,600000,600000,600000,600000,600000,600000,600000,600000,600000,600000,408000,408000,408000,408000,408000,408000,408000,408000,408000,408000,408000,408000,7200,4896000,0.0554850407978241,,
A4775,5,,INR,NORTH,JAIPUR,DEL00046,GENUS POWER INFRASTRUCTURES LTD,Energy Meter,Smart Meter,,Energy Meter,Smart Meter,KULDEEP KUMAR,Prakash,DIOTEC,DIOTEC,Adarsh,Prajwal,MMSZ5231B,Existing,0.8,0.72,500000,500000,500000,500000,500000,500000,500000,500000,500000,500000,500000,500000,400000,400000,400000,400000,400000,400000,400000,400000,400000,400000,400000,400000,6000,4800000,0.0543970988213962,,
A2918,5,,INR,NORTH,NEW DELHI,DEL00052,INDICATION INSTRUMENTS LTD,Automotive-EV,Cluster,,Automotive-EV,Cluster,MAHESH KUMAR MITTAL,Prakash,DIOTEC,DIOTEC,Adarsh,Prajwal,"M7, T/R",Existing,0.46,0.39,850000,850000,850000,850000,850000,850000,850000,850000,850000,850000,850000,850000,391000,391000,391000,391000,391000,391000,391000,391000,391000,391000,391000,391000,10200,4692000,0.0531731640979148,,
A5508,5,,INR,NORTH,NEW DELHI,DEL01979,LIVGUARD DRIVETRAIN PVT. LTD.,Automotive-Ev,Motor Control Unit,,Automotive-Ev,Motor Control Unit,ARPIT SINGH,Neha Chauhan,NICHICON,NICHICON,Abhinandan,Shraddha,LGG2W561MELC45,Existing,192,2.16,2000,2000,2000,2000,2000,2000,2000,2000,2000,2000,2000,2000,384000,384000,384000,384000,384000,384000,384000,384000,384000,384000,384000,384000,24,4608000,0.0522212148685403,,
A14083,5,,USD,NORTH,NEW DELHI,DEL01992,ANEVOLVE PRIVATE LIMITED,Automotive,EV,ANEVOLVE PRIVATE LIMITED,Automotive,EV,SURAJ PANDEY,Poonam Kashyap,YAGEO,YAGEO,Abhinandan,Navya,CC0603JRX7R9BB104,Existing,0.002,0,200000,200000,200000,200000,200000,200000,200000,200000,200000,200000,200000,200000,400,400,400,400,400,400,400,400,400,400,400,400,2400,4800,0.0048,,
A12562,5,,USD,NORTH,NEW DELHI,DEL01992,ANEVOLVE PRIVATE LIMITED,Automotive,EV,ANEVOLVE PRIVATE LIMITED,Automotive,EV,SURAJ PANDEY,Poonam Kashyap,YAGEO,YAGEO,Abhinandan,Navya,RC0603JR-0710KL,Existing,0.00073,0.00051,128000,128000,128000,128000,128000,128000,128000,128000,128000,128000,128000,128000,93.44,93.44,93.44,93.44,93.44,93.44,93.44,93.44,93.44,93.44,93.44,93.44,1536,1121.28,0.00112128,,
A13929,5,,USD,NORTH,NEW DELHI,DEL01992,ANEVOLVE PRIVATE LIMITED,Automotive,EV,ANEVOLVE PRIVATE LIMITED,Automotive,EV,SURAJ PANDEY,Poonam Kashyap,TDK,TDK,Karthik,,CGA5L2X7R2A105KT0Y0S,Existing,0.0788,0.07161,72000,72000,72000,72000,72000,72000,72000,72000,72000,72000,72000,72000,5673.6,5673.6,5673.6,5673.6,5673.6,5673.6,5673.6,5673.6,5673.6,5673.6,5673.6,5673.6,864,68083.2,0.0680832,,
A13209,,,USD,NORTH,NEW DELHI,DEL01992,ANEVOLVE PRIVATE LIMITED,Automotive,EV,ANEVOLVE PRIVATE LIMITED,Automotive,EV,SURAJ PANDEY,Poonam Kashyap,TDK,TDK,Karthik,Mangalagowri,CD45-E2GA472M-NKA,Existing,0.065,0.045,72000,72000,72000,72000,72000,72000,72000,72000,72000,72000,72000,72000,4680,4680,4680,4680,4680,4680,4680,4680,4680,4680,4680,4680,864,56160,0.05616,,
A8637,5,,USD,NORTH,NEW DELHI,DEL01992,ANEVOLVE PRIVATE LIMITED,Automotive,EV,ANEVOLVE PRIVATE LIMITED,Automotive,EV,SURAJ PANDEY,Poonam Kashyap,YAGEO,YAGEO,Abhinandan,Navya,CC0805JRX7R9BB104,Existing,0.00568,0.00512,48000,48000,48000,48000,48000,48000,48000,48000,48000,48000,48000,48000,272.64,272.64,272.64,272.64,272.64,272.64,272.64,272.64,272.64,272.64,272.64,272.64,576,3271.68,0.00327168,,
A8131,5,,INR,NORTH,NEW DELHI,DEL00042,FIEM INDUSTRIES LTD-ALWAR,Automotive,Lighting,,Automotive,Lighting,KULDEEP KUMAR,Neha Chauhan,PANASONIC,PANASONIC,Vikram,Anbarasu,ETQP4M220KVC,Existing,25.53,0,15000,15000,15000,15000,15000,15000,15000,15000,15000,15000,15000,15000,382950,382950,382950,382950,382950,382950,382950,382950,382950,382950,382950,382950,180,4595400,0.0520784224841342,,
A8021,,,INR,NORTH,NEW DELHI,DEL00042,FIEM INDUSTRIES LTD-ALWAR,Automotive,Lighting,,Automotive,Lighting,KULDEEP KUMAR,Palak,PANASONIC,PANASONIC,Vikram,Anbarasu,ETQP4M470KVC,Existing,25.5,21.96,15000,15000,15000,20000,15000,15000,15000,15000,15000,10000,15000,15000,382500,382500,382500,510000,382500,382500,382500,382500,382500,255000,382500,382500,180,4590000,0.0520172257479601,,
A9438,5,,USD,NORTH,NEW DELHI,DEL01992,ANEVOLVE PRIVATE LIMITED,Automotive,EV,ANEVOLVE PRIVATE LIMITED,Automotive,EV,SURAJ PANDEY,Poonam Kashyap,YAGEO,YAGEO,Abhinandan,Navya,CC0603JRX7R9BB101,Existing,0.00294,0.00265,40000,40000,40000,40000,40000,40000,40000,40000,40000,40000,40000,40000,117.6,117.6,117.6,117.6,117.6,117.6,117.6,117.6,117.6,117.6,117.6,117.6,480,1411.2,0.0014112,,
A9930,5,,USD,NORTH,NEW DELHI,DEL01992,ANEVOLVE PRIVATE LIMITED,Automotive,EV,ANEVOLVE PRIVATE LIMITED,Automotive,EV,SURAJ PANDEY,Poonam Kashyap,YAGEO,YAGEO,Abhinandan,Navya,RC0805JR-07100RL,Existing,0.00098,0.00088,40000,40000,40000,40000,40000,40000,40000,40000,40000,40000,40000,40000,39.2,39.2,39.2,39.2,39.2,39.2,39.2,39.2,39.2,39.2,39.2,39.2,480,470.4,0.0004704,,
A12128,5,,USD,NORTH,NEW DELHI,DEL01992,ANEVOLVE PRIVATE LIMITED,Automotive,EV,ANEVOLVE PRIVATE LIMITED,Automotive,EV,SURAJ PANDEY,Poonam Kashyap,YAGEO,YAGEO,Abhinandan,Navya,RC0805JR-0710KL,Existing,0.00098,0.00149,40000,40000,40000,40000,40000,40000,40000,40000,40000,40000,40000,40000,39.2,39.2,39.2,39.2,39.2,39.2,39.2,39.2,39.2,39.2,39.2,39.2,480,470.4,0.0004704,,
A12127,5,,USD,NORTH,NEW DELHI,DEL01992,ANEVOLVE PRIVATE LIMITED,Automotive,EV,ANEVOLVE PRIVATE LIMITED,Automotive,EV,SURAJ PANDEY,Poonam Kashyap,YAGEO,YAGEO,Abhinandan,Navya,RC0805JR-072K2L,Existing,0.00098,0.00149,40000,40000,40000,40000,40000,40000,40000,40000,40000,40000,40000,40000,39.2,39.2,39.2,39.2,39.2,39.2,39.2,39.2,39.2,39.2,39.2,39.2,480,470.4,0.0004704,,
A8834,5,,USD,NORTH,NEW DELHI,DEL01992,ANEVOLVE PRIVATE LIMITED,Automotive,EV,ANEVOLVE PRIVATE LIMITED,Automotive,EV,SURAJ PANDEY,Poonam Kashyap,YAGEO,YAGEO,Abhinandan,Navya,RC0603FR-074K7L,Existing,0.00087,0.00078,40000,40000,40000,40000,40000,40000,40000,40000,40000,40000,40000,40000,34.8,34.8,34.8,34.8,34.8,34.8,34.8,34.8,34.8,34.8,34.8,34.8,480,417.6,0.0004176,,
A9836,5,,USD,NORTH,NEW DELHI,DEL01992,ANEVOLVE PRIVATE LIMITED,Automotive,EV,ANEVOLVE PRIVATE LIMITED,Automotive,EV,SURAJ PANDEY,Poonam Kashyap,NICHICON,NICHICON,Abhinandan,Shraddha,UHW1K471MHD,Existing,0.17,0.159,32000,32000,32000,32000,32000,32000,32000,32000,32000,32000,32000,32000,5440,5440,5440,5440,5440,5440,5440,5440,5440,5440,5440,5440,384,65280,0.06528,,
A8636,5,,USD,NORTH,NEW DELHI,DEL01992,ANEVOLVE PRIVATE LIMITED,Automotive,EV,ANEVOLVE PRIVATE LIMITED,Automotive,EV,SURAJ PANDEY,Poonam Kashyap,ESMT,ROHM,Vivek,Mangalagowri,RB068MM-60TR,Existing,0.035,0.0313,32000,32000,32000,32000,32000,32000,32000,32000,32000,32000,32000,32000,1120,1120,1120,1120,1120,1120,1120,1120,1120,1120,1120,1120,384,13440,0.01344,,
A8372,,,INR,NORTH,NEW DELHI,DEL00042,FIEM INDUSTRIES LTD-ALWAR,Automotive,Lighting,,Automotive,Lighting,KULDEEP KUMAR,Palak,TAIWAN SEMI,TAIWAN SEMI,Gaurav,Prajwal,SMAJ22A,Existing,4.22,0,90000,90000,90000,90000,90000,90000,90000,90000,90000,90000,90000,90000,379800,379800,379800,379800,379800,379800,379800,379800,379800,379800,379800,379800,1080,4557600,0.0516500453309157,,
A9439,5,,USD,NORTH,NEW DELHI,DEL01992,ANEVOLVE PRIVATE LIMITED,Automotive,EV,ANEVOLVE PRIVATE LIMITED,Automotive,EV,SURAJ PANDEY,Poonam Kashyap,YAGEO,YAGEO,Abhinandan,Navya,CC0805KFX5R8BB106,Existing,0.02031,0.0175,32000,32000,32000,32000,32000,32000,32000,32000,32000,32000,32000,32000,649.92,649.92,649.92,649.92,649.92,649.92,649.92,649.92,649.92,649.92,649.92,649.92,384,7799.04,0.00779904,,
A8774,5,,USD,NORTH,NEW DELHI,DEL01992,ANEVOLVE PRIVATE LIMITED,Automotive,EV,ANEVOLVE PRIVATE LIMITED,Automotive,EV,SURAJ PANDEY,Poonam Kashyap,YAGEO,YAGEO,Abhinandan,Navya,RC0805FR-071KL,Existing,0.00118,0.00106,32000,32000,32000,32000,32000,32000,32000,32000,32000,32000,32000,32000,37.76,37.76,37.76,37.76,37.76,37.76,37.76,37.76,37.76,37.76,37.76,37.76,384,453.12,0.00045312,,
A10118,5,,USD,NORTH,NEW DELHI,DEL01992,ANEVOLVE PRIVATE LIMITED,Automotive,EV,ANEVOLVE PRIVATE LIMITED,Automotive,EV,SURAJ PANDEY,Poonam Kashyap,YAGEO,YAGEO,Abhinandan,Navya,RC0805JR-074K7L,Existing,0.00098,0.00149,32000,32000,32000,32000,32000,32000,32000,32000,32000,32000,32000,32000,31.36,31.36,31.36,31.36,31.36,31.36,31.36,31.36,31.36,31.36,31.36,31.36,384,376.32,0.00037632,,
A12367,5,,USD,NORTH,NEW DELHI,DEL01992,ANEVOLVE PRIVATE LIMITED,Automotive,EV,ANEVOLVE PRIVATE LIMITED,Automotive,EV,SURAJ PANDEY,Poonam Kashyap,YAGEO,YAGEO,Abhinandan,Navya,RC0603FR-07100RL,Existing,0.00087,0.00078,32000,32000,32000,32000,32000,32000,32000,32000,32000,32000,32000,32000,27.84,27.84,27.84,27.84,27.84,27.84,27.84,27.84,27.84,27.84,27.84,27.84,384,334.08,0.00033408,,
A8602,5,,USD,NORTH,NEW DELHI,DEL01992,ANEVOLVE PRIVATE LIMITED,Automotive,EV,ANEVOLVE PRIVATE LIMITED,Automotive,EV,SURAJ PANDEY,Poonam Kashyap,YAGEO,YAGEO,Abhinandan,Navya,RC0603FR-071KL,Existing,0.00087,0.00078,32000,32000,32000,32000,32000,32000,32000,32000,32000,32000,32000,32000,27.84,27.84,27.84,27.84,27.84,27.84,27.84,27.84,27.84,27.84,27.84,27.84,384,334.08,0.00033408,,
A9160,5,,USD,NORTH,NEW DELHI,DEL01992,ANEVOLVE PRIVATE LIMITED,Automotive,EV,ANEVOLVE PRIVATE LIMITED,Automotive,EV,SURAJ PANDEY,Poonam Kashyap,YAGEO,YAGEO,Abhinandan,Navya,CC0603MRX5R8BB106,Existing,0.06059,0.05453,24000,24000,24000,24000,24000,24000,24000,24000,24000,24000,24000,24000,1454.16,1454.16,1454.16,1454.16,1454.16,1454.16,1454.16,1454.16,1454.16,1454.16,1454.16,1454.16,288,17449.92,0.01744992,,
A12561,5,,USD,NORTH,NEW DELHI,DEL01992,ANEVOLVE PRIVATE LIMITED,Automotive,EV,ANEVOLVE PRIVATE LIMITED,Automotive,EV,SURAJ PANDEY,Poonam Kashyap,YAGEO,YAGEO,Abhinandan,Navya,RC0805FR-0710RL,Existing,0.00434,0.00165,24000,24000,24000,24000,24000,24000,24000,24000,24000,24000,24000,24000,104.16,104.16,104.16,104.16,104.16,104.16,104.16,104.16,104.16,104.16,104.16,104.16,288,1249.92,0.00124992,,
A9139,5,,USD,NORTH,NEW DELHI,DEL01992,ANEVOLVE PRIVATE LIMITED,Automotive,EV,ANEVOLVE PRIVATE LIMITED,Automotive,EV,SURAJ PANDEY,Poonam Kashyap,YAGEO,YAGEO,Abhinandan,Navya,RC1206JR-7W30KL,Existing,0.00398,0.00358,24000,24000,24000,24000,24000,24000,24000,24000,24000,24000,24000,24000,95.52,95.52,95.52,95.52,95.52,95.52,95.52,95.52,95.52,95.52,95.52,95.52,288,1146.24,0.00114624,,
A9897,5,,USD,NORTH,NEW DELHI,DEL01992,ANEVOLVE PRIVATE LIMITED,Automotive,EV,ANEVOLVE PRIVATE LIMITED,Automotive,EV,SURAJ PANDEY,Poonam Kashyap,YAGEO,YAGEO,Abhinandan,Navya,RC1206JR-07360KL,Existing,0.00206,0.00185,24000,24000,24000,24000,24000,24000,24000,24000,24000,24000,24000,24000,49.44,49.44,49.44,49.44,49.44,49.44,49.44,49.44,49.44,49.44,49.44,49.44,288,593.28,0.00059328,,
A10952,5,,USD,NORTH,NEW DELHI,DEL01992,ANEVOLVE PRIVATE LIMITED,Automotive,EV,ANEVOLVE PRIVATE LIMITED,Automotive,EV,SURAJ PANDEY,Poonam Kashyap,YAGEO,YAGEO,Abhinandan,Navya,RC1206FR-07665KL,Existing,0.00196,0.00308,24000,24000,24000,24000,24000,24000,24000,24000,24000,24000,24000,24000,47.04,47.04,47.04,47.04,47.04,47.04,47.04,47.04,47.04,47.04,47.04,47.04,288,564.48,0.00056448,,
A9344,5,,USD,NORTH,NEW DELHI,DEL01992,ANEVOLVE PRIVATE LIMITED,Automotive,EV,ANEVOLVE PRIVATE LIMITED,Automotive,EV,SURAJ PANDEY,Poonam Kashyap,YAGEO,YAGEO,Abhinandan,Navya,RC0805FR-07499KL,Existing,0.00118,0.00106,24000,24000,24000,24000,24000,24000,24000,24000,24000,24000,24000,24000,28.32,28.32,28.32,28.32,28.32,28.32,28.32,28.32,28.32,28.32,28.32,28.32,288,339.84,0.00033984,,
A9382,5,,USD,NORTH,NEW DELHI,DEL01992,ANEVOLVE PRIVATE LIMITED,Automotive,EV,ANEVOLVE PRIVATE LIMITED,Automotive,EV,SURAJ PANDEY,Poonam Kashyap,YAGEO,YAGEO,Abhinandan,Navya,RC0603FR-07100KL,Existing,0.000868,0.00055,24000,24000,24000,24000,24000,24000,24000,24000,24000,24000,24000,24000,20.832,20.832,20.832,20.832,20.832,20.832,20.832,20.832,20.832,20.832,20.832,20.832,288,249.984,0.000249984,,
A10085,5,,USD,NORTH,NEW DELHI,DEL01992,ANEVOLVE PRIVATE LIMITED,Automotive,EV,ANEVOLVE PRIVATE LIMITED,Automotive,EV,SURAJ PANDEY,Poonam Kashyap,RENESAS,ROHM,Vivek,Mangalagowri,BM61M41RFV-CE2,Existing,0.66,0.6,16000,16000,16000,16000,16000,16000,16000,16000,16000,16000,16000,16000,10560,10560,10560,10560,10560,10560,10560,10560,10560,10560,10560,10560,192,126720,0.12672,,
A9268,5,,USD,NORTH,NEW DELHI,DEL01992,ANEVOLVE PRIVATE LIMITED,Automotive,EV,ANEVOLVE PRIVATE LIMITED,Automotive,EV,SURAJ PANDEY,Poonam Kashyap,RENESAS,ROHM,Vivek,Mangalagowri,R6035VNX3C16,Existing,0.66,0.6,16000,16000,16000,16000,16000,16000,16000,16000,16000,16000,16000,16000,10560,10560,10560,10560,10560,10560,10560,10560,10560,10560,10560,10560,192,126720,0.12672,,
A5514,5,,INR,NORTH,NEW DELHI,COIM00307,FIEM INDUSTRIES LTD,Automotive,Lighting,,Automotive,Lighting,KULDEEP KUMAR,Palak,PANASONIC,PANASONIC,Vikram,Anbarasu,ETQP4M470KVC,Existing,25.02,22.52641,15000,15000,15000,20000,15000,15000,15000,15000,15000,10000,15000,15000,375300,375300,375300,500400,375300,375300,375300,375300,375300,250200,375300,375300,180,4503600,0.051038077969175,,
A9310,5,,USD,NORTH,NEW DELHI,DEL01992,ANEVOLVE PRIVATE LIMITED,Automotive,EV,ANEVOLVE PRIVATE LIMITED,Automotive,EV,SURAJ PANDEY,Poonam Kashyap,YAGEO,YAGEO,Abhinandan,Navya,PA2512FKF7W0R1E,Existing,0.138,0.1284,16000,16000,16000,16000,16000,16000,16000,16000,16000,16000,16000,16000,2208,2208,2208,2208,2208,2208,2208,2208,2208,2208,2208,2208,192,26496,0.026496,,
A8061,5,,INR,NORTH,NEW DELHI,DEL00061,LUMAX INDUSTRIES LIMITED,Automotive,Lighting,,Automotive,Lighting,MAHESH KUMAR MITTAL,Prakash,PANASONIC,PANASONIC,Vikram,Anbarasu,EEE-FT1H470AP,Existing,6.21,5.62,60000,60000,60000,60000,60000,60000,60000,60000,60000,60000,60000,60000,372600,372600,372600,372600,372600,372600,372600,372600,372600,372600,372600,372600,720,4471200,0.0506708975521306,,
A7371,5,,INR,NORTH,GUJARAT,GUJ00022,TRINITY ENERGY SYSTEMS PVT LTD,Energy Meter,Single Phase,,Energy Meter,Single Phase,HARSH DOSHI,Poonam Kashyap,RENESAS,RENESAS,Uma,Manju PJ,R5F11TLEDFB#15,Existing,91,0.827,,,4000,4000,4000,4000,4000,4000,4000,4000,4000,4000,0,0,364000,364000,364000,364000,364000,364000,364000,364000,364000,364000,40,3640000,0.0412511332728921,,
,1,,INR,NORTH,NEW DELHI,,RIOT LABZ PRIVATE LIMITED,,,,,,ABHISHEKH CHOUDHARY,,,Tianma,,,TJMS5760#02,,36,,,10000,10000,10000,10000,10000,10000,10000,10000,10000,10000,10000,0,360000,360000,360000,360000,360000,360000,360000,360000,360000,360000,360000,110,3960000,0.0448776065276519,,
A9536,5,,USD,NORTH,NEW DELHI,DEL01992,ANEVOLVE PRIVATE LIMITED,Automotive,EV,ANEVOLVE PRIVATE LIMITED,Automotive,EV,SURAJ PANDEY,Poonam Kashyap,YAGEO,YAGEO,Abhinandan,Navya,RC0805FR-072R2L,Existing,0.004342,0.00391,16000,16000,16000,16000,16000,16000,16000,16000,16000,16000,16000,16000,69.472,69.472,69.472,69.472,69.472,69.472,69.472,69.472,69.472,69.472,69.472,69.472,192,833.664,0.000833664,,
A8729,5,,USD,NORTH,NEW DELHI,DEL01992,ANEVOLVE PRIVATE LIMITED,Automotive,EV,ANEVOLVE PRIVATE LIMITED,Automotive,EV,SURAJ PANDEY,Poonam Kashyap,YAGEO,YAGEO,Abhinandan,Navya,CC0805JRX7R9BB103,Existing,0.00382,0.00344,16000,16000,16000,16000,16000,16000,16000,16000,16000,16000,16000,16000,61.12,61.12,61.12,61.12,61.12,61.12,61.12,61.12,61.12,61.12,61.12,61.12,192,733.44,0.00073344,,
A8728,5,,USD,NORTH,NEW DELHI,DEL01992,ANEVOLVE PRIVATE LIMITED,Automotive,EV,ANEVOLVE PRIVATE LIMITED,Automotive,EV,SURAJ PANDEY,Poonam Kashyap,YAGEO,YAGEO,Abhinandan,Navya,RC0805JR-074R7L,Existing,0.003614,0.00325,16000,16000,16000,16000,16000,16000,16000,16000,16000,16000,16000,16000,57.824,57.824,57.824,57.824,57.824,57.824,57.824,57.824,57.824,57.824,57.824,57.824,192,693.888,0.000693888,,
A9573,5,,USD,NORTH,NEW DELHI,DEL01992,ANEVOLVE PRIVATE LIMITED,Automotive,EV,ANEVOLVE PRIVATE LIMITED,Automotive,EV,SURAJ PANDEY,Poonam Kashyap,YAGEO,YAGEO,Abhinandan,Navya,RC1206JR-0710KL,Existing,0.00206,0.00185,16000,16000,16000,16000,16000,16000,16000,16000,16000,16000,16000,16000,32.96,32.96,32.96,32.96,32.96,32.96,32.96,32.96,32.96,32.96,32.96,32.96,192,395.52,0.00039552,,
A9105,5,,USD,NORTH,NEW DELHI,DEL01992,ANEVOLVE PRIVATE LIMITED,Automotive,EV,ANEVOLVE PRIVATE LIMITED,Automotive,EV,SURAJ PANDEY,Poonam Kashyap,YAGEO,YAGEO,Abhinandan,Navya,RC1206JR-072ML,Existing,0.00206,0.00185,16000,16000,16000,16000,16000,16000,16000,16000,16000,16000,16000,16000,32.96,32.96,32.96,32.96,32.96,32.96,32.96,32.96,32.96,32.96,32.96,32.96,192,395.52,0.00039552,,
A12290,5,,USD,NORTH,NEW DELHI,DEL01992,ANEVOLVE PRIVATE LIMITED,Automotive,EV,ANEVOLVE PRIVATE LIMITED,Automotive,EV,SURAJ PANDEY,Poonam Kashyap,YAGEO,YAGEO,Abhinandan,Navya,RC1206JR-073M3L,Existing,0.002059,0.00185,16000,16000,16000,16000,16000,16000,16000,16000,16000,16000,16000,16000,32.944,32.944,32.944,32.944,32.944,32.944,32.944,32.944,32.944,32.944,32.944,32.944,192,395.328,0.000395328,,
A13046,5,,USD,NORTH,NEW DELHI,DEL01992,ANEVOLVE PRIVATE LIMITED,Automotive,EV,ANEVOLVE PRIVATE LIMITED,Automotive,EV,SURAJ PANDEY,Poonam Kashyap,YAGEO,YAGEO,Abhinandan,Navya,RC1206JR-07470KL,Existing,0.002059,0.00185,16000,16000,16000,16000,16000,16000,16000,16000,16000,16000,16000,16000,32.944,32.944,32.944,32.944,32.944,32.944,32.944,32.944,32.944,32.944,32.944,32.944,192,395.328,0.000395328,,
A10671,5,,USD,NORTH,NEW DELHI,DEL01992,ANEVOLVE PRIVATE LIMITED,Automotive,EV,ANEVOLVE PRIVATE LIMITED,Automotive,EV,SURAJ PANDEY,Poonam Kashyap,YAGEO,YAGEO,Abhinandan,Navya,RC1206FR-071M8L,Existing,0.00196,0.00176,16000,16000,16000,16000,16000,16000,16000,16000,16000,16000,16000,16000,31.36,31.36,31.36,31.36,31.36,31.36,31.36,31.36,31.36,31.36,31.36,31.36,192,376.32,0.00037632,,
A8773,5,,USD,NORTH,NEW DELHI,DEL01992,ANEVOLVE PRIVATE LIMITED,Automotive,EV,ANEVOLVE PRIVATE LIMITED,Automotive,EV,SURAJ PANDEY,Poonam Kashyap,YAGEO,YAGEO,Abhinandan,Navya,RC0805FR-0710KL,Existing,0.00118,0.00106,16000,16000,16000,16000,16000,16000,16000,16000,16000,16000,16000,16000,18.88,18.88,18.88,18.88,18.88,18.88,18.88,18.88,18.88,18.88,18.88,18.88,192,226.56,0.00022656,,
A9346,5,,USD,NORTH,NEW DELHI,DEL01992,ANEVOLVE PRIVATE LIMITED,Automotive,EV,ANEVOLVE PRIVATE LIMITED,Automotive,EV,SURAJ PANDEY,Poonam Kashyap,YAGEO,YAGEO,Abhinandan,Navya,RC0805FR-0733RL,Existing,0.001176,0.00106,16000,16000,16000,16000,16000,16000,16000,16000,16000,16000,16000,16000,18.816,18.816,18.816,18.816,18.816,18.816,18.816,18.816,18.816,18.816,18.816,18.816,192,225.792,0.000225792,,
A9107,5,,USD,NORTH,NEW DELHI,DEL01992,ANEVOLVE PRIVATE LIMITED,Automotive,EV,ANEVOLVE PRIVATE LIMITED,Automotive,EV,SURAJ PANDEY,Poonam Kashyap,YAGEO,YAGEO,Abhinandan,Navya,RC0805JR-07100KL,Existing,0.00098,0.00088,16000,16000,16000,16000,16000,16000,16000,16000,16000,16000,16000,16000,15.68,15.68,15.68,15.68,15.68,15.68,15.68,15.68,15.68,15.68,15.68,15.68,192,188.16,0.00018816,,
A10673,5,,USD,NORTH,NEW DELHI,DEL01992,ANEVOLVE PRIVATE LIMITED,Automotive,EV,ANEVOLVE PRIVATE LIMITED,Automotive,EV,SURAJ PANDEY,Poonam Kashyap,YAGEO,YAGEO,Abhinandan,Navya,RC0603FR-070RL,Existing,0.00087,0.00078,16000,16000,16000,16000,16000,16000,16000,16000,16000,16000,16000,16000,13.92,13.92,13.92,13.92,13.92,13.92,13.92,13.92,13.92,13.92,13.92,13.92,192,167.04,0.00016704,,
A8635,5,,USD,NORTH,NEW DELHI,DEL01992,ANEVOLVE PRIVATE LIMITED,Automotive,EV,ANEVOLVE PRIVATE LIMITED,Automotive,EV,SURAJ PANDEY,Poonam Kashyap,YAGEO,YAGEO,Abhinandan,Navya,RC0603FR-07160KL,Existing,0.00087,0.00078,16000,16000,16000,16000,16000,16000,16000,16000,16000,16000,16000,16000,13.92,13.92,13.92,13.92,13.92,13.92,13.92,13.92,13.92,13.92,13.92,13.92,192,167.04,0.00016704,,
A9893,5,,USD,NORTH,NEW DELHI,DEL01992,ANEVOLVE PRIVATE LIMITED,Automotive,EV,ANEVOLVE PRIVATE LIMITED,Automotive,EV,SURAJ PANDEY,Poonam Kashyap,YAGEO,YAGEO,Abhinandan,Navya,RC0603FR-0760R4L,Existing,0.00087,0.00078,16000,16000,16000,16000,16000,16000,16000,16000,16000,16000,16000,16000,13.92,13.92,13.92,13.92,13.92,13.92,13.92,13.92,13.92,13.92,13.92,13.92,192,167.04,0.00016704,,
A10632,5,,USD,NORTH,NEW DELHI,DEL01992,ANEVOLVE PRIVATE LIMITED,Automotive,EV,ANEVOLVE PRIVATE LIMITED,Automotive,EV,SURAJ PANDEY,Poonam Kashyap,YAGEO,YAGEO,Abhinandan,Navya,RC0603JR-07100KL,Existing,0.00073,0.00066,16000,16000,16000,16000,16000,16000,16000,16000,16000,16000,16000,16000,11.68,11.68,11.68,11.68,11.68,11.68,11.68,11.68,11.68,11.68,11.68,11.68,192,140.16,0.00014016,,
A12244,5,,USD,NORTH,NEW DELHI,DEL01992,ANEVOLVE PRIVATE LIMITED,Automotive,EV,ANEVOLVE PRIVATE LIMITED,Automotive,EV,SURAJ PANDEY,Poonam Kashyap,YAGEO,YAGEO,Abhinandan,Navya,RC0603JR-071KL,Existing,0.00073,0.00066,16000,16000,16000,16000,16000,16000,16000,16000,16000,16000,16000,16000,11.68,11.68,11.68,11.68,11.68,11.68,11.68,11.68,11.68,11.68,11.68,11.68,192,140.16,0.00014016,,
A4511,5,,INR,NORTH,AHMEDABAD,AMD00013,MULTISPAN CONTROL INSTRUMENTS PVT. LTD.,Industrial,Panel Meter,,Industrial,Panel Meter,HARSH DOSHI,Poonam Kashyap,RENESAS,RENESAS,Uma,Manju PJ,R5F11TLGDFB#15,Existing,117,0.7,3000,5000,3000,,5000,3000,3000,5000,3000,5000,3000,5000,351000,585000,351000,0,585000,351000,351000,585000,351000,585000,351000,585000,43,5031000,0.0570149592021759,,
A13898,,,USD,NORTH,NEW DELHI,DEL01992,ANEVOLVE PRIVATE LIMITED,Automotive,EV,ANEVOLVE PRIVATE LIMITED,Automotive,EV,SURAJ PANDEY,Poonam Kashyap,TDK,TDK,Karthik,Mangalagowri,CK45-B3DD222KYGNA,Existing,0.068,0,10000,10000,10000,10000,10000,10000,10000,10000,10000,10000,10000,10000,680,680,680,680,680,680,680,680,680,680,680,680,120,8160,0.00816,,
A9182,,,USD,NORTH,NEW DELHI,DEL01992,ANEVOLVE PRIVATE LIMITED,Automotive,EV,ANEVOLVE PRIVATE LIMITED,Automotive,EV,SURAJ PANDEY,Poonam Kashyap,RENESAS,RENESAS,Uma,Manju PJ,R5F566TAAGFM#10,Existing,1.18,1.086,8000,8000,8000,8000,8000,8000,8000,8000,8000,8000,8000,8000,9440,9440,9440,9440,9440,9440,9440,9440,9440,9440,9440,9440,96,113280,0.11328,,
A13764,5,,USD,NORTH,NEW DELHI,DEL01992,ANEVOLVE PRIVATE LIMITED,Automotive,EV,ANEVOLVE PRIVATE LIMITED,Automotive,EV,SURAJ PANDEY,Poonam Kashyap,NICHICON,NICHICON,Abhinandan,Shraddha,LGG2W271MELB30,Existing,1.1,1,8000,8000,8000,8000,8000,8000,8000,8000,8000,8000,8000,8000,8800,8800,8800,8800,8800,8800,8800,8800,8800,8800,8800,8800,96,105600,0.1056,,
A8744,5,,USD,NORTH,NEW DELHI,DEL01992,ANEVOLVE PRIVATE LIMITED,Automotive,EV,ANEVOLVE PRIVATE LIMITED,Automotive,EV,SURAJ PANDEY,Poonam Kashyap,Qorvo,ROHM,Vivek,Mangalagowri,SCS220AGC17,Existing,0.92,0.801,8000,8000,8000,8000,8000,8000,8000,8000,8000,8000,8000,8000,7360,7360,7360,7360,7360,7360,7360,7360,7360,7360,7360,7360,96,88320,0.08832,,
A10086,5,,USD,NORTH,NEW DELHI,DEL01992,ANEVOLVE PRIVATE LIMITED,Automotive,EV,ANEVOLVE PRIVATE LIMITED,Automotive,EV,SURAJ PANDEY,Poonam Kashyap,RENESAS,ROHM,Vivek,Mangalagowri,R6049YNX3C16,Existing,0.708,0.665,8000,8000,8000,8000,8000,8000,8000,8000,8000,8000,8000,8000,5664,5664,5664,5664,5664,5664,5664,5664,5664,5664,5664,5664,96,67968,0.067968,,
A12210,5,,USD,NORTH,NEW DELHI,DEL01992,ANEVOLVE PRIVATE LIMITED,Automotive,EV,ANEVOLVE PRIVATE LIMITED,Automotive,EV,SURAJ PANDEY,Poonam Kashyap,AOS,AOS,Adarsh,Shraddha,AOTF4N90,Existing,0.28,0.2134,8000,8000,8000,8000,8000,8000,8000,8000,8000,8000,8000,8000,2240,2240,2240,2240,2240,2240,2240,2240,2240,2240,2240,2240,96,26880,0.02688,,
A5041,5,,INR,NORTH,NEW DELHI,DEL00097,TRINITY TOUCH PVT. LTD.,Automotive-EV,Charger,,Automotive-EV,Charger,ARPIT SINGH,Palak,RENESAS,RENESAS,Uma,Manju PJ,R5F100MFGFB#10,Existing,171,1.6,2000,2000,2000,2000,2000,2000,2000,2000,2000,2000,2000,2000,342000,342000,342000,342000,342000,342000,342000,342000,342000,342000,342000,342000,24,4104000,0.0465095194922938,,
A9102,5,,USD,NORTH,NEW DELHI,DEL01992,ANEVOLVE PRIVATE LIMITED,Automotive,EV,ANEVOLVE PRIVATE LIMITED,Automotive,EV,SURAJ PANDEY,Poonam Kashyap,RENESAS,ROHM,Vivek,Mangalagowri,BD41041FJ-CE2,Existing,0.22,0.205,8000,8000,8000,8000,8000,8000,8000,8000,8000,8000,8000,8000,1760,1760,1760,1760,1760,1760,1760,1760,1760,1760,1760,1760,96,21120,0.02112,,
A9104,5,,USD,NORTH,NEW DELHI,DEL01992,ANEVOLVE PRIVATE LIMITED,Automotive,EV,ANEVOLVE PRIVATE LIMITED,Automotive,EV,SURAJ PANDEY,Poonam Kashyap,RENESAS,ROHM,Vivek,Mangalagowri,BD7679G-GTR,Existing,0.2,0.181,8000,8000,8000,8000,8000,8000,8000,8000,8000,8000,8000,8000,1600,1600,1600,1600,1600,1600,1600,1600,1600,1600,1600,1600,96,19200,0.0192,,
A5338,5,,INR,NORTH,NEW DELHI,DEL00085,SGS TEKNIKS MANUFACTURING-MANESAR,Consumer,White Goods,,Consumer,White Goods,KULDEEP KUMAR,Abha,DIOTEC,DIOTEC,Adarsh,Prajwal,SK26-Q,Existing,3.35,2.87,100000,100000,100000,100000,100000,100000,100000,100000,100000,100000,100000,100000,335000,335000,335000,335000,335000,335000,335000,335000,335000,335000,335000,335000,1200,4020000,0.0455575702629193,,
A9934,5,,USD,NORTH,NEW DELHI,DEL01992,ANEVOLVE PRIVATE LIMITED,Automotive,EV,ANEVOLVE PRIVATE LIMITED,Automotive,EV,SURAJ PANDEY,Poonam Kashyap,TDK,TDK,Karthik,Mangalagowri,ACT45C-101-2P-TL000,Existing,0.189,0.16,8000,8000,8000,8000,8000,8000,8000,8000,8000,8000,8000,8000,1512,1512,1512,1512,1512,1512,1512,1512,1512,1512,1512,1512,96,18144,0.018144,,
A1819,5,,INR,NORTH,AHMEDABAD,AMD00035,ADCO CONTROLS,Industrial,Panel Meter,,Industrial,Panel Meter,HARSH DOSHI,Poonam Kashyap,NICHICON,NICHICON,Abhinandan,Shraddha,LGN2G561MELB50,Existing,165,1.58,2000,2000,2000,3000,3000,,3000,3000,2000,3000,,3000,330000,330000,330000,495000,495000,0,495000,495000,330000,495000,0,495000,26,4290000,0.0486174070716229,,
A9446,5,,USD,NORTH,NEW DELHI,DEL01992,ANEVOLVE PRIVATE LIMITED,Automotive,EV,ANEVOLVE PRIVATE LIMITED,Automotive,EV,SURAJ PANDEY,Poonam Kashyap,RENESAS,ROHM,Vivek,Mangalagowri,GMR100HJBFER015,Existing,0.158,0.145,8000,8000,8000,8000,8000,8000,8000,8000,8000,8000,8000,8000,1264,1264,1264,1264,1264,1264,1264,1264,1264,1264,1264,1264,96,15168,0.015168,,
A10600,5,,USD,NORTH,NEW DELHI,DEL01992,ANEVOLVE PRIVATE LIMITED,Automotive,EV,ANEVOLVE PRIVATE LIMITED,Automotive,EV,SURAJ PANDEY,Poonam Kashyap,ROHM,ROHM,Vivek,Mangalagowri,GMR100HJBFER015,Existing,0.158,0.145,8000,8000,8000,8000,8000,8000,8000,8000,8000,8000,8000,8000,1264,1264,1264,1264,1264,1264,1264,1264,1264,1264,1264,1264,96,15168,0.015168,,
,1,,INR,,NEW DELHI,,LAN Engineering and technology,,,,,,ABHISHEKH CHOUDHARY,Palak,,KORCHIP,DR3R0106,16.2,DR3R0106,,16.2,,,,20000,,,20000,,,20000,,,20000,0,0,324000,0,0,324000,0,0,324000,0,0,324000,80,1296000,0.014687216681777,,
A9571,5,,USD,NORTH,NEW DELHI,DEL01992,ANEVOLVE PRIVATE LIMITED,Automotive,EV,ANEVOLVE PRIVATE LIMITED,Automotive,EV,SURAJ PANDEY,Poonam Kashyap,NICHICON,NICHICON,Abhinandan,Shraddha,UPJ1K470MPD6,Existing,0.062,0.056,8000,8000,8000,8000,8000,8000,8000,8000,8000,8000,8000,8000,496,496,496,496,496,496,496,496,496,496,496,496,96,5952,0.005952,,
A5917,,5,INR,NORTH,JAIPUR,JPR00044,NORMET INDIA PVT LTD,Others,OEM,,Others,OEM,ABHISHEKH CHOUDHARY,Abha,SENSATA,SENSATA,Kishore,Milana,MX14CAB,Existing,16050,121,,,20,,,20,,,20,,,,0,0,321000,0,0,321000,0,0,321000,0,0,0,0.06,963000,0.0109134179510426,,
A2003,5,,INR,NORTH,NEW DELHI,DEL00061,LUMAX INDUSTRIES LIMITED,Automotive,Lighting,,Automotive,Lighting,MAHESH KUMAR MITTAL,Prakash,DIOTEC,DIOTEC,Adarsh,Prajwal,S2M-Q,Existing,1.56,1.35,200000,200000,200000,200000,200000,200000,200000,200000,200000,200000,200000,200000,312000,312000,312000,312000,312000,312000,312000,312000,312000,312000,312000,312000,2400,3744000,0.042429737080689,,
A11585,5,,USD,NORTH,NEW DELHI,DEL01992,ANEVOLVE PRIVATE LIMITED,Automotive,EV,ANEVOLVE PRIVATE LIMITED,Automotive,EV,SURAJ PANDEY,Poonam Kashyap,TDK,TDK,Karthik,Mangalagowri,CK45-B3AD102KYVNA,Existing,0.0495,0.0439,8000,8000,8000,8000,8000,8000,8000,8000,8000,8000,8000,8000,396,396,396,396,396,396,396,396,396,396,396,396,96,4752,0.004752,,
,1,,INR,NORTH,NEW DELHI,,Inverted Energy pvt ltd,,,,,,MAHESH KUMAR MITTAL,,,ADLER,,,AEY3150900,New,145,,,,2000,,,2000,,,2000,,,2000,0,0,290000,0,0,290000,0,0,290000,0,0,290000,8,1160000,0.0131459655485041,,
A1724,,,INR,NORTH,JAIPUR,DEL00046,GENUS POWER INFRASTRUCTURES LTD,Energy Meter,Smart Meter,,Energy Meter,Smart Meter,KULDEEP KUMAR,Prakash,DIOTEC,DIOTEC,Adarsh,Prajwal,S1M,Existing,0.57,0.51,500000,500000,500000,500000,500000,500000,500000,500000,500000,500000,500000,500000,285000,285000,285000,285000,285000,285000,285000,285000,285000,285000,285000,285000,6000,3420000,0.0387579329102448,,
A9933,5,,USD,NORTH,NEW DELHI,DEL01992,ANEVOLVE PRIVATE LIMITED,Automotive,EV,ANEVOLVE PRIVATE LIMITED,Automotive,EV,SURAJ PANDEY,Poonam Kashyap,AOS,AOS,Adarsh,Shraddha,AOZ8212BCI-24,Existing,0.028,0.0192,8000,8000,8000,8000,8000,8000,8000,8000,8000,8000,8000,8000,224,224,224,224,224,224,224,224,224,224,224,224,96,2688,0.002688,,
A5860,5,,INR,NORTH,JAIPUR,DEL00046,GENUS POWER INFRASTRUCTURES LTD,Energy Meter,Smart Meter,,Energy Meter,Smart Meter,KULDEEP KUMAR,Prakash,DIOTEC,DIOTEC,Adarsh,Prajwal,S1W,Existing,1.42,1.3,200000,100000,200000,200000,200000,200000,200000,200000,150000,200000,200000,200000,284000,142000,284000,284000,284000,284000,284000,284000,213000,284000,284000,284000,2250,3195000,0.0362080689029918,,
A9888,5,,USD,NORTH,NEW DELHI,DEL01992,ANEVOLVE PRIVATE LIMITED,Automotive,EV,ANEVOLVE PRIVATE LIMITED,Automotive,EV,SURAJ PANDEY,Poonam Kashyap,YAGEO,YAGEO,Abhinandan,Navya,CFR2WSJT-73-100K,Existing,0.0197,0.01773,8000,8000,8000,8000,8000,8000,8000,8000,8000,8000,8000,8000,157.6,157.6,157.6,157.6,157.6,157.6,157.6,157.6,157.6,157.6,157.6,157.6,96,1891.2,0.0018912,,
A7603,,,INR,NORTH,NEW DELHI,DEL00061,LUMAX INDUSTRIES LIMITED,Automotive,Lighting,,Automotive,Lighting,MAHESH KUMAR MITTAL,Prakash,DIOTEC,DIOTEC,Adarsh,Prajwal,S3M-Q,Existing,4.62,3.92,60000,60000,60000,60000,60000,60000,60000,60000,60000,60000,60000,60000,277200,277200,277200,277200,277200,277200,277200,277200,277200,277200,277200,277200,720,3326400,0.0376971894832276,,
A8023,,,INR,NORTH,NEW DELHI,DEL00042,FIEM INDUSTRIES LTD-ALWAR,Automotive,Lighting,,Automotive,Lighting,KULDEEP KUMAR,Palak,PANASONIC,PANASONIC,Vikram,Anbarasu,ETQP5M220YFC,Existing,27.25,25.06,10000,10000,10000,10000,10000,10000,10000,10000,10000,10000,10000,10000,272500,272500,272500,272500,272500,272500,272500,272500,272500,272500,272500,272500,120,3270000,0.0370580235720762,,
A9339,5,,USD,NORTH,NEW DELHI,DEL01992,ANEVOLVE PRIVATE LIMITED,Automotive,EV,ANEVOLVE PRIVATE LIMITED,Automotive,EV,SURAJ PANDEY,Poonam Kashyap,YAGEO,YAGEO,Abhinandan,Navya,CC0603MRX5R6BB106,Existing,0.01525,0.0127,8000,8000,8000,8000,8000,8000,8000,8000,8000,8000,8000,8000,122,122,122,122,122,122,122,122,122,122,122,122,96,1464,0.001464,,
A3410,5,,INR,NORTH,NEW DELHI,DEL00061,LUMAX INDUSTRIES LIMITED,Automotive,Lighting,,Automotive,Lighting,MAHESH KUMAR MITTAL,Prakash,DIOTEC,DIOTEC,Adarsh,Prajwal,SK16-Q,Existing,1.36,1.16,200000,200000,200000,200000,200000,200000,200000,200000,200000,200000,200000,200000,272000,272000,272000,272000,272000,272000,272000,272000,272000,272000,272000,272000,2400,3264000,0.0369900271985494,,
A9103,5,,USD,NORTH,NEW DELHI,DEL01992,ANEVOLVE PRIVATE LIMITED,Automotive,EV,ANEVOLVE PRIVATE LIMITED,Automotive,EV,SURAJ PANDEY,Poonam Kashyap,YAGEO,YAGEO,Abhinandan,Navya,CC0603JRX7R9BB474,Existing,0.01045,0.00941,8000,8000,8000,8000,8000,8000,8000,8000,8000,8000,8000,8000,83.6,83.6,83.6,83.6,83.6,83.6,83.6,83.6,83.6,83.6,83.6,83.6,96,1003.2,0.0010032,,
A8343,5,,INR,NORTH,NEW DELHI,DEL00233,BENTEC INDIA LIMITED,Energy Meter,Three Phase,,Energy Meter,Three Phase,ARPIT SINGH,Palak,NICHICON,NICHICON,Abhinandan,Shraddha,UCY2G330MHD,Existing,13.5,0.13,20000,20000,20000,20000,20000,20000,20000,20000,20000,20000,20000,20000,270000,270000,270000,270000,270000,270000,270000,270000,270000,270000,270000,270000,240,3240000,0.0367180417044424,,
A7458,5,,INR,NORTH,NEW DELHI,DEL00085,SGS TEKNIKS MANUFACTURING-MANESAR,Consumer,White Goods,,Consumer,White Goods,KULDEEP KUMAR,Abha,BOSCH,BOSCH,Pavan,Navya,SMI230,Existing,179,159.37,1500,1500,1500,1500,1500,1500,1500,1500,1500,1500,1500,1500,268500,268500,268500,268500,268500,268500,268500,268500,268500,268500,268500,268500,18,3222000,0.0365140525838622,,
A12240,5,,USD,NORTH,NEW DELHI,DEL01992,ANEVOLVE PRIVATE LIMITED,Automotive,EV,ANEVOLVE PRIVATE LIMITED,Automotive,EV,SURAJ PANDEY,Poonam Kashyap,YAGEO,YAGEO,Abhinandan,Navya,CC0603KRX5R8BB225,Existing,0.00909,0.0076,8000,8000,8000,8000,8000,8000,8000,8000,8000,8000,8000,8000,72.72,72.72,72.72,72.72,72.72,72.72,72.72,72.72,72.72,72.72,72.72,72.72,96,872.64,0.00087264,,
,1,,INR,,NEW DELHI,,FIEM INDUSTRIES LTD-ALWAR,Automotive,Lighting,,Automotive,Lighting,KULDEEP KUMAR,Palak,,ONSEMI,,,NSI45030AT1G,New,6.6,,40000,40000,40000,40000,40000,,,,,,,,264000,264000,264000,264000,264000,0,0,0,0,0,0,0,200,1320000,0.014959202175884,,
,1,,INR,NORTH,AHMEDABAD,AMD00013,MULTISPAN CONTROL INSTRUMENTS PVT. LTD.,Industrial,Panel Meter,,Industrial,Panel Meter,HARSH DOSHI,,,DIOTEC,,,BC847B,New,0.52,,500000,500000,500000,200000,300000,500000,200000,500000,200000,500000,200000,500000,260000,260000,260000,104000,156000,260000,104000,260000,104000,260000,104000,260000,4600,2392000,0.0271078875793291,,
A8835,5,,USD,NORTH,NEW DELHI,DEL01992,ANEVOLVE PRIVATE LIMITED,Automotive,EV,ANEVOLVE PRIVATE LIMITED,Automotive,EV,SURAJ PANDEY,Poonam Kashyap,YAGEO,YAGEO,Abhinandan,Navya,CC0805JRX7R9BB102,Existing,0.0051,0.00459,8000,8000,8000,8000,8000,8000,8000,8000,8000,8000,8000,8000,40.8,40.8,40.8,40.8,40.8,40.8,40.8,40.8,40.8,40.8,40.8,40.8,96,489.6,0.0004896,,
A9135,5,,USD,NORTH,NEW DELHI,DEL01992,ANEVOLVE PRIVATE LIMITED,Automotive,EV,ANEVOLVE PRIVATE LIMITED,Automotive,EV,SURAJ PANDEY,Poonam Kashyap,YAGEO,YAGEO,Abhinandan,Navya,CC0805JRX7R9BB473,Existing,0.0051,0.00459,8000,8000,8000,8000,8000,8000,8000,8000,8000,8000,8000,8000,40.8,40.8,40.8,40.8,40.8,40.8,40.8,40.8,40.8,40.8,40.8,40.8,96,489.6,0.0004896,,
A9347,5,,USD,NORTH,NEW DELHI,DEL01992,ANEVOLVE PRIVATE LIMITED,Automotive,EV,ANEVOLVE PRIVATE LIMITED,Automotive,EV,SURAJ PANDEY,Poonam Kashyap,YAGEO,YAGEO,Abhinandan,Navya,CC0603MRX5R8BB105,Existing,0.00403,0.00363,8000,8000,8000,8000,8000,8000,8000,8000,8000,8000,8000,8000,32.24,32.24,32.24,32.24,32.24,32.24,32.24,32.24,32.24,32.24,32.24,32.24,96,386.88,0.00038688,,
A9345,5,,USD,NORTH,NEW DELHI,DEL01992,ANEVOLVE PRIVATE LIMITED,Automotive,EV,ANEVOLVE PRIVATE LIMITED,Automotive,EV,SURAJ PANDEY,Poonam Kashyap,YAGEO,YAGEO,Abhinandan,Navya,CC0603JRX7R9BB472,Existing,0.00294,0.00265,8000,8000,8000,8000,8000,8000,8000,8000,8000,8000,8000,8000,23.52,23.52,23.52,23.52,23.52,23.52,23.52,23.52,23.52,23.52,23.52,23.52,96,282.24,0.00028224,,
A9138,5,,USD,NORTH,NEW DELHI,DEL01992,ANEVOLVE PRIVATE LIMITED,Automotive,EV,ANEVOLVE PRIVATE LIMITED,Automotive,EV,SURAJ PANDEY,Poonam Kashyap,YAGEO,YAGEO,Abhinandan,Navya,CC0603KRX7R9BB122,Existing,0.00235,0.00212,8000,8000,8000,8000,8000,8000,8000,8000,8000,8000,8000,8000,18.8,18.8,18.8,18.8,18.8,18.8,18.8,18.8,18.8,18.8,18.8,18.8,96,225.6,0.0002256,,
A10439,5,,USD,NORTH,NEW DELHI,DEL01992,ANEVOLVE PRIVATE LIMITED,Automotive,EV,ANEVOLVE PRIVATE LIMITED,Automotive,EV,SURAJ PANDEY,Poonam Kashyap,YAGEO,YAGEO,Abhinandan,Navya,CC0603JRX7R9BB102,Existing,0.00233,0.0021,8000,8000,8000,8000,8000,8000,8000,8000,8000,8000,8000,8000,18.64,18.64,18.64,18.64,18.64,18.64,18.64,18.64,18.64,18.64,18.64,18.64,96,223.68,0.00022368,,
A9896,5,,USD,NORTH,NEW DELHI,DEL01992,ANEVOLVE PRIVATE LIMITED,Automotive,EV,ANEVOLVE PRIVATE LIMITED,Automotive,EV,SURAJ PANDEY,Poonam Kashyap,YAGEO,YAGEO,Abhinandan,Navya,RC0805JR-0747RL,Existing,0.00217,0.00195,8000,8000,8000,8000,8000,8000,8000,8000,8000,8000,8000,8000,17.36,17.36,17.36,17.36,17.36,17.36,17.36,17.36,17.36,17.36,17.36,17.36,96,208.32,0.00020832,,
A11399,5,,USD,NORTH,NEW DELHI,DEL01992,ANEVOLVE PRIVATE LIMITED,Automotive,EV,ANEVOLVE PRIVATE LIMITED,Automotive,EV,SURAJ PANDEY,Poonam Kashyap,YAGEO,YAGEO,Abhinandan,Navya,RC0603FR-072K7P,Existing,0.002156,0.00194,8000,8000,8000,8000,8000,8000,8000,8000,8000,8000,8000,8000,17.248,17.248,17.248,17.248,17.248,17.248,17.248,17.248,17.248,17.248,17.248,17.248,96,206.976,0.000206976,,
A9383,5,,USD,NORTH,NEW DELHI,DEL01992,ANEVOLVE PRIVATE LIMITED,Automotive,EV,ANEVOLVE PRIVATE LIMITED,Automotive,EV,SURAJ PANDEY,Poonam Kashyap,YAGEO,YAGEO,Abhinandan,Navya,RC1206FR-07150KL,Existing,0.00196,0.00176,8000,8000,8000,8000,8000,8000,8000,8000,8000,8000,8000,8000,15.68,15.68,15.68,15.68,15.68,15.68,15.68,15.68,15.68,15.68,15.68,15.68,96,188.16,0.00018816,,
A9899,5,,USD,NORTH,NEW DELHI,DEL01992,ANEVOLVE PRIVATE LIMITED,Automotive,EV,ANEVOLVE PRIVATE LIMITED,Automotive,EV,SURAJ PANDEY,Poonam Kashyap,YAGEO,YAGEO,Abhinandan,Navya,RC1206FR-07324KL,Existing,0.00196,0.00176,8000,8000,8000,8000,8000,8000,8000,8000,8000,8000,8000,8000,15.68,15.68,15.68,15.68,15.68,15.68,15.68,15.68,15.68,15.68,15.68,15.68,96,188.16,0.00018816,,
A9898,5,,USD,NORTH,NEW DELHI,DEL01992,ANEVOLVE PRIVATE LIMITED,Automotive,EV,ANEVOLVE PRIVATE LIMITED,Automotive,EV,SURAJ PANDEY,Poonam Kashyap,YAGEO,YAGEO,Abhinandan,Navya,CC0603KRX7R9BB103,Existing,0.00147,0.00132,8000,8000,8000,8000,8000,8000,8000,8000,8000,8000,8000,8000,11.76,11.76,11.76,11.76,11.76,11.76,11.76,11.76,11.76,11.76,11.76,11.76,96,141.12,0.00014112,,
A12291,5,,USD,NORTH,NEW DELHI,DEL01992,ANEVOLVE PRIVATE LIMITED,Automotive,EV,ANEVOLVE PRIVATE LIMITED,Automotive,EV,SURAJ PANDEY,Poonam Kashyap,YAGEO,YAGEO,Abhinandan,Navya,RC0805FR-07100RL,Existing,0.00118,0.00106,8000,8000,8000,8000,8000,8000,8000,8000,8000,8000,8000,8000,9.44,9.44,9.44,9.44,9.44,9.44,9.44,9.44,9.44,9.44,9.44,9.44,96,113.28,0.00011328,,
A9341,5,,USD,NORTH,NEW DELHI,DEL01992,ANEVOLVE PRIVATE LIMITED,Automotive,EV,ANEVOLVE PRIVATE LIMITED,Automotive,EV,SURAJ PANDEY,Poonam Kashyap,YAGEO,YAGEO,Abhinandan,Navya,RC0805FR-0712KL,Existing,0.00118,0.00106,8000,8000,8000,8000,8000,8000,8000,8000,8000,8000,8000,8000,9.44,9.44,9.44,9.44,9.44,9.44,9.44,9.44,9.44,9.44,9.44,9.44,96,113.28,0.00011328,,
A9947,5,,USD,NORTH,NEW DELHI,DEL01992,ANEVOLVE PRIVATE LIMITED,Automotive,EV,ANEVOLVE PRIVATE LIMITED,Automotive,EV,SURAJ PANDEY,Poonam Kashyap,YAGEO,YAGEO,Abhinandan,Navya,RC0805FR-073K3L,Existing,0.00118,0.00106,8000,8000,8000,8000,8000,8000,8000,8000,8000,8000,8000,8000,9.44,9.44,9.44,9.44,9.44,9.44,9.44,9.44,9.44,9.44,9.44,9.44,96,113.28,0.00011328,,
A8638,5,,USD,NORTH,NEW DELHI,DEL01992,ANEVOLVE PRIVATE LIMITED,Automotive,EV,ANEVOLVE PRIVATE LIMITED,Automotive,EV,SURAJ PANDEY,Poonam Kashyap,YAGEO,YAGEO,Abhinandan,Navya,RC0805FR-073KL,Existing,0.00118,0.00106,8000,8000,8000,8000,8000,8000,8000,8000,8000,8000,8000,8000,9.44,9.44,9.44,9.44,9.44,9.44,9.44,9.44,9.44,9.44,9.44,9.44,96,113.28,0.00011328,,
A9891,5,,USD,NORTH,NEW DELHI,DEL01992,ANEVOLVE PRIVATE LIMITED,Automotive,EV,ANEVOLVE PRIVATE LIMITED,Automotive,EV,SURAJ PANDEY,Poonam Kashyap,YAGEO,YAGEO,Abhinandan,Navya,RC0805JR-0712KL,Existing,0.00098,0.00088,8000,8000,8000,8000,8000,8000,8000,8000,8000,8000,8000,8000,7.84,7.84,7.84,7.84,7.84,7.84,7.84,7.84,7.84,7.84,7.84,7.84,96,94.08,9.408e-05,,
A9948,5,,USD,NORTH,NEW DELHI,DEL01992,ANEVOLVE PRIVATE LIMITED,Automotive,EV,ANEVOLVE PRIVATE LIMITED,Automotive,EV,SURAJ PANDEY,Poonam Kashyap,YAGEO,YAGEO,Abhinandan,Navya,RC0805JR-07470RL,Existing,0.00098,0.00088,8000,8000,8000,8000,8000,8000,8000,8000,8000,8000,8000,8000,7.84,7.84,7.84,7.84,7.84,7.84,7.84,7.84,7.84,7.84,7.84,7.84,96,94.08,9.408e-05,,
A10601,5,,USD,NORTH,NEW DELHI,DEL01992,ANEVOLVE PRIVATE LIMITED,Automotive,EV,ANEVOLVE PRIVATE LIMITED,Automotive,EV,SURAJ PANDEY,Poonam Kashyap,YAGEO,YAGEO,Abhinandan,Navya,RC0603FR-071K2L,Existing,0.00087,0.00078,8000,8000,8000,8000,8000,8000,8000,8000,8000,8000,8000,8000,6.96,6.96,6.96,6.96,6.96,6.96,6.96,6.96,6.96,6.96,6.96,6.96,96,83.52,8.352e-05,,
,1,,USD,NORTH,NEW DELHI,DEL01992,ANEVOLVE PRIVATE LIMITED,Automotive,EV,ANEVOLVE PRIVATE LIMITED,Automotive,EV,SURAJ PANDEY,Poonam Kashyap,YAGEO,YAGEO,Abhinandan,Navya,RC0603FR-0723K2L,New,0.000868,,8000,8000,8000,8000,8000,8000,8000,8000,8000,8000,8000,8000,6.944,6.944,6.944,6.944,6.944,6.944,6.944,6.944,6.944,6.944,6.944,6.944,96,83.328,8.3328e-05,,
A13279,5,,USD,NORTH,NEW DELHI,DEL01992,ANEVOLVE PRIVATE LIMITED,Automotive,EV,ANEVOLVE PRIVATE LIMITED,Automotive,EV,SURAJ PANDEY,Poonam Kashyap,YAGEO,YAGEO,Abhinandan,Navya,RC0603FR-0743KL,Existing,0.000868,0.00055,8000,8000,8000,8000,8000,8000,8000,8000,8000,8000,8000,8000,6.944,6.944,6.944,6.944,6.944,6.944,6.944,6.944,6.944,6.944,6.944,6.944,96,83.328,8.3328e-05,,
A9929,5,,USD,NORTH,NEW DELHI,DEL01992,ANEVOLVE PRIVATE LIMITED,Automotive,EV,ANEVOLVE PRIVATE LIMITED,Automotive,EV,SURAJ PANDEY,Poonam Kashyap,YAGEO,YAGEO,Abhinandan,Navya,RC0603FR-0782K5L,Existing,0.000868,0.00055,8000,8000,8000,8000,8000,8000,8000,8000,8000,8000,8000,8000,6.944,6.944,6.944,6.944,6.944,6.944,6.944,6.944,6.944,6.944,6.944,6.944,96,83.328,8.3328e-05,,
A9381,5,,USD,NORTH,NEW DELHI,DEL01992,ANEVOLVE PRIVATE LIMITED,Automotive,EV,ANEVOLVE PRIVATE LIMITED,Automotive,EV,SURAJ PANDEY,Poonam Kashyap,YAGEO,YAGEO,Abhinandan,Navya,RC0603JR-07470RL,Existing,0.000728,0.00051,8000,8000,8000,8000,8000,8000,8000,8000,8000,8000,8000,8000,5.824,5.824,5.824,5.824,5.824,5.824,5.824,5.824,5.824,5.824,5.824,5.824,96,69.888,6.9888e-05,,
,1,,USD,NORTH,NEW DELHI,DEL01992,ANEVOLVE PRIVATE LIMITED,Automotive,EV,ANEVOLVE PRIVATE LIMITED,Automotive,EV,SURAJ PANDEY,Poonam Kashyap,YAGEO,YAGEO,Abhinandan,Navya,RC0603JR-074K7L,New,0.000728,,8000,8000,8000,8000,8000,8000,8000,8000,8000,8000,8000,8000,5.824,5.824,5.824,5.824,5.824,5.824,5.824,5.824,5.824,5.824,5.824,5.824,96,69.888,6.9888e-05,,
A9386,5,,USD,NORTH,NEW DELHI,DEL01992,ANEVOLVE PRIVATE LIMITED,Automotive,EV,ANEVOLVE PRIVATE LIMITED,Automotive,EV,SURAJ PANDEY,Poonam Kashyap,YAGEO,YAGEO,Abhinandan,Navya,RC0603JR-07100RL,Existing,0.000675,0.00051,8000,8000,8000,8000,8000,8000,8000,8000,8000,8000,8000,8000,5.4,5.4,5.4,5.4,5.4,5.4,5.4,5.4,5.4,5.4,5.4,5.4,96,64.8,6.48e-05,,
A12557,5,,USD,NORTH,NEW DELHI,DEL01992,ANEVOLVE PRIVATE LIMITED,Automotive,EV,ANEVOLVE PRIVATE LIMITED,Automotive,EV,SURAJ PANDEY,Poonam Kashyap,ROHM,ROHM,Vivek,Mangalagowri,SCS210AGC17,Existing,0.6,0.57,,,1000,,,,1000,,1000,,1000,1000,0,0,600,0,0,0,600,0,600,0,600,600,5,3000,0.003,,
A4100,5,,INR,NORTH,NEW DELHI,DEL00061,LUMAX INDUSTRIES LIMITED,Automotive,Lighting,,Automotive,Lighting,MAHESH KUMAR MITTAL,Prakash,PANASONIC,PANASONIC,Vikram,Anbarasu,ETQP4M330KVC,Existing,25.945,21.34714,10000,10000,10000,,,,,,10000,10000,10000,10000,259450,259450,259450,0,0,0,0,0,259450,259450,259450,259450,70,1816150,0.0205819356300997,,
A3765,,,INR,NORTH,NEW DELHI,DEL01942,JNS INSTRUMENTS LIMITED,Automotive-EV,Cluster,,Automotive-EV,Cluster,ARPIT SINGH,Prakash,DIOTEC,DIOTEC,Adarsh,Prajwal,Z1SMA18,Existing,2.45,2.28,,100000,100000,100000,100000,100000,100000,100000,100000,100000,100000,100000,0,245000,245000,245000,245000,245000,245000,245000,245000,245000,245000,245000,1100,2695000,0.0305417044424297,,
,1,,INR,NORTH,NEW DELHI,DEL00010,ALLIED ENGINEERING WORKS LIMITED,Energy Meter,Smart Meter,ALLIED ENGINEERING WORKS LIMITED,Energy Meter,Smart Meter,SURAJ PANDEY,Palak,QUECTEL,QUECTEL,Ram Mohan,Lavanya,YPCP001AA,New,12,,,,20000,,,20000,,,20000,,,20000,0,0,240000,0,0,240000,0,0,240000,0,0,240000,80,960000,0.0108794197642792,,
A5544,5,,INR,NORTH,NEW DELHI,DEL00085,SGS TEKNIKS MANUFACTURING-MANESAR,Consumer,White Goods,,Consumer,White Goods,KULDEEP KUMAR,Abha,DIOTEC,DIOTEC,Adarsh,Prajwal,S2M-Q,Existing,1.55,1.35,150000,150000,150000,150000,150000,150000,150000,150000,150000,150000,150000,150000,232500,232500,232500,232500,232500,232500,232500,232500,232500,232500,232500,232500,1800,2790000,0.0316183136899365,,
A3155,5,,INR,NORTH,AHMEDABAD,AMD00013,MULTISPAN CONTROL INSTRUMENTS PVT. LTD.,Industrial,Panel Meter,,Industrial,Panel Meter,HARSH DOSHI,Poonam Kashyap,RENESAS,RENESAS,Uma,Manju PJ,R5F10268ASP#55,Existing,29,0.21,8000,0,8000,0,5000,0,5000,5000,0,2500,0,2500,232000,0,232000,0,145000,0,145000,145000,0,72500,0,72500,36,1044000,0.0118313689936537,,
A3067,,,INR,NORTH,NEW DELHI,DEL00010,ALLIED ENGINEERING WORKS LIMITED,Energy Meter,Smart Meter,ALLIED ENGINEERING WORKS LIMITED,Energy Meter,Smart Meter,SURAJ PANDEY,Palak,DIOTEC,DIOTEC,Adarsh,Prajwal,P6SMB350A,Existing,3.76,3.26,,,60000,,,60000,,,60000,,,60000,0,0,225600,0,0,225600,0,0,225600,0,0,225600,240,902400,0.0102266545784225,,
,1,,INR,,NEW DELHI,DEL00233,BENTEC INDIA LIMITED,,,,,,ARPIT SINGH,Neha Chauhan,,SEIKO INSTRUMENTS,,,Q-SPT7P0327620C5GF,New,7.5,,30000,30000,30000,30000,30000,30000,30000,30000,30000,30000,30000,30000,225000,225000,225000,225000,225000,225000,225000,225000,225000,225000,225000,225000,360,2700000,0.0305983680870354,,
A7181,5,,INR,NORTH,JAIPUR,DEL01933,ACCUMET SOLUTIONS,Energy Meter,Single Phase,,Energy Meter,Single Phase,KULDEEP KUMAR,Neha Chauhan,TIANMA,TIANMA,Nagendra,Bhavya,TJMS5883#01,Existing,43,0.295,,,5000,,,5000,,,5000,,,5000,0,0,215000,0,0,215000,0,0,215000,0,0,215000,20,860000,0.00974614687216682,,
A5762,5,,INR,NORTH,CHANDIGARH,DEL00691,MICROMATION MOHALI E22,Industrial,IOT,,Industrial,IOT,MAHESH KUMAR MITTAL,Abha,RENESAS,RENESAS,Uma,Manju PJ,R7FS5D97C3A01CFP#AA0,Existing,525.76,4.104,400,400,400,400,400,400,400,400,400,400,400,,210304,210304,210304,210304,210304,210304,210304,210304,210304,210304,210304,0,4.4,2313344,0.0262165004533092,,
A3462,,,INR,NORTH,UTTAR PRADESH,DEL01737,HINDUSTAN AERONAUTICS LIMITED,Aerospace & Defence,Avionics,,Aerospace & Defence,Avionics,SURAJ PANDEY,Neha Chauhan,HONEYWELL,HONEYWELL,Veeranagouda,Tanuja,11SX1-T,Existing,1016,800,200,200,200,200,200,200,200,,,200,,,203200,203200,203200,203200,203200,203200,203200,0,0,203200,0,0,1.6,1625600,0.0184224841341795,,
,5,,INR,NORTH,AHMEDABAD,,A D MACHELAN,Industrial,,,,,HARSH DOSHI,,RENESAS,RENESAS,,, RAA2230214GSP,,19.5,,5000,5000,10000,5000,5000,5000,10000,5000,5000,5000,10000,5000,97500,97500,195000,97500,97500,97500,195000,97500,97500,97500,195000,97500,75,1462500,0.0165741160471442,,
A6726,5,,INR,NORTH,NEW DELHI,DEL00668,MAHA MAI ENGINEERS,Industrial,Panel Meter,,Industrial,Panel Meter,SURAJ PANDEY,Abha,NICHICON,NICHICON,Abhinandan,Shraddha,LGN2W221MELA40,Existing,97,0.87,2000,2000,2000,2000,2000,2000,2000,2000,2000,2000,2000,2000,194000,194000,194000,194000,194000,194000,194000,194000,194000,194000,194000,194000,24,2328000,0.0263825929283772,,
,1,,INR,NORTH,NEW DELHI,,RIOT LABZ PRIVATE LIMITED,,,,,,ABHISHEKH CHOUDHARY,,,EVE,,,CR2450CKP,,19,,,10000,10000,10000,10000,10000,10000,10000,10000,10000,10000,10000,0,190000,190000,190000,190000,190000,190000,190000,190000,190000,190000,190000,110,2090000,0.0236854034451496,,
A3064,5,,INR,NORTH,JAIPUR,DEL00046,GENUS POWER INFRASTRUCTURES LTD,Energy Meter,Smart Meter,,Energy Meter,Smart Meter,KULDEEP KUMAR,Prakash,DIOTEC,DIOTEC,Adarsh,Prajwal,MMSZ5240B,Existing,0.9,0.81,208000,208000,208000,208000,208000,208000,208000,208000,208000,208000,208000,208000,187200,187200,187200,187200,187200,187200,187200,187200,187200,187200,187200,187200,2496,2246400,0.0254578422484134,,
A9915,,,USD,NORTH,NEW DELHI,DEL01992,ANEVOLVE PRIVATE LIMITED,Automotive,EV,ANEVOLVE PRIVATE LIMITED,Automotive,EV,SURAJ PANDEY,Poonam Kashyap,MELEXIS,MELEXIS,Pavan,Navya,MLX92211LUA-BAA-050-BU,New,0.193,0.166,,,,,,,,,1000,,1000,1000,0,0,0,0,0,0,0,0,193,0,193,193,3,579,0.000579,,
,1,,USD,NORTH,NEW DELHI,DEL02023,ANEVOLVE TECHNOLOGIES PRIVATE LIMITED,Automotive-EV,Charger,ANEVOLVE PRIVATE LIMITED,Automotive-EV,Charger,SURAJ PANDEY,Poonam Kashyap,ROHM,ROHM,Vivek,Mangalagowri,SCS230AE2GC11Z,New,2.197,,,,1000,,,,1000,,1000,,1000,1000,0,0,2197,0,0,0,2197,0,2197,0,2197,2197,5,10985,0.010985,,
,1,,USD,NORTH,NEW DELHI,DEL02023,ANEVOLVE TECHNOLOGIES PRIVATE LIMITED,Automotive-EV,Charger,ANEVOLVE PRIVATE LIMITED,Automotive-EV,Charger,SURAJ PANDEY,Poonam Kashyap,RENESAS,RENESAS,,,R5F12017GSP#10,,0.3,,,,1000,,,,1000,,1000,,1000,1000,0,0,300,0,0,0,300,0,300,0,300,300,5,1500,0.0015,,
A2952,,5,INR,NORTH,NEW DELHI,DEL01762,PRICOL LIMITED-GURGAON,Automotive,Body Control Unit,,Automotive,Body Control Unit,ABHISHEKH CHOUDHARY,Poonam Kashyap,DIOTEC,DIOTEC,Adarsh,Prajwal,MMFTP2319,Existing,6.11,4.7,30000,30000,30000,30000,30000,30000,30000,30000,30000,30000,30000,30000,183300,183300,183300,183300,183300,183300,183300,183300,183300,183300,183300,183300,360,2199600,0.0249274705349048,,
,1,,USD,NORTH,NEW DELHI,DEL02023,ANEVOLVE TECHNOLOGIES PRIVATE LIMITED,Automotive-EV,Charger,ANEVOLVE PRIVATE LIMITED,Automotive-EV,Charger,SURAJ PANDEY,Poonam Kashyap,ROHM,ROHM,Vivek,Mangalagowri,GMR100HJBFA10L0,New,0.167,,,,1000,,,,1000,,1000,,1000,1000,0,0,167,0,0,0,167,0,167,0,167,167,5,835,0.000835,,
,1,,USD,NORTH,NEW DELHI,DEL02023,ANEVOLVE TECHNOLOGIES PRIVATE LIMITED,Automotive-EV,Charger,ANEVOLVE PRIVATE LIMITED,Automotive-EV,Charger,SURAJ PANDEY,Poonam Kashyap,ROHM,ROHM,Vivek,Mangalagowri,GMR100HJAAFD5L00,New,0.166,,,,1000,,,,1000,,1000,,1000,1000,0,0,166,0,0,0,166,0,166,0,166,166,5,830,0.00083,,
,1,,USD,NORTH,NEW DELHI,DEL02023,ANEVOLVE TECHNOLOGIES PRIVATE LIMITED,Automotive-EV,Charger,ANEVOLVE PRIVATE LIMITED,Automotive-EV,Charger,SURAJ PANDEY,Poonam Kashyap,EPCOS,EPCOS,Karthik,Mangalagowri,B32522C1105K189,,0.117,,,,1000,,,,1000,,1000,,1000,1000,0,0,117,0,0,0,117,0,117,0,117,117,5,585,0.000585,,
,1,,USD,NORTH,NEW DELHI,DEL02023,ANEVOLVE TECHNOLOGIES PRIVATE LIMITED,Automotive-EV,Charger,ANEVOLVE PRIVATE LIMITED,Automotive-EV,Charger,SURAJ PANDEY,Poonam Kashyap,DEGSON,DEGSON,Bharath,Prajwal,K46-00Z(H),New,0.113,,,,1000,,,,1000,,1000,,1000,1000,0,0,113,0,0,0,113,0,113,0,113,113,5,565,0.000565,,
,1,,USD,NORTH,NEW DELHI,DEL02023,ANEVOLVE TECHNOLOGIES PRIVATE LIMITED,Automotive-EV,Charger,ANEVOLVE PRIVATE LIMITED,Automotive-EV,Charger,SURAJ PANDEY,Poonam Kashyap,DEGSON,DEGSON,Bharath,Prajwal,K34-00Z(H),New,0.112,,,,1000,,,,1000,,1000,,1000,1000,0,0,112,0,0,0,112,0,112,0,112,112,5,560,0.00056,,
,1,,USD,NORTH,NEW DELHI,DEL02023,ANEVOLVE TECHNOLOGIES PRIVATE LIMITED,Automotive-EV,Charger,ANEVOLVE PRIVATE LIMITED,Automotive-EV,Charger,SURAJ PANDEY,Poonam Kashyap,ROHM,ROHM,Vivek,Mangalagowri,RB160MM-60TR,New,0.039,,,,1000,,,,1000,,1000,,1000,1000,0,0,39,0,0,0,39,0,39,0,39,39,5,195,0.000195,,
,1,,USD,NORTH,NEW DELHI,DEL02023,ANEVOLVE TECHNOLOGIES PRIVATE LIMITED,Automotive-EV,Charger,ANEVOLVE PRIVATE LIMITED,Automotive-EV,Charger,SURAJ PANDEY,Poonam Kashyap,ROHM,ROHM,Vivek,Mangalagowri,DTC113ZU3T106,New,0.0131,,,,1000,,,,1000,,1000,,1000,1000,0,0,13.1,0,0,0,13.1,0,13.1,0,13.1,13.1,5,65.5,6.55e-05,,
A6400,5,,INR,NORTH,NEW DELHI,DEL00042,FIEM INDUSTRIES LTD-ALWAR,Automotive,Lighting,,Automotive,Lighting,KULDEEP KUMAR,Palak,PANASONIC,PANASONIC,Vikram,Anbarasu,ETQP5M4R7YFM,Existing,30.47,26.18978,6000,6000,6000,6000,6000,6000,6000,6000,6000,6000,6000,6000,182820,182820,182820,182820,182820,182820,182820,182820,182820,182820,182820,182820,72,2193840,0.0248621940163191,,
A2277,,,INR,NORTH,NEW DELHI,DEL01979,LIVGUARD DRIVETRAIN PVT. LTD.,Automotive-Ev,Motor Control Unit,LIVGUARD DRIVETRAIN PVT. LTD.,Automotive-Ev,Motor Control Unit,ARPIT SINGH,Neha Chauhan,MURATA,MURATA,Anita,Shraddha,GRM21BR61H106KE43L,Existing,3.58,0.0265,,,51000,,51000,,51000,,51000,,,51000,0,0,182580,0,182580,0,182580,0,182580,0,0,182580,255,912900,0.0103456482320943,,
A1536,,,INR,NORTH,JAIPUR,JPR00005,MAXWELL INDIA,Energy Meter,Smart Meter,,Energy Meter,Smart Meter,KULDEEP KUMAR,Neha Chauhan,EVE,EVE,Manju N,Kiran Bhamshetty,CR2032CKP,Existing,9,0.08,20000,20000,20000,20000,20000,20000,20000,20000,20000,20000,20000,20000,180000,180000,180000,180000,180000,180000,180000,180000,180000,180000,180000,180000,240,2160000,0.0244786944696283,,
A12957,5,,USD,NORTH,CHANDIGARH,DEL00016,AVON METERS PRIVATE LIMITED,Industrial,Meter & Measurement,,Industrial,Meter & Measurement,MAHESH KUMAR MITTAL,Palak,NICHICON,NICHICON,Abhinandan,Shraddha,UCS2W220MHD,Existing,0.17,0.153,60000,60000,60000,60000,60000,60000,60000,60000,60000,60000,60000,60000,10200,10200,10200,10200,10200,10200,10200,10200,10200,10200,10200,10200,720,122400,0.1224,,
A8335,5,,INR,NORTH,NEW DELHI,DEL00042,FIEM INDUSTRIES LTD-ALWAR,Automotive,Lighting,,Automotive,Lighting,KULDEEP KUMAR,Palak,DIOTEC,DIOTEC,Adarsh,,MMFTM2362-Q,Existing,4.45,0,40000,40000,40000,40000,40000,40000,40000,40000,40000,40000,40000,40000,178000,178000,178000,178000,178000,178000,178000,178000,178000,178000,178000,178000,480,2136000,0.0242067089755213,,
A1577,5,,INR,NORTH,JAIPUR,DEL01933,ACCUMET SOLUTIONS,Energy Meter,Single Phase,,Energy Meter,Single Phase,KULDEEP KUMAR,Neha Chauhan,TIANMA,TIANMA,Nagendra,Bhavya,TJMS5760#02,Existing,35,0.28,5000,5000,5000,5000,5000,5000,5000,5000,5000,5000,5000,5000,175000,175000,175000,175000,175000,175000,175000,175000,175000,175000,175000,175000,60,2100000,0.0237987307343608,,
A12539,5,,USD,NORTH,CHANDIGARH,DEL00016,AVON METERS PRIVATE LIMITED,Industrial,Meter & Measurement,AVON METERS PRIVATE LIMITED,Industrial,Meter & Measurement,MAHESH KUMAR MITTAL,Palak,RENESAS,RENESAS,Uma,Manju PJ,R5F11TLGDFB#15,Existing,0.81,0.749,30000,30000,30000,30000,30000,30000,30000,30000,30000,30000,30000,30000,24300,24300,24300,24300,24300,24300,24300,24300,24300,24300,24300,24300,360,291600,0.2916,,
A14155,5,,DIRECT,NORTH,CHANDIGARH,DEL00016,AVON METERS PRIVATE LIMITED,,,,,,MAHESH KUMAR MITTAL,Palak,TIANMA,TIANMA,Nagendra,Bhavya,TJMS5925#01,Existing,0.336,0.3192,30000,30000,30000,30000,30000,30000,30000,30000,30000,30000,30000,30000,10080,10080,10080,10080,10080,10080,10080,10080,10080,10080,10080,10080,360,120960,0.12096,,
A12115,5,,USD,NORTH,CHANDIGARH,DEL00016,AVON METERS PRIVATE LIMITED,Industrial,Meter & Measurement,,Industrial,Meter & Measurement,MAHESH KUMAR MITTAL,Palak,NICHICON,NICHICON,Abhinandan,Shraddha,UHW1C102MPD,Existing,0.07,0.063,30000,30000,30000,30000,30000,30000,30000,30000,30000,30000,30000,30000,2100,2100,2100,2100,2100,2100,2100,2100,2100,2100,2100,2100,360,25200,0.0252,,
,1,,USD,,CHANDIGARH,DEL00016,AVON METERS PRIVATE LIMITED,,,,,,MAHESH KUMAR MITTAL,Palak,GS TECH,COMCHIP,,,CPDV4V5-HF,New,0.041,,30000,30000,30000,30000,30000,30000,30000,30000,30000,30000,30000,30000,1230,1230,1230,1230,1230,1230,1230,1230,1230,1230,1230,1230,360,14760,0.01476,,
A13482,5,,USD,NORTH,CHANDIGARH,DEL00016,AVON METERS PRIVATE LIMITED,Industrial,Meter & Measurement,,Industrial,Meter & Measurement,MAHESH KUMAR MITTAL,Palak,QUECTEL,QUECTEL,Ram Mohan,Lavanya,YC0003AA,Existing,0.21,0.2,30000,30000,15000,30000,15000,30000,15000,30000,15000,15000,15000,15000,6300,6300,3150,6300,3150,6300,3150,6300,3150,3150,3150,3150,255,53550,0.05355,,
A10400,5,,USD,NORTH,CHANDIGARH,DEL00016,AVON METERS PRIVATE LIMITED,Industrial,Meter & Measurement,,Industrial,Meter & Measurement,MAHESH KUMAR MITTAL,Palak,NICHICON,NICHICON,Abhinandan,Shraddha,UHW1E102MPD,Existing,0.073,0.053,30000,30000,15000,30000,15000,30000,15000,30000,15000,15000,15000,15000,2190,2190,1095,2190,1095,2190,1095,2190,1095,1095,1095,1095,255,18615,0.018615,,
A3004,,5,INR,NORTH,NEW DELHI,DEL02032,PRICOL LIMITED,Automotive,Body Control Unit,,Automotive,Body Control Unit,ABHISHEKH CHOUDHARY,Poonam Kashyap,DIOTEC,DIOTEC,Adarsh,Prajwal,DI62063.3S1,Existing,4.58,3.78,38000,38000,38000,38000,38000,38000,38000,38000,38000,38000,38000,38000,174040,174040,174040,174040,174040,174040,174040,174040,174040,174040,174040,174040,456,2088480,0.0236681776971895,,
A1413,5,,INR,NORTH,NEW DELHI,DEL00052,INDICATION INSTRUMENTS LTD,Automotive-EV,Cluster,,Automotive-EV,Cluster,MAHESH KUMAR MITTAL,Prakash,DIOTEC,DIOTEC,Adarsh,Prajwal,S5M,Existing,4.84,4.21,35000,35000,35000,35000,35000,35000,35000,35000,35000,35000,35000,35000,169400,169400,169400,169400,169400,169400,169400,169400,169400,169400,169400,169400,420,2032800,0.0230371713508613,,
A13867,5,,USD,NORTH,CHANDIGARH,DEL00016,AVON METERS PRIVATE LIMITED,Industrial,Meter & Measurement,,,,MAHESH KUMAR MITTAL,Palak,AOS,AOS,Adarsh,Shraddha,AOZ8105CI,Existing,0.0304,0,10000,10000,10000,10000,10000,10000,10000,10000,10000,10000,10000,10000,304,304,304,304,304,304,304,304,304,304,304,304,120,3648,0.003648,,
A14322,5,,DIRECT,NORTH,CHANDIGARH,DEL00016,AVON METERS PRIVATE LIMITED,,,,,,MAHESH KUMAR MITTAL,Palak,TIANMA,TIANMA,Nagendra,Bhavya,TJMS5926#01,Existing,0.35,0.28975,5000,5000,5000,5000,5000,5000,5000,5000,5000,5000,5000,5000,1750,1750,1750,1750,1750,1750,1750,1750,1750,1750,1750,1750,60,21000,0.021,,
,1,,USD,NORTH,CHANDIGARH,DEL00016,AVON METERS PRIVATE LIMITED,ARPIT SINGH,Palak,,,,MAHESH KUMAR MITTAL,Palak,EVE,EVE,,,ER14250/3FP,New,0.4,,,,,,,,20000,,,,,,0,0,0,0,0,0,8000,0,0,0,0,0,20,8000,0.008,,
,1,,USD,NORTH,CHANDIGARH,DEL00016,AVON METERS PRIVATE LIMITED,ARPIT SINGH,Palak,,,,MAHESH KUMAR MITTAL,Palak,EVE,EVE,,,ER14250/3FP,New,0.4,,,,,,,,20000,,,,,,0,0,0,0,0,0,8000,0,0,0,0,0,20,8000,0.008,,
,1,,DIRECT,,CHANDIGARH,DEL00016,AVON METERS PRIVATE LIMITED,,,,,,MAHESH KUMAR MITTAL,Palak,TIANMA,TIANMA,,,TJMS5833,New,0.35,,,,,,,10000,,,,,,,0,0,0,0,0,3500,0,0,0,0,0,0,10,3500,0.0035,,
,1,,DIRECT,,CHANDIGARH,DEL00016,AVON METERS PRIVATE LIMITED,,,,,,MAHESH KUMAR MITTAL,Palak,TIANMA,TIANMA,,,TJMS5760#02,New,0.295,,,,10000,,,,,,,,,,0,0,2950,0,0,0,0,0,0,0,0,0,10,2950,0.00295,,
,1,,DIRECT,,CHANDIGARH,DEL00016,AVON METERS PRIVATE LIMITED,,,,,,MAHESH KUMAR MITTAL,Palak,TIANMA,TIANMA,,,TJMS5890#01,New,0.305,,1000,1000,1000,1000,1000,1000,1000,1000,1000,,,,305,305,305,305,305,305,305,305,305,0,0,0,9,2745,0.002745,,
A1650,5,,INR,NORTH,NEW DELHI,DEL00233,BENTEC INDIA LIMITED,Energy Meter,Three Phase,,Energy Meter,Three Phase,ARPIT SINGH,Neha Chauhan,DIOTEC,DIOTEC,Adarsh,Prajwal,BC847B,Existing,0.55,0.48,300000,300000,300000,300000,300000,300000,300000,300000,300000,300000,300000,300000,165000,165000,165000,165000,165000,165000,165000,165000,165000,165000,165000,165000,3600,1980000,0.0224388032638259,,
A7259,5,,INR,NORTH,GUJARAT,GUJ00513,MANEKTECH SOLUTIONS PRIVATE LIMITED,Others,OEM,,Others,OEM,HARSH DOSHI,Poonam Kashyap,QUECTEL,QUECTEL,Ram Mohan,Lavanya,L89HD-S90,New,655,5.2,,,250,,,250,,,,250,,,0,0,163750,0,0,163750,0,0,0,163750,0,0,0.75,491250,0.00556720308250227,,
A6407,5,,INR,NORTH,AHMEDABAD,AMD00013,MULTISPAN CONTROL INSTRUMENTS PVT. LTD.,Industrial,Panel Meter,,Industrial,Panel Meter,HARSH DOSHI,Poonam Kashyap,RENESAS,RENESAS,Uma,Manju PJ,R5F51115ADFM#1A,Existing,172,0.993,,,952,,,952,,,952,,952,,0,0,163744,0,0,163744,0,0,163744,0,163744,0,3.808,654976,0.00742266545784225,,
A8036,5,,INR,NORTH,NEW DELHI,DEL00097,TRINITY TOUCH PVT. LTD.,Automotive-EV,Charger,,Automotive-EV,Charger,ARPIT SINGH,Abha,RENESAS,RENESAS,Uma,Manju PJ,R5F100ACGSP#10,Existing,65,0.6,2500,2500,2500,2500,2500,2500,2500,2500,2500,2500,2500,2500,162500,162500,162500,162500,162500,162500,162500,162500,162500,162500,162500,162500,30,1950000,0.0220988213961922,,
A6879,5,,INR,NORTH,NEW DELHI,DEL00061,LUMAX INDUSTRIES LIMITED,Automotive,Lighting,,Automotive,Lighting,MAHESH KUMAR MITTAL,Prakash,PANASONIC,PANASONIC,Vikram,Anbarasu,ETQP5M101YGM,Existing,32.38,27.6722,5000,5000,5000,,,,,,5000,5000,5000,5000,161900,161900,161900,0,0,0,0,0,161900,161900,161900,161900,35,1133300,0.0128433816863101,,
A8352,5,,INR,NORTH,GUJARAT,GUJ00049,AXPERT ENTERPRISE,consumer,White Goods,,consumer,White Goods,HARSH DOSHI,Poonam Kashyap,RENESAS,RENESAS,Uma,Manju PJ,R5F100ACASP#50,Existing,32,0,5000,5000,5000,5000,5000,5000,5000,5000,5000,5000,5000,5000,160000,160000,160000,160000,160000,160000,160000,160000,160000,160000,160000,160000,60,1920000,0.0217588395285585,,
,1,,USD,NORTH,CHANDIGARH,,BEL Punchkula,,,,,,MAHESH KUMAR MITTAL,,,MERCURY,,,S-817A12ANB-CUBT2U,New,0.44,,,,1000,1000,1000,,1000,1000,,1000,,1000,0,0,440,440,440,0,440,440,0,440,0,440,7,3080,0.00308,,
,1,,USD,NORTH,CHANDIGARH,,BEL Punchkula,,,,,,MAHESH KUMAR MITTAL,,,ABLIC,,,AM1081-1,New,38.18,,,,,,1000,,1000,,,1000,,,0,0,0,0,38180,0,38180,0,0,38180,0,0,3,114540,0.11454,,
A8326,,,INR,NORTH,NEW DELHI,DEL00072,NAPINO AUTO & ELECTRONICS LTD,Automotive,Fuel Injection System,,Automotive,Fuel Injection System,ARPIT SINGH,Abha,PANASONIC,PANASONIC,Vikram,Anbarasu,ERJ2BWFR050X,New,3.17,0,50000,50000,50000,50000,50000,50000,50000,50000,50000,50000,50000,50000,158500,158500,158500,158500,158500,158500,158500,158500,158500,158500,158500,158500,600,1902000,0.0215548504079782,,
,,,INR,,NEW DELHI,DEL00070,MKM TECHNOLOGIES PVT LTD,,,,,,MAHESH KUMAR MITTAL,Neha,,JODING,,,JDF320939AFSP,New,78,,2000,2000,2000,2000,2000,2000,2000,2000,2000,2000,2000,2000,156000,156000,156000,156000,156000,156000,156000,156000,156000,156000,156000,156000,24,1872000,0.0212148685403445,,
A8043,,,INR,NORTH,CHANDIGARH,DEL00691,MICROMATION MOHALI E22,Industrial,IOT,,Industrial,IOT,MAHESH KUMAR MITTAL,Palak,RENESAS,RENESAS,Uma,Manju PJ,R7FS5D97E3A01CFC#AA0,Existing,621.86,0,,,250,250,250,250,250,250,,,,,0,0,155465,155465,155465,155465,155465,155465,0,0,0,0,1.5,932790,0.0105710562103355,,
A5011,5,,INR,NORTH,NEW DELHI,DEL00052,INDICATION INSTRUMENTS LTD,Automotive-EV,Cluster,,Automotive-EV,Cluster,MAHESH KUMAR MITTAL,Prakash,DIOTEC,DIOTEC,Adarsh,Prajwal,MMBT7002K-Q,Existing,1.03,0.87,150000,150000,150000,150000,150000,150000,150000,150000,150000,150000,150000,150000,154500,154500,154500,154500,154500,154500,154500,154500,154500,154500,154500,154500,1800,1854000,0.0210108794197643,,
A5031,,,INR,NORTH,NEW DELHI,DEL00010,ALLIED ENGINEERING WORKS LIMITED,Energy Meter,Smart Meter,ALLIED ENGINEERING WORKS LIMITED,Energy Meter,Smart Meter,SURAJ PANDEY,Palak,DIOTEC,DIOTEC,Adarsh,Prajwal,US1M,Existing,0.75,0.68,200000,200000,200000,200000,200000,200000,200000,200000,200000,200000,200000,200000,150000,150000,150000,150000,150000,150000,150000,150000,150000,150000,150000,150000,2400,1800000,0.0203989120580236,,
A4586,5,,INR,NORTH,GUJARAT,GUJ00513,MANEKTECH SOLUTIONS PRIVATE LIMITED,Others,OEM,,Others,OEM,HARSH DOSHI,Poonam Kashyap,QUECTEL,QUECTEL,Ram Mohan,Lavanya,EC200UCNAC-N05-SNNSA,New,598,4.75,,,250,,,250,,,,250,,,0,0,149500,0,0,149500,0,0,0,149500,0,0,0.75,448500,0.00508272892112421,,
A8325,,,INR,NORTH,NEW DELHI,DEL00072,NAPINO AUTO & ELECTRONICS LTD,Automotive,Fuel Injection System,,Automotive,Fuel Injection System,ARPIT SINGH,Abha,PANASONIC,PANASONIC,Vikram,Anbarasu,ERA2VEB3922X,New,2.97,0,50000,50000,50000,50000,50000,50000,50000,50000,50000,50000,50000,50000,148500,148500,148500,148500,148500,148500,148500,148500,148500,148500,148500,148500,600,1782000,0.0201949229374433,,
,1,,INR,,NEW DELHI,,ZENWIN MOTORPARTS PVT LTD,Automotive,Regulator Rectifier,,Automotive,Regulator Rectifier,MAHESH KUMAR MITTAL,Prakash,,NICHICON,,,UHE1V102MHD6,New,14.8,,,10000,10000,10000,10000,10000,10000,10000,10000,10000,10000,10000,0,148000,148000,148000,148000,148000,148000,148000,148000,148000,148000,148000,110,1628000,0.0184496826835902,,
A11374,5,,USD,NORTH,NEW DELHI,DEL00233,BENTEC INDIA LIMITED,Industrial,Others-Industrial,,Industrial,Others-Industrial,ARPIT SINGH,Neha Chauhan,TIANMA,TIANMA,Nagendra,Bhavya,TJMS5760A,Existing,0.275,0.247,30000,30000,30000,30000,30000,30000,10000,10000,10000,10000,10000,10000,8250,8250,8250,8250,8250,8250,2750,2750,2750,2750,2750,2750,240,66000,0.066,,
,1,,INR,NORTH,NEW DELHI,,ZENWIN MOTORPARTS PVT LTD,Automotive,Regulator Rectifier,,Automotive,Regulator Rectifier,MAHESH KUMAR MITTAL,Prakash,,NICHICON,,,UHE1V102MHD6,New,14.8,,,10000,10000,10000,10000,10000,10000,10000,10000,10000,10000,10000,0,148000,148000,148000,148000,148000,148000,148000,148000,148000,148000,148000,110,1628000,0.0184496826835902,,
A8940,5,,USD,NORTH,NEW DELHI,DEL00233,BENTEC INDIA LIMITED,Industrial,Others-Industrial,,Industrial,Others-Industrial,ARPIT SINGH,Neha Chauhan,HIROSE,HIROSE,Mahesha,Lavanya,KP13B-SF-PEJ(800),Existing,0.253,0.2352,20000,20000,20000,20000,20000,10000,10000,10000,10000,10000,10000,10000,5060,5060,5060,5060,5060,2530,2530,2530,2530,2530,2530,2530,170,43010,0.04301,,
A6448,,,INR,NORTH,NEW DELHI,DEL00061,LUMAX INDUSTRIES LIMITED,Automotive,Lighting,,Automotive,Lighting,MAHESH KUMAR MITTAL,Prakash,PANASONIC,PANASONIC,Vikram,Anbarasu,ETQ-P5M4R7YFM,Existing,29.2571428571429,26.18978,5000,5000,5000,,,,,,,5000,5000,5000,146285.714285714,146285.714285714,146285.714285714,0,0,0,0,0,0,146285.714285714,146285.714285714,146285.714285714,30,877714.285714286,0.00994689807019816,,
A6702,5,,INR,NORTH,NEW DELHI,DEL01992,ANEVOLVE PRIVATE LIMITED,Automotive-EV,Charger,ANEVOLVE PRIVATE LIMITED,Automotive-EV,Charger,SURAJ PANDEY,Poonam Kashyap,DIOTEC,DIOTEC,Adarsh,Prajwal,PX1500M,Existing,18.27,16.09,8000,8000,8000,8000,8000,8000,8000,8000,8000,8000,8000,8000,146160,146160,146160,146160,146160,146160,146160,146160,146160,146160,146160,146160,96,1753920,0.0198766999093382,,
A13879,,,USD,NORTH,NEW DELHI,DEL00233,BENTEC INDIA LIMITED,Industrial,Others-Industrial,,,,ARPIT SINGH,Neha Chauhan,TIANMA,TIANMA,Nagendra,,TJMS5883,Existing,0.35,0,,,,5000,5000,5000,5000,5000,5000,5000,5000,5000,0,0,0,1750,1750,1750,1750,1750,1750,1750,1750,1750,45,15750,0.01575,,
A7031,5,,INR,NORTH,NEW DELHI,DEL00042,FIEM INDUSTRIES LTD-ALWAR,Automotive,Lighting,,Automotive,Lighting,KULDEEP KUMAR,Palak,DIOTEC,DIOTEC,Adarsh,Prajwal,S1M-Q,Existing,0.72,0.65,200000,200000,200000,200000,200000,200000,200000,200000,200000,200000,200000,200000,144000,144000,144000,144000,144000,144000,144000,144000,144000,144000,144000,144000,2400,1728000,0.0195829555757026,,
,5,,INR,NORTH,AHMEDABAD,,A D MACHELAN,Industrial,,,,,HARSH DOSHI,,NICHICON,NICHICON,,,LGG2W101MELZ25,,71,,2000,2000,2000,2000,2000,2000,2000,2000,2000,,2000,2000,142000,142000,142000,142000,142000,142000,142000,142000,142000,0,142000,142000,22,1562000,0.017701722574796,,
A11519,,,USD,NORTH,NEW DELHI,DEL00233,BENTEC INDIA LIMITED,Industrial,Others-Industrial,,Industrial,Others-Industrial,ARPIT SINGH,Neha Chauhan,TIANMA,TIANMA,Nagendra,Bhavya,TJMS5760A,Existing,0.275,0.247,,,,10000,,,,,,,,,0,0,0,2750,0,0,0,0,0,0,0,0,10,2750,0.00275,,
A7431,5,,INR,NORTH,AHMEDABAD,AMD00013,MULTISPAN CONTROL INSTRUMENTS PVT. LTD.,Industrial,Panel Meter,,Industrial,Panel Meter,HARSH DOSHI,Poonam Kashyap,DIOTEC,DIOTEC,Adarsh,Prajwal,GBU4M,Existing,9.3,8.04,,15000,15000,,,15000,15000,,15000,,15000,,0,139500,139500,0,0,139500,139500,0,139500,0,139500,0,90,837000,0.00948549410698096,,
A8538,,5,USD,NORTH,UTTAR PRADESH,DEL01834,BHARAT ELECTRONICS LTD,Industrial,PLC,,Industrial,PLC,MAHESH KUMAR MITTAL,Neha Chauhan,MERCURY,MERCURY,Sinouvassane,Tanuja,AM1081-1,Existing,38.18,31.82,0,,,,100,,,,,,,,0,0,0,0,3818,0,0,0,0,0,0,0,0.1,3818,0.003818,,
A6357,,,INR,NORTH,NEW DELHI,DEL00072,NAPINO AUTO & ELECTRONICS LTD,Automotive,Fuel Injection System,,Automotive,Fuel Injection System,ARPIT SINGH,Abha,DEKI,DEKI,Vikram,Prajwal,04 474 K 2J 1B,Existing,8.65,7.84,16000,16000,16000,16000,16000,16000,16000,16000,16000,16000,16000,16000,138400,138400,138400,138400,138400,138400,138400,138400,138400,138400,138400,138400,192,1660800,0.0188213961922031,,
A7049,5,,INR,NORTH,NEW DELHI,DEL00010,ALLIED ENGINEERING WORKS LIMITED,Energy Meter,Smart Meter,ALLIED ENGINEERING WORKS LIMITED,Energy Meter,Smart Meter,SURAJ PANDEY,Palak,DIOTEC,DIOTEC,Adarsh,Prajwal,ESD9BL0521P,Existing,0.68,0.62,200000,200000,200000,200000,200000,200000,200000,200000,200000,200000,200000,200000,136000,136000,136000,136000,136000,136000,136000,136000,136000,136000,136000,136000,2400,1632000,0.0184950135992747,,
A8367,5,,INR,NORTH,GUJARAT,GUJ00091,Gtek Corporation Pvt Ltd,Industrial,Automation,,Industrial,Automation,HARSH DOSHI,Poonam Kashyap,QUECTEL,QUECTEL,Ram Mohan,Lavanya,EC200UCNAA-N05-SGNSA,Existing,528,0,250,,250,250,,250,,250,250,,,250,132000,0,132000,132000,0,132000,0,132000,132000,0,0,132000,1.75,924000,0.0104714415231188,,
,1,,INR,,JAIPUR,,MAXWELL INDIA,,,,,,KULDEEP KUMAR,Neha Chauhan,,Deki,,,17 414 K 06 1 M,,4.4,,30000,30000,30000,30000,30000,30000,30000,30000,30000,30000,30000,30000,132000,132000,132000,132000,132000,132000,132000,132000,132000,132000,132000,132000,360,1584000,0.0179510426110607,,
A2062,5,,INR,NORTH,NEW DELHI,DEL01992,ANEVOLVE PRIVATE LIMITED,Automotive-EV,Charger,ANEVOLVE PRIVATE LIMITED,Automotive-EV,Charger,SURAJ PANDEY,Poonam Kashyap,EPCOS,EPCOS,Karthik,Mangalagowri,B32642B0563K,Existing,16.2,0.14,8000,8000,8000,8000,8000,8000,8000,8000,8000,8000,8000,8000,129600,129600,129600,129600,129600,129600,129600,129600,129600,129600,129600,129600,96,1555200,0.0176246600181324,,
,1,,INR,,NEW DELHI,,KK LIGHTING INDIA PRIVATE LIMITED,,,,,,ARPIT SINGH,,TSC,TSC,,,SMBJ30CAH,New,6.12,,,,21000,,,21000,,,21000,,,21000,0,0,128520,0,0,128520,0,0,128520,0,0,128520,84,514080,0.00582592928377153,,
,5,,USD,NORTH,NEW DELHI,DEL01199,CAPITAL POWER SYSTEMS LTD,Industrial,Meter & Measurement,,,,KULDEEP KUMAR,Poonam Kashyap,TIANMA,TIANMA,Nagendra,Bhavya,TJMS5907#01,New,0.51,0.44,50000,50000,50000,50000,50000,50000,50000,50000,50000,50000,50000,50000,25500,25500,25500,25500,25500,25500,25500,25500,25500,25500,25500,25500,600,306000,0.306,,
A13119,5,,USD,NORTH,NEW DELHI,DEL01199,CAPITAL POWER SYSTEMS LTD,Industrial,Meter & Measurement,,Industrial,Meter & Measurement,KULDEEP KUMAR,Poonam Kashyap,TIANMA,TIANMA,Nagendra,Bhavya,TJMS5910#01,Existing,0.26,0.214,,50000,50000,50000,50000,50000,50000,50000,50000,50000,50000,50000,0,13000,13000,13000,13000,13000,13000,13000,13000,13000,13000,13000,550,143000,0.143,,
,1,,USD,,NEW DELHI,,CAPITAL POWER SYSTEMS LTD,,,,,,KULDEEP KUMAR,,,VISHAY,,,P6SMBJ200,,0.03,,,,50000,50000,50000,50000,50000,50000,50000,50000,50000,50000,0,0,1500,1500,1500,1500,1500,1500,1500,1500,1500,1500,500,15000,0.015,,
A12836,5,,USD,NORTH,NEW DELHI,DEL01199,CAPITAL POWER SYSTEMS LTD,Industrial,Meter & Measurement,,Industrial,Meter & Measurement,KULDEEP KUMAR,Poonam Kashyap,NICHICON,NICHICON,Abhinandan,Shraddha,UCY2W330MHD,Existing,0.188,0.177,100000,,100000,,,100000,,,,100000,,,18800,0,18800,0,0,18800,0,0,0,18800,0,0,400,75200,0.0752,,
A10816,5,,USD,NORTH,NEW DELHI,DEL01199,CAPITAL POWER SYSTEMS LTD,Industrial,Meter & Measurement,,Industrial,Meter & Measurement,KULDEEP KUMAR,Poonam Kashyap,NICHICON,NICHICON,Abhinandan,Shraddha,UHW1E102MPD,Existing,0.057,0.053,100000,,100000,,,100000,,,,100000,,,5700,0,5700,0,0,5700,0,0,0,5700,0,0,400,22800,0.0228,,
A11636,5,,USD,NORTH,NEW DELHI,DEL01199,CAPITAL POWER SYSTEMS LTD,Industrial,Meter & Measurement,,Industrial,Meter & Measurement,KULDEEP KUMAR,Poonam Kashyap,NICHICON,NICHICON,Abhinandan,Shraddha,UHV1C471MPD,Existing,0.0425,0.0395,100000,,100000,,,100000,,,,100000,,,4250,0,4250,0,0,4250,0,0,0,4250,0,0,400,17000,0.017,,
A11524,5,,USD,NORTH,NEW DELHI,DEL01199,CAPITAL POWER SYSTEMS LTD,Industrial,Meter & Measurement,,Industrial,Meter & Measurement,KULDEEP KUMAR,Poonam Kashyap,TIANMA,TIANMA,Nagendra,Bhavya,TJMS5908#01,Existing,0.26,0.215,50000,,50000,,50000,,,50000,,,50000,,13000,0,13000,0,13000,0,0,13000,0,0,13000,0,250,65000,0.065,,
A11358,5,,USD,NORTH,NEW DELHI,DEL01199,CAPITAL POWER SYSTEMS LTD,Industrial,Meter & Measurement,,Industrial,Meter & Measurement,KULDEEP KUMAR,Poonam Kashyap,TIANMA,TIANMA,Nagendra,Bhavya,TJMS5909#01,Existing,0.25,0.209,,100000,,,,,,100000,,,,,0,25000,0,0,0,0,0,25000,0,0,0,0,200,50000,0.05,,
,1,,USD,,NEW DELHI,,CAPITAL POWER SYSTEMS LTD,,,,,,KULDEEP KUMAR,,,EVE,,,ER34165+SPC1520,,5.5,,,,,,,2000,,,2000,,,,0,0,0,0,0,11000,0,0,11000,0,0,0,4,22000,0.022,,
A4435,5,,INR,NORTH,NEW DELHI,DEL00042,FIEM INDUSTRIES LTD-ALWAR,Automotive,Lighting,,Automotive,Lighting,KULDEEP KUMAR,Palak,PANASONIC,PANASONIC,Vikram,Anbarasu,ETQP4M100KFM,Existing,21.16,20.75543,6000,6000,6000,6000,,6000,,6000,,,,,126960,126960,126960,126960,0,126960,0,126960,0,0,0,0,36,761760,0.00863281958295558,,
A3377,,,INR,NORTH,NEW DELHI,DEL00061,LUMAX INDUSTRIES LIMITED,Automotive,Lighting,,Automotive,Lighting,MAHESH KUMAR MITTAL,Prakash,DIOTEC,DIOTEC,Adarsh,Prajwal,ES1D-Q,Existing,4.18,3.61,30000,30000,30000,30000,,30000,30000,,30000,30000,30000,30000,125400,125400,125400,125400,0,125400,125400,0,125400,125400,125400,125400,300,1254000,0.0142112420670898,,
,1,,INR,,NEW DELHI,DEL00072,NAPINO AUTO & ELECTRONICS LTD,,,,,,ARPIT SINGH,Abha,,Deki,,,207 105 K 05 1D,New,7.82,,16000,16000,16000,16000,16000,16000,16000,16000,16000,16000,16000,16000,125120,125120,125120,125120,125120,125120,125120,125120,125120,125120,125120,125120,192,1501440,0.0170154125113327,,
A1471,5,,INR,NORTH,NEW DELHI,DEL00005,AHUJA RADIOS,Industrial,Automation,,Industrial,Automation,KULDEEP KUMAR,Neha,DIOTEC,DIOTEC,Adarsh,Prajwal,UF4007,Existing,1.25,1.1,100000,,100000,,100000,,,,,,100000,,125000,0,125000,0,125000,0,0,0,0,0,125000,0,400,500000,0.0056663644605621,,
A5617,5,,INR,NORTH,NEW DELHI,DEL01992,ANEVOLVE PRIVATE LIMITED,Automotive-EV,Charger,ANEVOLVE PRIVATE LIMITED,Automotive-EV,Charger,SURAJ PANDEY,Poonam Kashyap,EPCOS,EPCOS,Karthik,Mangalagowri,B32923C3225K N 1,Existing,15.53,14,8000,8000,8000,8000,8000,8000,8000,8000,8000,8000,8000,8000,124240,124240,124240,124240,124240,124240,124240,124240,124240,124240,124240,124240,96,1490880,0.0168957388939257,,
,1,,USD,NORTH,CHANDIGARH,DEL00030,CONTINENTAL DEVICE INDIA PVT. LTD. (DD),,,,,,MAHESH KUMAR MITTAL,,,AOS,,,AO3401A,New,0.0437,,,,5000,,,5000,,,5000,,5000,5000,0,0,218.5,0,0,218.5,0,0,218.5,0,218.5,218.5,25,1092.5,0.0010925,,
,1,,USD,NORTH,CHANDIGARH,DEL00030,CONTINENTAL DEVICE INDIA PVT. LTD. (DD),,,,,,MAHESH KUMAR MITTAL,,,AOS,,,AO3402,New,0.06,,,,,,,,,5000,,5000,,5000,0,0,0,0,0,0,0,300,0,300,0,300,15,900,0.0009,,
,1,,USD,NORTH,CHANDIGARH,DEL00030,CONTINENTAL DEVICE INDIA PVT. LTD. (DD),,,,,,MAHESH KUMAR MITTAL,,,AOS,,,AOD66920,New,0.2295,,,,5000,,,,,5000,,,,,0,0,1147.5,0,0,0,0,1147.5,0,0,0,0,10,2295,0.002295,,
,1,,USD,NORTH,CHANDIGARH,DEL00030,CONTINENTAL DEVICE INDIA PVT. LTD. (DD),,,,,,MAHESH KUMAR MITTAL,,,TDK,,,B32653A8222J000,New,7.61,,1000,,,,,1000,,,,1000,,1000,7610,0,0,0,0,7610,0,0,0,7610,0,7610,4,30440,0.03044,,
,1,,USD,NORTH,CHANDIGARH,DEL00030,CONTINENTAL DEVICE INDIA PVT. LTD. (DD),,,,,,MAHESH KUMAR MITTAL,,,TDK,,,B32653A8222K000 ,New,7.49,,1000,,,,,1000,,,,1000,,1000,7490,0,0,0,0,7490,0,0,0,7490,0,7490,4,29960,0.02996,,
A2809,5,,INR,NORTH,AHMEDABAD,AMD00025,THITA CONTROLS AND AUTOMATION,Industrial,Panel Meter,,Industrial,Panel Meter,HARSH DOSHI,Poonam Kashyap,RENESAS,RENESAS,Uma,Manju PJ,R5F100MFAFB#10,Existing,130,1.2,952,,952,,952,,952,,952,,952,,123760,0,123760,0,123760,0,123760,0,123760,0,123760,0,5.712,742560,0.00841523118766999,,
A2845,5,,INR,NORTH,NEW DELHI,DEL00010,ALLIED ENGINEERING WORKS LIMITED,Energy Meter,Smart Meter,ALLIED ENGINEERING WORKS LIMITED,Energy Meter,Smart Meter,SURAJ PANDEY,Palak,DIOTEC,DIOTEC,Adarsh,Prajwal,SK320SMB,Existing,4.1,3.76,,,30000,,,30000,,,30000,,,30000,0,0,123000,0,0,123000,0,0,123000,0,0,123000,120,492000,0.00557570262919311,,
,1,,INR,NORTH,NEW DELHI,DEL01824,EXICOM TELE-SYSTEMS LIMITED,,,,,,MAHESH KUMAR MITTAL,Poonam Kashyap,,NICHICON,,,3.0SMCJ130CA,Existing,12.13,,,,10000,,,,,,10000,,,10000,0,0,121300,0,0,0,0,0,121300,0,0,121300,30,363900,0.0041239800543971,,
A4408,,5,INR,NORTH,NEW DELHI,DEL02032,PRICOL LIMITED,Automotive,Body Control Unit,,Automotive,Body Control Unit,ABHISHEKH CHOUDHARY,Poonam Kashyap,NICHICON,NICHICON,Abhinandan,Shraddha,UUD1H101MNL1GS,Existing,6.97,0.07,46500,16500,16500,16500,16500,16500,16500,16500,16500,16500,16500,16500,324105,115005,115005,115005,115005,115005,115005,115005,115005,115005,115005,115005,228,1589160,0.0180095194922937,,
A7590,5,,INR,NORTH,AHMEDABAD,AMD00012,MISTURA TECHNOLOGIES,Industrial,Panel Meter,,Industrial,Panel Meter,HARSH DOSHI,Poonam Kashyap,RENESAS,RENESAS,Uma,Manju PJ,R5F100ACASP#50,Existing,46,0.256,2500,2500,2500,2500,2500,2500,2500,2500,2500,2500,2500,2500,115000,115000,115000,115000,115000,115000,115000,115000,115000,115000,115000,115000,30,1380000,0.0156391659111514,,
A1231,,5,INR,NORTH,NEW DELHI,DEL01762,PRICOL LIMITED-GURGAON,Automotive,Body Control Unit,,Automotive,Body Control Unit,ABHISHEKH CHOUDHARY,Poonam Kashyap,DIOTEC,DIOTEC,Adarsh,Prajwal,BCX56-16,Existing,1.9,1.58,21000,21000,60000,60000,21000,21000,60000,60000,21000,21000,60000,60000,39900,39900,114000,114000,39900,39900,114000,114000,39900,39900,114000,114000,486,923400,0.0104646418857661,,
A6205,,,INR,NORTH,GUJARAT,GUJ00236,RELCON SYSTEMS,Industrial,Automation,,Industrial,Automation,HARSH DOSHI,Poonam Kashyap,EVE,EVE,Manju N,Kiran Bhamshetty,CR2032AKW,Existing,11.02,0.085,0,,10000,,,10000,5000,,,,10000,,0,0,110200,0,0,110200,55100,0,0,0,110200,0,35,385700,0.00437103354487761,,
A3235,5,,INR,NORTH,AHMEDABAD,AMD00026,VOLTEX CONTROLS,Industrial,Panel Meter,,Industrial,Panel Meter,HARSH DOSHI,Poonam Kashyap,RENESAS,RENESAS,Uma,Manju PJ,R5F100ACASP#50,Existing,44,0.256,2500,2500,2500,2500,2500,2500,2500,2500,2500,2500,2500,2500,110000,110000,110000,110000,110000,110000,110000,110000,110000,110000,110000,110000,30,1320000,0.014959202175884,,
A3300,5,,INR,NORTH,NEW DELHI,DEL02049,BOPARAI ELECTRICALS & ELECTRONICS-1Z5,Industrial,Panel Meter,,Industrial,Panel Meter,MAHESH KUMAR MITTAL,Abha,RENESAS,RENESAS,Uma,Manju PJ,R5F12018ASP#50,Existing,21.5,0.2,5000,5000,5000,5000,5000,5000,5000,5000,5000,5000,5000,5000,107500,107500,107500,107500,107500,107500,107500,107500,107500,107500,107500,107500,60,1290000,0.0146192203082502,,
A3910,5,,INR,NORTH,AHMEDABAD,AMD00025,THITA CONTROLS AND AUTOMATION,Industrial,Panel Meter,THITA CONTROLS AND AUTOMATION,Industrial,Panel Meter,HARSH DOSHI,Poonam Kashyap,CHUROD,CHUROD,Anita,Priyanka N,CHM-S-124DA3,Existing,21.4,0.162,,,5000,,,,5000,,,,5000,,0,0,107000,0,0,0,107000,0,0,0,107000,0,15,321000,0.00363780598368087,,
A8055,5,,INR,NORTH,NEW DELHI,DEL00035,ECOSTAR INNOVATION PVT. LTD.,Automotive-EV,Charger,,Automotive-EV,Charger,DHIRENDER PANDEY,Abha,RENESAS,RENESAS,Uma,Manju PJ,R5F104BAAFP#10,Existing,53.1,36,2000,,2000,,,2000,,,2000,,2000,,106200,0,106200,0,0,106200,0,0,106200,0,106200,0,10,531000,0.00601767905711695,,
A2178,5,,INR,NORTH,JAIPUR,JPR00003,GENUS POWER JAIPUR,Energy Meter,Smart Meter,,Energy Meter,Smart Meter,KULDEEP KUMAR,Prakash,DIOTEC,DIOTEC,Adarsh,Prajwal,ER2G,Existing,2.65,2.35,40000,,40000,,40000,,,40000,,40000,,40000,106000,0,106000,0,106000,0,0,106000,0,106000,0,106000,240,636000,0.007207615593835,,
A7777,5,,INR,NORTH,CHANDIGARH,CHG00001,CYBER LABS PVT LTD,Consumer,Lighting,,Consumer,Lighting,MAHESH KUMAR MITTAL,Abha,RENESAS,RENESAS,Uma,Manju PJ,R5F100LEAFA#10,Existing,105.75,0.972,1000,1000,1000,1000,1000,1000,1000,1000,1000,1000,1000,1000,105750,105750,105750,105750,105750,105750,105750,105750,105750,105750,105750,105750,12,1269000,0.0143812330009066,,
A2693,5,,INR,NORTH,AHMEDABAD,AMD00281,ABM INSTRUMENT,Industrial,Panel Meter,,Industrial,Panel Meter,HARSH DOSHI,Poonam Kashyap,RENESAS,RENESAS,Uma,Manju PJ,R5F100ACASP#50,Existing,42,0.256,2500,,2500,,,,,2500,,,2500,,105000,0,105000,0,0,0,0,105000,0,0,105000,0,10,420000,0.00475974614687217,,
A4585,5,,INR,NORTH,NEW DELHI,DEL02261,HELLA INDIA AUTOMOTIVE PRIVATE LIMITED-DEL,Automotive,Infotainment,,Automotive,Infotainment,ARPIT SINGH,Neha Chauhan,DIOTEC,DIOTEC,Adarsh,Prajwal,MMBTRC102SS,Existing,0.99,0.83,104000,104000,104000,104000,104000,104000,104000,104000,104000,104000,104000,104000,102960,102960,102960,102960,102960,102960,102960,102960,102960,102960,102960,102960,1248,1235520,0.0140018132366274,,
A7802,5,,INR,NORTH,GUJARAT,GUJ00290,MEDIHOLIC EQUIPMENT,Medical,Scanners,,Medical,Scanners,HARSH DOSHI,Poonam Kashyap,RENESAS,RENESAS,Uma,Manju PJ,R5F100ACASP#50,Existing,41,0.275,,,2500,,,,2500,,,,,,0,0,102500,0,0,0,102500,0,0,0,0,0,5,205000,0.00232320942883046,,
A2431,,,INR,NORTH,JAIPUR,JPR00057,POLARISGRIDS PRIVATE LIMITED,Energy Meter,Smart Meter,,Energy Meter,Smart Meter,KULDEEP KUMAR,Neha Chauhan,DIOTEC,DIOTEC,Adarsh,Prajwal,BZT52C5V1,Existing,1.02,0.95,100000,,100000,,,100000,,,,,,,102000,0,102000,0,0,102000,0,0,0,0,0,0,300,306000,0.00346781504986401,,
,5,,INR,NORTH,AHMEDABAD,,Azista Aerospace Pvt ltd,,,,,,HARSH DOSHI,Poonam Kashyap,quorvo,quorvo,,,TGL2217,Existing,50000,,,,2,,,2,,,,2,,,0,0,100000,0,0,100000,0,0,0,100000,0,0,0.006,300000,0.00339981867633726,,
,1,,INR,NORTH,NEW DELHI,,RIOT LABZ PRIVATE LIMITED,,,,,,ABHISHEKH CHOUDHARY,,,EVE,,,CR2032CKP,,10,,,10000,10000,10000,10000,10000,10000,10000,10000,10000,10000,10000,0,100000,100000,100000,100000,100000,100000,100000,100000,100000,100000,100000,110,1100000,0.0124660018132366,,
A8051,5,,INR,NORTH,AHMEDABAD,AMD00340,AARVI ELECTRONIC AND CONTROL,Industrial,Panel Meter,,Industrial,Panel Meter,HARSH DOSHI,Abha,RENESAS,RENESAS,Uma,Manju PJ,R5F100LEAFA#10,Existing,105,0.97,952,,952,,952,,,952,,952,,,99960,0,99960,0,99960,0,0,99960,0,99960,0,0,4.76,499800,0.00566409791477788,,
A3304,5,,INR,NORTH,NEW DELHI,DEL01781,VVDN TECHNOLOGIES PVT LTD,Telecom,Routers,,Telecom,Routers,ARPIT SINGH,Neha Chauhan,BOSCH,BOSCH,Pavan,Navya,SMI330,New,99.21,91,1000,1000,1000,1000,1000,1000,1000,1000,1000,1000,1000,1000,99210,99210,99210,99210,99210,99210,99210,99210,99210,99210,99210,99210,12,1190520,0.0134918404351768,,
A4494,,5,INR,NORTH,NEW DELHI,DEL00084,SECURICO ELECTRONICS INDIA LTD (H),Industrial,Security & Surveillance,,Industrial,Security & Surveillance,ABHISHEKH CHOUDHARY,Neha Chauhan,RENESAS,RENESAS,Uma,Manju PJ,R5F100GEAFB#10,Existing,99,0.535,,,1000,,,2000,,,,,,,0,0,99000,0,0,198000,0,0,0,0,0,0,3,297000,0.00336582048957389,,
,1,,INR,NORTH,NEW DELHI,DEL00052,INDICATION INSTRUMENTS LTD,,,,Automotive-EV,Cluster,MAHESH KUMAR MITTAL,Palak,,Panasonic,,,BCP56-16-Q,Existing,3.29,,30000,30000,30000,30000,30000,30000,30000,30000,30000,30000,30000,30000,98700,98700,98700,98700,98700,98700,98700,98700,98700,98700,98700,98700,360,1184400,0.0134224841341795,,
A2850,,,INR,NORTH,AHMEDABAD,AMD00001,ALFA INSTRUMENTS,Industrial,Panel Meter,,Industrial,Panel Meter,HARSH DOSHI,Poonam Kashyap,RENESAS,RENESAS,Uma,Manju PJ,R5F100ACASP#50,Existing,39.25,0.275,2500,2500,2500,2500,2500,2500,2500,2500,2500,2500,2500,2500,98125,98125,98125,98125,98125,98125,98125,98125,98125,98125,98125,98125,30,1177500,0.0133442883046238,,
A5084,5,,INR,NORTH,JAIPUR,JPR00003,GENUS POWER JAIPUR,Energy Meter,Smart Meter,,Energy Meter,Smart Meter,KULDEEP KUMAR,Prakash,DIOTEC,DIOTEC,Adarsh,Prajwal,MMSZ5234B,Existing,0.98,0.87,100000,100000,100000,100000,100000,100000,100000,100000,100000,100000,100000,100000,98000,98000,98000,98000,98000,98000,98000,98000,98000,98000,98000,98000,1200,1176000,0.0133272892112421,,
A6621,,,INR,NORTH,NEW DELHI,DEL00233,BENTEC INDIA LIMITED,Energy Meter,Three Phase,,Energy Meter,Three Phase,ARPIT SINGH,Neha Chauhan,EVE,EVE,Manju N,Kiran Bhamshetty,CR2450CKP,Existing,19.5,0.186,,,5000,,,5000,,,5000,,,5000,0,0,97500,0,0,97500,0,0,97500,0,0,97500,20,390000,0.00441976427923844,,
A4662,5,,INR,NORTH,JAIPUR,DEL01933,ACCUMET SOLUTIONS,Energy Meter,Single Phase,,Energy Meter,Single Phase,KULDEEP KUMAR,Neha Chauhan,EVE,EVE,Manju N,Kiran Bhamshetty,CR2032CKP,Existing,9.7,0.078,,,10000,,,10000,,,20000,,,20000,0,0,97000,0,0,97000,0,0,194000,0,0,194000,60,582000,0.00659564823209429,,
A1152,5,,INR,NORTH,NEW DELHI,DEL01992,ANEVOLVE PRIVATE LIMITED,Automotive-EV,Charger,ANEVOLVE PRIVATE LIMITED,Automotive-EV,Charger,SURAJ PANDEY,Poonam Kashyap,DEGSON,DEGSON,Bharath,Prajwal,K12-00Z(H),Existing,2.4,0.019,40000,40000,40000,40000,40000,40000,40000,40000,40000,40000,40000,40000,96000,96000,96000,96000,96000,96000,96000,96000,96000,96000,96000,96000,480,1152000,0.0130553037171351,,
A8039,,,INR,NORTH,NEW DELHI,DEL00062,LUMINOUS POWER TECHNOLOGIES HP,Industrial,Invertor,,Industrial,Invertor,KULDEEP KUMAR,Palak,DIOTEC,DIOTEC,Adarsh,Prajwal,UM7,Existing,1.2,0.9,80000,80000,80000,80000,80000,40000,40000,40000,40000,40000,40000,40000,96000,96000,96000,96000,96000,48000,48000,48000,48000,48000,48000,48000,680,816000,0.00924750679963735,,
,5,,INR,NORTH,AHMEDABAD,,A D MACHELAN,Industrial,,,,,HARSH DOSHI,,NICHICON,NICHICON,,,UVY2W220MHD,,19,,5000,5000,5000,5000,,5000,5000,5000,5000,,5000,5000,95000,95000,95000,95000,0,95000,95000,95000,95000,0,95000,95000,50,950000,0.010766092475068,,
A9047,5,,USD,NORTH,NEW DELHI,DEL00037,EL SEWEDY ELECTRO METER INDIA PVT LTD,Industrial,Meter & Measurement,EL SEWEDY ELECTRO METER INDIA PVT LTD,Industrial,Meter & Measurement,KULDEEP KUMAR,Palak,RENESAS,RENESAS,Uma,Manju PJ,R5F11TLEDFB#15,Existing,0.85,0.791,,,,,,,,10000,,,,,0,0,0,0,0,0,0,8500,0,0,0,0,10,8500,0.0085,,
A1800,5,,INR,NORTH,UTTAR PRADESH,DEL00043,FILM ELECTRONICS PVT LTD,Others,OEM,,Others,OEM,DHIRENDER PANDEY,Poonam Kashyap,DIOTEC,DIOTEC,Adarsh,Prajwal,S2M,Existing,1.58,1.24,60000,60000,60000,10000,60000,60000,60000,60000,60000,60000,60000,60000,94800,94800,94800,15800,94800,94800,94800,94800,94800,94800,94800,94800,670,1058600,0.0119968268359021,,
A1402,,,INR,NORTH,JAIPUR,DEL00046,GENUS POWER INFRASTRUCTURES LTD,Energy Meter,Smart Meter,,Energy Meter,Smart Meter,KULDEEP KUMAR,Prakash,DIOTEC,DIOTEC,Adarsh,Prajwal,ER2G,Existing,2.65,2.35,35000,35000,35000,35000,35000,35000,35000,35000,35000,35000,35000,35000,92750,92750,92750,92750,92750,92750,92750,92750,92750,92750,92750,92750,420,1113000,0.0126133272892112,,
A2735,5,,INR,NORTH,NEW DELHI,DEL00019,BCH ELECTRIC LIMITED,Industrial,Automation,,Industrial,Automation,SURAJ PANDEY,Neha Chauhan,RENESAS,RENESAS,Uma,Manju PJ,R5F10Y17DSP#10,Existing,30,0.249,3000,,3000,,3000,,3000,,3000,,3000,,90000,0,90000,0,90000,0,90000,0,90000,0,90000,0,18,540000,0.00611967361740707,,
A2709,5,,INR,NORTH,NEW DELHI,DEL00233,BENTEC INDIA LIMITED,Energy Meter,Three Phase,,Energy Meter,Three Phase,ARPIT SINGH,Neha Chauhan,DIOTEC,DIOTEC,Adarsh,Prajwal,ES2J,Existing,3,2.59,30000,30000,30000,30000,30000,30000,30000,30000,30000,30000,30000,30000,90000,90000,90000,90000,90000,90000,90000,90000,90000,90000,90000,90000,360,1080000,0.0122393472348141,,
A7772,,5,INR,NORTH,NEW DELHI,DEL00091,SUNRISE EMBEDDED SOLUTIONS PVT LTD,Industrial,Panel Meter,,Industrial,Panel Meter,ABHISHEKH CHOUDHARY,Abha,TAIWAN SEMI,TAIWAN SEMI,Gaurav,Prajwal,FRAF10JG,Existing,17.75,0.35,0,0,5000,5000,0,0,5000,0,0,5000,5000,5000,0,0,88750,88750,0,0,88750,0,0,88750,88750,88750,30,532500,0.00603467815049864,,
A7092,5,,INR,NORTH,UTTAR PRADESH,DEL00135,ACHYUTTAM ELECTRONICS PVT LTD,Industrial,Panel Meter,,Industrial,Panel Meter,DHIRENDER PANDEY,Abha,DIOTEC,DIOTEC,Adarsh,Prajwal,S2M,Existing,1.47,1.13,60000,,60000,,60000,,60000,60000,60000,60000,60000,60000,88200,0,88200,0,88200,0,88200,88200,88200,88200,88200,88200,540,793800,0.0089959202175884,,
A6471,5,,INR,NORTH,AHMEDABAD,AMD00013,MULTISPAN CONTROL INSTRUMENTS PVT. LTD.,Industrial,Panel Meter,,Industrial,Panel Meter,HARSH DOSHI,Poonam Kashyap,DIOTEC,DIOTEC,Adarsh,Prajwal,DI78L3.3UAB,Existing,4.38,3.71,20000,20000,20000,,,20000,20000,,20000,,20000,20000,87600,87600,87600,0,0,87600,87600,0,87600,0,87600,87600,160,700800,0.00794197642792384,,
A3990,5,,INR,NORTH,NEW DELHI,DEL00233,BENTEC INDIA LIMITED,Energy Meter,Three Phase,,Energy Meter,Three Phase,ARPIT SINGH,Neha Chauhan,AOS,AOS,Adarsh,Shraddha,AO3423,Existing,2.8,0.02,30000,30000,30000,30000,30000,30000,30000,30000,30000,30000,30000,30000,84000,84000,84000,84000,84000,84000,84000,84000,84000,84000,84000,84000,360,1008000,0.0114233907524932,,
A8842,5,,USD,NORTH,GUJARAT,GUJ00007,ELITE ELECTRONICS,Others,TRACKER,MKM TECHNOLOGIES PVT LTD,Others,Others,HARSH DOSHI,Neha,RENESAS,RENESAS,Uma,Manju PJ,R5F10WLDAFB#10,Existing,0.584,0.552,20000,10000,,,,,20000,10000,,20000,10000,10000,11680,5840,0,0,0,0,11680,5840,0,11680,5840,5840,100,58400,0.0584,,
A8557,5,,USD,NORTH,GUJARAT,GUJ00007,ELITE ELECTRONICS,Others,TRACKER,MKM TECHNOLOGIES PVT LTD,Others,Others,HARSH DOSHI,Neha,RENESAS,RENESAS,Uma,Manju PJ,R7F0C001G2DFB-C#BA0,Existing,0.448,0.396,,10000,,10000,,10000,,,10000,,,10000,0,4480,0,4480,0,4480,0,0,4480,0,0,4480,50,22400,0.0224,,
A8645,5,,USD,NORTH,GUJARAT,GUJ00007,ELITE ELECTRONICS,Others,TRACKER,MKM TECHNOLOGIES PVT LTD,Others,Others,HARSH DOSHI,Neha,RENESAS,RENESAS,Uma,Manju PJ,R5F100ACASP#50,Existing,0.4,0.36,,,10000,,,,10000,,,,10000,,0,0,4000,0,0,0,4000,0,0,0,4000,0,30,12000,0.012,,
,1,,USD,NORTH,AHMEDABAD,GUJ00007,ELITE ELECTRONICS,Consumer,White Goods,,Consumer,White Goods,HARSH DOSHI,Neha,MURATA,MURATA,,,RDE5C2A101J0M1H03A,,0.0582,,,2000,,,,,,2000,,,,,0,116.4,0,0,0,0,0,116.4,0,0,0,0,4,232.8,0.0002328,,
A10129,5,,USD,NORTH,GUJARAT,GUJ00007,ELITE ELECTRONICS,Others,TRACKER,BLUE STAR LIMITED,Industrial,Others-Industrial,HARSH DOSHI,Neha,RENESAS,RENESAS,Uma,Manju PJ,R5F100FEAFP#50,Existing,0.688,0.633,,,,,,1280,,,,,,,0,0,0,0,0,880.64,0,0,0,0,0,0,1.28,880.64,0.00088064,,
A11688,5,,USD,NORTH,GUJARAT,GUJ00007,ELITE ELECTRONICS,Others,TRACKER,MKM TECHNOLOGIES PVT LTD,Others,Others,HARSH DOSHI,Neha,RENESAS,RENESAS,Uma,Manju PJ,UPD78F0431GB-602-GAG-AX,Existing,0.949,0.943,1000,,,,,,,,,,,,949,0,0,0,0,0,0,0,0,0,0,0,1,949,0.000949,,
,1,,USD,NORTH,AHMEDABAD,GUJ00007,ELITE ELECTRONICS,Consumer,White Goods,,Consumer,White Goods,HARSH DOSHI,Neha,ROHM,ROHM,,,GBPC5010-G,,1.23,,500,,,,,,,,,,,,615,0,0,0,0,0,0,0,0,0,0,0,0.5,615,0.000615,,
,1,,USD,NORTH,AHMEDABAD,GUJ00007,ELITE ELECTRONICS,Consumer,White Goods,,Consumer,White Goods,HARSH DOSHI,Neha,MURATA,MURATA,,,MHM 320-41C1,,4.35,,,,400,,,,,,,,,,0,0,1740,0,0,0,0,0,0,0,0,0,0.4,1740,0.00174,,
A6710,5,,INR,NORTH,NEW DELHI,DEL00625,LAN Engineering and technology,Energy Meter,Smart Meter,,Energy Meter,Smart Meter,ABHISHEKH CHOUDHARY,Palak,DIOTEC,DIOTEC,Adarsh,Prajwal,"M7, T/R",Existing,0.42,0.39,200000,,200000,,200000,,200000,,200000,,,200000,84000,0,84000,0,84000,0,84000,0,84000,0,0,84000,1200,504000,0.0057116953762466,,
A6477,5,,INR,NORTH,NEW DELHI,DEL01992,ANEVOLVE PRIVATE LIMITED,Automotive-EV,Charger,ANEVOLVE PRIVATE LIMITED,Automotive-EV,Charger,SURAJ PANDEY,Poonam Kashyap,EPCOS,EPCOS,Karthik,Mangalagowri,B57213P0470M301,Existing,10.41,0.09,8000,8000,8000,8000,8000,8000,8000,8000,8000,8000,8000,8000,83280,83280,83280,83280,83280,83280,83280,83280,83280,83280,83280,83280,96,999360,0.0113254759746147,,
A5810,5,,INR,NORTH,AHMEDABAD,AMD00046,APTUS AUTOMATION,Industrial,Drives,,Industrial,Drives,HARSH DOSHI,Poonam Kashyap,RENESAS,RENESAS,Uma,Manju PJ,R5F100ACASP#50,Existing,41,0.256,2000,,2000,,,2000,,,2000,2000,,2000,82000,0,82000,0,0,82000,0,0,82000,82000,0,82000,12,492000,0.00557570262919311,,
A7265,5,,INR,NORTH,NEW DELHI,DEL00042,FIEM INDUSTRIES LTD-ALWAR,Automotive,Lighting,,Automotive,Lighting,KULDEEP KUMAR,Palak,DIOTEC,DIOTEC,Adarsh,Prajwal,SL1M-Q,Existing,1.17,1.01,70000,70000,70000,10000,70000,70000,70000,70000,70000,70000,70000,70000,81900,81900,81900,11700,81900,81900,81900,81900,81900,81900,81900,81900,780,912600,0.010342248413418,,
A5782,5,,INR,NORTH,AHMEDABAD,AMD00013,MULTISPAN CONTROL INSTRUMENTS PVT. LTD.,Industrial,Panel Meter,,Industrial,Panel Meter,HARSH DOSHI,Poonam Kashyap,DIOTEC,DIOTEC,Adarsh,Prajwal,US2M,Existing,2.72,2.35,30000,30000,30000,,30000,30000,30000,,30000,,30000,,81600,81600,81600,0,81600,81600,81600,0,81600,0,81600,0,240,652800,0.00739800543970988,,
A1949,5,,INR,NORTH,NEW DELHI,COIM00307,FIEM INDUSTRIES LTD,Automotive,Lighting,,Automotive,Lighting,KULDEEP KUMAR,Palak,EPCOS,EPCOS,Karthik,Mangalagowri,B72210S0301K101,Existing,3.36,2.82,15000,20000,24000,30000,5000,15000,15000,20000,,16000,,,50400,67200,80640,100800,16800,50400,50400,67200,0,53760,0,0,160,537600,0.00609247506799637,,
,,,INR,,NEW DELHI,DEL00070,MKM TECHNOLOGIES PVT LTD,,,,,,MAHESH KUMAR MITTAL,Neha,,JODING,,,JBD307329BW4T,New,40,,2000,2000,2000,2000,2000,2000,2000,2000,2000,2000,2000,2000,80000,80000,80000,80000,80000,80000,80000,80000,80000,80000,80000,80000,24,960000,0.0108794197642792,,
A7742,5,,INR,NORTH,NEW DELHI,DEL02031,EV POWER SYSTEM,Industrial,Invertor,,Industrial,Invertor,SURAJ PANDEY,Abha,RENESAS,RENESAS,Uma,Manju PJ,R5F102A8ASP#50,Existing,53,0.363,1500,,1500,,1500,,1500,,1500,,1500,,79500,0,79500,0,79500,0,79500,0,79500,0,79500,0,9,477000,0.00540571169537625,,
,1,,INR,NORTH,NEW DELHI,DEL02023,ANEVOLVE PRIVATE LIMITED,Automotive-EV,Charger,ANEVOLVE PRIVATE LIMITED,Automotive-EV,Charger,SURAJ PANDEY,Poonam Kashyap,AISHI,AISHI,,,EWH2WM100F16OTK,,4.96,,16000,16000,16000,16000,16000,16000,16000,16000,16000,16000,16000,16000,79360,79360,79360,79360,79360,79360,79360,79360,79360,79360,79360,79360,192,952320,0.010792384406165,,
A7190,5,,INR,NORTH,NEW DELHI,DEL00233,BENTEC INDIA LIMITED,Energy Meter,Three Phase,,Energy Meter,Three Phase,ARPIT SINGH,Neha Chauhan,DIOTEC,DIOTEC,Adarsh,Prajwal,ES1J,Existing,2.6,2.25,30000,30000,30000,30000,30000,30000,30000,30000,30000,30000,30000,30000,78000,78000,78000,78000,78000,78000,78000,78000,78000,78000,78000,78000,360,936000,0.0106074342701723,,
A6521,,,INR,NORTH,NEW DELHI,DEL01942,JNS INSTRUMENTS LIMITED,Automotive-EV,Cluster,,Automotive-EV,Cluster,ARPIT SINGH,Prakash,DIOTEC,DIOTEC,Adarsh,Prajwal,S1G,Existing,0.78,0.69,,100000,100000,100000,100000,100000,100000,100000,100000,100000,100000,100000,0,78000,78000,78000,78000,78000,78000,78000,78000,78000,78000,78000,1100,858000,0.00972348141432457,,
A9130,5,,USD,NORTH,NEW DELHI,DEL00038,EPPELTONE ENGINEERS LIMITED,Others,Others,EPPELTONE ENGINEERS LIMITED,Others,Others,KULDEEP KUMAR,Poonam Kashyap,RENESAS,RENESAS,Uma,Manju PJ,R5F10NPJDFB#15,Existing,1.2,1.097,50000,50000,50000,50000,50000,50000,100000,100000,120000,100000,100000,100000,60000,60000,60000,60000,60000,60000,120000,120000,144000,120000,120000,120000,920,1104000,1.104,,
A8037,5,,INR,NORTH,NEW DELHI,DEL02049,BOPARAI ELECTRICALS & ELECTRONICS-1Z5,Industrial,Panel Meter,,Industrial,Panel Meter,MAHESH KUMAR MITTAL,Abha,RENESAS,RENESAS,Uma,Manju PJ,R5F102A8ASP#50,Existing,38.75,0,2000,2000,2000,2000,2000,2000,2000,2000,2000,2000,2000,2000,77500,77500,77500,77500,77500,77500,77500,77500,77500,77500,77500,77500,24,930000,0.0105394378966455,,
A5913,5,,INR,NORTH,NEW DELHI,DEL01824,EXICOM TELE-SYSTEMS LIMITED,Telecom,Base Station,,Telecom,Base Station,MAHESH KUMAR MITTAL,Vinny,DIOTEC,DIOTEC,Adarsh,Prajwal,P6SMBJ20A,Existing,3.17,2.81,24000,24000,24000,24000,,24000,24000,24000,24000,,24000,24000,76080,76080,76080,76080,0,76080,76080,76080,76080,0,76080,76080,240,760800,0.0086219401631913,,
,1,,USD,,NEW DELHI,,EPPELTONE ENGINEERS LIMITED,,,,,,KULDEEP KUMAR,,,RENESAS,,,R5F10NPJDFB#15,,1.35,,50000,,50000,,50000,10000,50000,50000,10000,50000,10000,50000,67500,0,67500,0,67500,13500,67500,67500,13500,67500,13500,67500,380,513000,0.513,,
,5,,USD,NORTH,NEW DELHI,DEL00038,EPPELTONE ENGINEERS LIMITED,Others,Others,,Others,Others,KULDEEP KUMAR,Poonam Kashyap,TIANMA,TIANMA,Nagendra,Bhavya,TJMS5912#02,New,0.3,0.266,50000,,50000,,50000,50000,50000,50000,50000,,,,15000,0,15000,0,15000,15000,15000,15000,15000,0,0,0,350,105000,0.105,,
,1,,USD,,NEW DELHI,,EPPELTONE ENGINEERS LIMITED,,,,,,KULDEEP KUMAR,,,NICHICON,,,UCY2W470MHD6,,0.32,,100000,0,0,100000,0,,100000,,0,,,0,32000,0,0,32000,0,0,32000,0,0,0,0,0,300,96000,0.096,,
A13944,5,,USD,NORTH,NEW DELHI,DEL00038,EPPELTONE ENGINEERS LIMITED,Others,Others,,,,KULDEEP KUMAR,Poonam Kashyap,NICHICON,NICHICON,Abhinandan,Shraddha,UCY2G330MHD3TN,New,0.225,0.2,100000,0,0,100000,0,,100000,,0,,,0,22500,0,0,22500,0,0,22500,0,0,0,0,0,300,67500,0.0675,,
,,,USD,NORTH,NEW DELHI,DEL00038,EPPELTONE ENGINEERS LIMITED,,,,,,KULDEEP KUMAR,,,NICHICON,,,UHE1E471MPD6,,0.092,,100000,,,100000,,,100000,,,,,,9200,0,0,9200,0,0,9200,0,0,0,0,0,300,27600,0.0276,,
A9068,,,USD,NORTH,NEW DELHI,DEL00038,EPPELTONE ENGINEERS LIMITED,Others,Others,,Others,Others,KULDEEP KUMAR,Poonam Kashyap,NICHICON,NICHICON,Abhinandan,Shraddha,UHW1E102MPD1TD,Existing,0.077,0.071,100000,,,100000,,,100000,,,,,,7700,0,0,7700,0,0,7700,0,0,0,0,0,300,23100,0.0231,,
,1,,USD,,NEW DELHI,,EPPELTONE ENGINEERS LIMITED,,,,,,KULDEEP KUMAR,,,NICHICON,,,UCM1C470MCL1GS,,0.05,,100000,0,0,100000,0,,100000,,0,,,0,5000,0,0,5000,0,0,5000,0,0,0,0,0,300,15000,0.015,,
A11783,5,,USD,NORTH,NEW DELHI,DEL00038,EPPELTONE ENGINEERS LIMITED,Others,Others,,Others,Others,KULDEEP KUMAR,Poonam Kashyap,NICHICON,NICHICON,Abhinandan,Shraddha,UCD1C220MCL1GS,Existing,0.047,0.0432,100000,,,100000,,,100000,,,,,,4700,0,0,4700,0,0,4700,0,0,0,0,0,300,14100,0.0141,,
,5,,USD,,NEW DELHI,,EPPELTONE ENGINEERS LIMITED,Others,Others,,Others,Others,KULDEEP KUMAR,Poonam Kashyap,NICHICON,NICHICON,,,UCD1C100MCL1GS,Existing,0.045,0.0414,100000,0,0,100000,0,,100000,,,,,,4500,0,0,4500,0,0,4500,0,0,0,0,0,300,13500,0.0135,,
A4405,5,,INR,NORTH,NEW DELHI,DEL00042,FIEM INDUSTRIES LTD-ALWAR,Automotive,Lighting,,Automotive,Lighting,KULDEEP KUMAR,Palak,EPCOS,EPCOS,Karthik,Mangalagowri,B72210S0301K101,Existing,3.17,2.82,15000,20000,24000,30000,5000,15000,15000,20000,,16000,,,47550,63400,76080,95100,15850,47550,47550,63400,0,50720,0,0,160,507200,0.0057479601087942,,
A9077,5,,USD,NORTH,NEW DELHI,DEL00038,EPPELTONE ENGINEERS LIMITED,Others,Others,,Others,Others,KULDEEP KUMAR,Poonam Kashyap,TIANMA,TIANMA,Nagendra,Bhavya,TJMS5912#01,Existing,0.26,0.24,14000,,,25000,,,25000,,,,,,3640,0,0,6500,0,0,6500,0,0,0,0,0,64,16640,0.01664,,
A1711,5,,INR,NORTH,AHMEDABAD,AMD00013,MULTISPAN CONTROL INSTRUMENTS PVT. LTD.,Industrial,Panel Meter,,Industrial,Panel Meter,HARSH DOSHI,Poonam Kashyap,DIOTEC,DIOTEC,Adarsh,Prajwal,BZT52B3V3,Existing,1.25,1.05,25000,60000,60000,60000,25000,25000,60000,60000,25000,25000,60000,25000,31250,75000,75000,75000,31250,31250,75000,75000,31250,31250,75000,31250,510,637500,0.00722461468721668,,
A2098,5,,INR,NORTH,NEW DELHI,DEL00042,FIEM INDUSTRIES LTD-ALWAR,Automotive,Lighting,,Automotive,Lighting,KULDEEP KUMAR,Palak,TAIWAN SEMI,TAIWAN SEMI,Gaurav,Prajwal,BZV55B2V4 L0G,Existing,1.07,0.01128,70000,70000,70000,10000,70000,70000,70000,70000,70000,70000,70000,70000,74900,74900,74900,10700,74900,74900,74900,74900,74900,74900,74900,74900,780,834600,0.00945829555757026,,
A1424,,5,INR,NORTH,NEW DELHI,DEL00015,AUTOMETERS ALLIANCE LTD,Railways,Traction,,Railways,Traction,SURAJ PANDEY,Abha,PANASONIC,PANASONIC,Vikram,Anbarasu,ALQ305,Existing,37.43,31.624,,,2000,,,,2000,,,,,,0,0,74860,0,0,0,74860,0,0,0,0,0,4,149720,0.00169673617407072,,
A2957,5,,INR,NORTH,NEW DELHI,DEL00010,ALLIED ENGINEERING WORKS LIMITED,Energy Meter,Smart Meter,ALLIED ENGINEERING WORKS LIMITED,Energy Meter,Smart Meter,SURAJ PANDEY,Palak,DIOTEC,DIOTEC,Adarsh,Prajwal,LL4148,Existing,0.36,0.33,200000,200000,200000,200000,200000,200000,200000,200000,200000,200000,200000,200000,72000,72000,72000,72000,72000,72000,72000,72000,72000,72000,72000,72000,2400,864000,0.00979147778785132,,
A9149,5,,USD,NORTH,NEW DELHI,DEL02247,ESYASOFT LANDIS AND GYR LIMITED,Industrial,Panel Meter,,Industrial,Panel Meter,KULDEEP KUMAR,Abha,QUECTEL,QUECTEL,Ram Mohan,Lavanya,YF0007KA-4SDYMA0A,Existing,0.23,0.21,20000,20000,20000,100000,20000,20000,20000,20000,20000,20000,20000,20000,4600,4600,4600,23000,4600,4600,4600,4600,4600,4600,4600,4600,320,73600,0.0736,,
,5,,USD,NORTH,NEW DELHI,DEL02247,ESYASOFT LANDIS AND GYR LIMITED,Industrial,Panel Meter,,Industrial,Panel Meter,KULDEEP KUMAR,Abha,QUECTEL,QUECTEL,Ram Mohan,Lavanya,EC800GCNLD-I03-SNNDA2,New,2.08,2.45,20000,20000,20000,20000,20000,20000,20000,20000,20000,20000,20000,20000,41600,41600,41600,41600,41600,41600,41600,41600,41600,41600,41600,41600,240,499200,0.4992,,
A8509,5,,USD,NORTH,NEW DELHI,DEL02247,ESYASOFT LANDIS AND GYR LIMITED,Industrial,Panel Meter,,Industrial,Panel Meter,KULDEEP KUMAR,Abha,QUECTEL,QUECTEL,Ram Mohan,Lavanya,EC200UCNAD-N05-SNNSA,Existing,4.12,3.95,10000,10000,10000,10000,10000,10000,10000,10000,10000,10000,10000,10000,41200,41200,41200,41200,41200,41200,41200,41200,41200,41200,41200,41200,120,494400,0.4944,,
A8089,5,,INR,NORTH,NEW DELHI,DEL00233,BENTEC INDIA LIMITED,Energy Meter,Three Phase,,Energy Meter,Three Phase,ARPIT SINGH,Neha Chauhan,DIOTEC,DIOTEC,Adarsh,Prajwal,S1M,Existing,0.72,0,100000,100000,100000,100000,100000,100000,100000,100000,100000,100000,100000,100000,72000,72000,72000,72000,72000,72000,72000,72000,72000,72000,72000,72000,1200,864000,0.00979147778785132,,
A6827,5,,INR,NORTH,NEW DELHI,DEL00071,Modern Transformers Pvt. Ltd,Energy Meter,Smart Meter,,Energy Meter,Smart Meter,KULDEEP KUMAR,Palak,NICHICON,NICHICON,Abhinandan,Shraddha,UCY2G330MHD,Existing,17.96,0.176,10000,4000,4000,4000,4000,4000,4000,,,,,,179600,71840,71840,71840,71840,71840,71840,0,0,0,0,0,34,610640,0.00692021758839529,,
,,,INR,NORTH,NEW DELHI,,RIOT LABZ PRIVATE LIMITED,,,,,,ABHISHEKH CHOUDHARY,,,NICHICON,,,UCS2G220MHD,,14.3,,,5000,5000,,5000,,5000,,,,,,0,71500,71500,0,71500,0,71500,0,0,0,0,0,20,286000,0.00324116047144152,,
,5,,DIRECT,NORTH,NEW DELHI,,EVE-SECONDARY,,,,,,RAJIV ANAND,,,EVE-SECONDARY,Manju N,,,,,,,,,,,,,,,,,,0,0,0,0,0,0,0,0,0,0,0,0,0,7000000,7,,
A4840,5,,INR,NORTH,AHMEDABAD,AMD00021,SWASTIK AUTOMATION & CONTROL,Industrial,Panel Meter,,Industrial,Panel Meter,HARSH DOSHI,Poonam Kashyap,RENESAS,RENESAS,Uma,Manju PJ,R5F102AAASP#50,Existing,42,0.323,1680,1680,1680,1680,1680,1680,1680,1680,1680,1680,1680,1680,70560,70560,70560,70560,70560,70560,70560,70560,70560,70560,70560,70560,20.16,846720,0.00959564823209429,,
,5,,INR,NORTH,UTTAR PRADESH,DEL01737,HINDUSTAN AERONAUTICS LIMITED,Aerospace & Defence,Avionics,,Aerospace & Defence,Avionics,SURAJ PANDEY,,HONEYWELL,HONEYWELL,Veeranagouda,Tanuja,JX41,New,220,174.3,,,315,,315,,,,,,,,0,0,69300,0,69300,0,0,0,0,0,0,0,0.63,138600,0.00157071622846782,,
A6213,,5,INR,NORTH,JAIPUR,DEL00046,GENUS POWER INFRASTRUCTURES LTD,Energy Meter,Smart Meter,,Energy Meter,Smart Meter,KULDEEP KUMAR,Prakash,DIOTEC,DIOTEC,Adarsh,Prajwal,P6SMBJ51CA,Existing,2.3,2.06,30000,30000,30000,30000,,,30000,,,,,,69000,69000,69000,69000,0,0,69000,0,0,0,0,0,150,345000,0.00390979147778785,,
A5788,5,,INR,NORTH,NEW DELHI,DEL00061,LUMAX INDUSTRIES LIMITED,Automotive,Lighting,,Automotive,Lighting,MAHESH KUMAR MITTAL,Prakash,DIOTEC,DIOTEC,Adarsh,Prajwal,1N4148W-Q,Existing,0.69,0.61,100000,100000,100000,100000,100000,100000,100000,100000,100000,100000,100000,100000,69000,69000,69000,69000,69000,69000,69000,69000,69000,69000,69000,69000,1200,828000,0.00938349954669084,,
A12008,5,,USD,NORTH,NEW DELHI,DEL01824,EXICOM TELE-SYSTEMS LIMITED,Telecom,Others Telecom,EXICOM TELE-SYSTEMS LIMITED,Telecom,Others Telecom,MAHESH KUMAR MITTAL,Vinny,GOFORD,GOFORD,Karthik,Masila,GT015N10TL,New,0.5,0.44,0,0,0,0,24000,24000,24000,,,24000,,24000,0,0,0,0,12000,12000,12000,0,0,12000,0,12000,120,60000,0.06,,
A7013,5,,INR,NORTH,NEW DELHI,DEL01992,ANEVOLVE PRIVATE LIMITED,Automotive-EV,Charger,ANEVOLVE PRIVATE LIMITED,Automotive-EV,Charger,SURAJ PANDEY,Poonam Kashyap,DIOTEC,DIOTEC,Adarsh,Prajwal,SK315SMA,Existing,4.1,3.57,16000,16000,16000,16000,16000,16000,16000,16000,16000,16000,16000,16000,65600,65600,65600,65600,65600,65600,65600,65600,65600,65600,65600,65600,192,787200,0.00892112420670898,,
A1403,5,,INR,NORTH,NEW DELHI,DEL01992,ANEVOLVE PRIVATE LIMITED,Automotive-EV,Charger,ANEVOLVE PRIVATE LIMITED,Automotive-EV,Charger,SURAJ PANDEY,Poonam Kashyap,CT MICRO,CT MICRO,Karthik,Prajwal,CT817D(S)(T1)-HG,Existing,2.04,0.015,32000,32000,32000,32000,32000,32000,32000,32000,32000,32000,32000,32000,65280,65280,65280,65280,65280,65280,65280,65280,65280,65280,65280,65280,384,783360,0.00887760652765186,,
A5606,5,,INR,NORTH,JAIPUR,DEL01933,ACCUMET SOLUTIONS,Energy Meter,Single Phase,,Energy Meter,Single Phase,KULDEEP KUMAR,Neha Chauhan,EPCOS,EPCOS,Karthik,Mangalagowri,B72314S0511K101,Existing,3.2,0.033,,,20000,,,20000,,,30000,,,30000,0,0,64000,0,0,64000,0,0,96000,0,0,96000,100,320000,0.00362647325475975,,
,1,,INR,NORTH,CHANDIGARH,DEL00030,CONTINENTAL DEVICE INDIA PVT. LTD. (DD),,,,,,MAHESH KUMAR MITTAL,,,PANASONIC,,,ERZV05D201,New,6.4,,,,10000,,,10000,,,10000,,,10000,0,0,64000,0,0,64000,0,0,64000,0,0,64000,40,256000,0.0029011786038078,,
A6160,5,,INR,NORTH,NEW DELHI,DEL00042,FIEM INDUSTRIES LTD-ALWAR,Automotive,Lighting,,Automotive,Lighting,KULDEEP KUMAR,Palak,DIOTEC,DIOTEC,Adarsh,Prajwal,MMFTN3404A-AQ,Existing,6.32,5.54,10000,10000,10000,10000,,,,,,,,,63200,63200,63200,63200,0,0,0,0,0,0,0,0,40,252800,0.0028649138712602,,
,1,,INR,NORTH,NEW DELHI,,Deva Autotronics,,,,,,MAHESH KUMAR MITTAL,,,NICHICON,,,CDRH127L125NP-101MC,New,62.37,,1000,1000,1000,1000,1000,1000,1000,1000,1000,1000,1000,1000,62370,62370,62370,62370,62370,62370,62370,62370,62370,62370,62370,62370,12,748440,0.0084818676337262,,
A2300,5,,INR,NORTH,NEW DELHI,DEL01824,EXICOM TELE-SYSTEMS LIMITED,Telecom,Base Station,,Telecom,Base Station,MAHESH KUMAR MITTAL,Vinny,DIOTEC,DIOTEC,Adarsh,Prajwal,SM4000,Existing,6.1,5.4,10000,,10000,10000,10000,10000,10000,10000,10000,10000,,10000,61000,0,61000,61000,61000,61000,61000,61000,61000,61000,0,61000,100,610000,0.00691296464188577,,
A1722,5,,INR,NORTH,CHANDIGARH,DEL00016,AVON METERS PRIVATE LIMITED,Energy Meter,Single Phase,,Energy Meter,Single Phase,MAHESH KUMAR MITTAL,Palak,DIOTEC,DIOTEC,Adarsh,Prajwal,EM513,Existing,1.17,1.01,50000,50000,50000,50000,50000,50000,50000,50000,50000,50000,50000,50000,58500,58500,58500,58500,58500,58500,58500,58500,58500,58500,58500,58500,600,702000,0.00795557570262919,,
A1366,,,INR,NORTH,NEW DELHI,DEL00042,FIEM INDUSTRIES LTD-ALWAR,Automotive,Lighting,,Automotive,Lighting,KULDEEP KUMAR,Palak,TAIWAN SEMI,TAIWAN SEMI,Gaurav,Prajwal,MMSZ5226B RH  T/R,Existing,1.45,0.8,40000,40000,40000,10000,40000,40000,40000,40000,40000,40000,40000,40000,58000,58000,58000,14500,58000,58000,58000,58000,58000,58000,58000,58000,450,652500,0.00739460562103355,,
A6034,5,,INR,NORTH,AHMEDABAD,AMD00013,MULTISPAN CONTROL INSTRUMENTS PVT. LTD.,Industrial,Panel Meter,,Industrial,Panel Meter,HARSH DOSHI,Poonam Kashyap,DIOTEC,DIOTEC,Adarsh,Prajwal,LDI75L3.3UA,Existing,3.8,3.59,15000,15000,15000,,,15000,15000,,15000,15000,,15000,57000,57000,57000,0,0,57000,57000,0,57000,57000,0,57000,120,456000,0.00516772438803264,,
A6509,,,INR,NORTH,NEW DELHI,DEL00061,LUMAX INDUSTRIES LIMITED,Automotive,Lighting,,Automotive,Lighting,MAHESH KUMAR MITTAL,Prakash,DIOTEC,DIOTEC,Adarsh,Prajwal,BZT52C18-AQ,Existing,1.14,1.03,50000,50000,50000,50000,50000,50000,50000,50000,50000,50000,50000,50000,57000,57000,57000,57000,57000,57000,57000,57000,57000,57000,57000,57000,600,684000,0.00775158658204896,,
A8801,,,USD,NORTH,NEW DELHI,DEL01824,EXICOM TELE-SYSTEMS LIMITED,Telecom,Others Telecom,,Telecom,Others Telecom,MAHESH KUMAR MITTAL,Vinny,NICHICON,NICHICON,Abhinandan,Shraddha,UHE1C331MPD,Existing,0.033,0.03,6000,0,0,0,0,0,0,0,0,0,0,0,198,0,0,0,0,0,0,0,0,0,0,0,6,198,0.000198,,
A8657,,,USD,NORTH,NEW DELHI,DEL01824,EXICOM TELE-SYSTEMS LIMITED,Telecom,Others Telecom,,Telecom,Others Telecom,MAHESH KUMAR MITTAL,Vinny,NICHICON,NICHICON,Abhinandan,Shraddha,UCD1E100MCL1GS,Existing,0.034,0.0312,0,0,0,0,2000,0,0,0,0,0,0,0,0,0,0,0,68,0,0,0,0,0,0,0,2,68,6.8e-05,,
A10915,,,USD,NORTH,NEW DELHI,DEL01824,EXICOM TELE-SYSTEMS LIMITED,Telecom,Others Telecom,,Telecom,Others Telecom,MAHESH KUMAR MITTAL,Vinny,NICHICON,NICHICON,Abhinandan,Shraddha,LGG2W271MELAZS,Existing,1.29,1.161,200,0,0,0,0,0,0,0,0,0,0,0,258,0,0,0,0,0,0,0,0,0,0,0,0.2,258,0.000258,,
A13835,5,,USD,NORTH,NEW DELHI,COIM00307,FIEM INDUSTRIES LTD,Automation,Industrial Automation,,,,KULDEEP KUMAR,Palak,TAIWAN SEMI,TAIWAN SEMI,Gaurav,Prajwal,TSCR420CX6H RFG,Existing,0.072,0,220000,220000,220000,220000,220000,220000,220000,220000,220000,220000,220000,220000,15840,15840,15840,15840,15840,15840,15840,15840,15840,15840,15840,15840,2640,190080,0.19008,,
A13814,5,,USD,NORTH,NEW DELHI,COIM00307,FIEM INDUSTRIES LTD,Automation,Industrial Automation,,,,KULDEEP KUMAR,Palak,KEMET,KEMET,Abhinandan,Navya,C0603C102JAGACAUTO,New,0.0105,0,64000,64000,64000,64000,64000,64000,64000,64000,64000,64000,64000,64000,672,672,672,672,672,672,672,672,672,672,672,672,768,8064,0.008064,,
,1,,USD,NORTH,NEW DELHI,COIM00307,FIEM INDUSTRIES LTD,Automation,Industrial Automation,,,,KULDEEP KUMAR,Palak,TDK,TDK,Karthik,Mangalagowri,CGA3E1X7T1A475K,New,0.0403,0.035,50000,50000,50000,50000,50000,50000,50000,50000,50000,50000,50000,50000,2015,2015,2015,2015,2015,2015,2015,2015,2015,2015,2015,2015,600,24180,0.02418,,
,1,,USD,NORTH,NEW DELHI,COIM00307,FIEM INDUSTRIES LTD,Automation,Industrial Automation,,,,KULDEEP KUMAR,Palak,TDK,TDK,Karthik,Mangalagowri,CGA4J3X7R1A475K,New,0.0243,0.0211,50000,50000,50000,50000,50000,50000,50000,50000,50000,50000,50000,50000,1215,1215,1215,1215,1215,1215,1215,1215,1215,1215,1215,1215,600,14580,0.01458,,
,1,,USD,NORTH,NEW DELHI,COIM00307,FIEM INDUSTRIES LTD,Automation,Industrial Automation,,,,KULDEEP KUMAR,Palak,TDK,TDK,Karthik,Mangalagowri,CGA2B1X7T0G105M,New,0.023,0.02,50000,50000,50000,50000,50000,50000,50000,50000,50000,50000,50000,50000,1150,1150,1150,1150,1150,1150,1150,1150,1150,1150,1150,1150,600,13800,0.0138,,
,1,,USD,NORTH,NEW DELHI,COIM00307,FIEM INDUSTRIES LTD,Automation,Industrial Automation,,,,KULDEEP KUMAR,Palak,TDK,TDK,Karthik,Mangalagowri,CGA3E1X5R1A335K,New,0.0207,0.018,50000,50000,50000,50000,50000,50000,50000,50000,50000,50000,50000,50000,1035,1035,1035,1035,1035,1035,1035,1035,1035,1035,1035,1035,600,12420,0.01242,,
,1,,USD,NORTH,NEW DELHI,COIM00307,FIEM INDUSTRIES LTD,Automation,Industrial Automation,,,,KULDEEP KUMAR,Palak,TDK,TDK,Karthik,Mangalagowri,CGA4J3X7R1C225K,New,0.0157,0.01366,50000,50000,50000,50000,50000,50000,50000,50000,50000,50000,50000,50000,785,785,785,785,785,785,785,785,785,785,785,785,600,9420,0.00942,,
,1,,INR,NORTH,NEW DELHI,DEL01824,EXICOM TELE-SYSTEMS LIMITED,,,,,,MAHESH KUMAR MITTAL,Poonam Kashyap,,NICHICON,,,1.5SMCJ64CA,Existing,5.51,,,,10000,,,,,,10000,,,10000,0,0,55100,0,0,0,0,0,55100,0,0,55100,30,165300,0.00187330009066183,,
,1,,USD,NORTH,NEW DELHI,COIM00307,FIEM INDUSTRIES LTD,Automation,Industrial Automation,,,,KULDEEP KUMAR,Palak,TDK,TDK,Karthik,Mangalagowri,CGA3E2X5R1A105K,New,0.0087,0.0076,30000,30000,30000,30000,30000,30000,30000,30000,30000,30000,30000,30000,261,261,261,261,261,261,261,261,261,261,261,261,360,3132,0.003132,,
,1,,USD,NORTH,NEW DELHI,COIM00307,FIEM INDUSTRIES LTD,Automation,Industrial Automation,,,,KULDEEP KUMAR,Palak,TDK,TDK,Karthik,Mangalagowri,CGA3E1X7R1C105K,New,0.0053,0.0046,30000,30000,30000,30000,30000,30000,30000,30000,30000,30000,30000,30000,159,159,159,159,159,159,159,159,159,159,159,159,360,1908,0.001908,,
,1,,USD,NORTH,NEW DELHI,COIM00307,FIEM INDUSTRIES LTD,Automation,Industrial Automation,,,,KULDEEP KUMAR,Palak,TDK,TDK,Karthik,Mangalagowri,VLS6045EX-680M-H,New,0.0828,0.072,30000,30000,30000,30000,30000,30000,20000,20000,20000,20000,20000,20000,2484,2484,2484,2484,2484,2484,1656,1656,1656,1656,1656,1656,300,24840,0.02484,,
A13850,5,,USD,NORTH,NEW DELHI,COIM00307,FIEM INDUSTRIES LTD,Automation,Industrial Automation,,,,KULDEEP KUMAR,Palak,NICHICON,NICHICON,Abhinandan,Shraddha,UCZ1H470MCL6GS,New,0.05,0.045,24000,24000,24000,24000,24000,24000,24000,24000,24000,24000,24000,24000,1200,1200,1200,1200,1200,1200,1200,1200,1200,1200,1200,1200,288,14400,0.0144,,
A13849,5,,USD,NORTH,NEW DELHI,COIM00307,FIEM INDUSTRIES LTD,Automation,Industrial Automation,,,,KULDEEP KUMAR,Palak,NICHICON,NICHICON,Abhinandan,Shraddha,UCZ1C470MCL1GS,New,0.043,0.04,24000,24000,24000,24000,24000,24000,24000,24000,24000,24000,24000,24000,1032,1032,1032,1032,1032,1032,1032,1032,1032,1032,1032,1032,288,12384,0.012384,,
,1,,USD,NORTH,NEW DELHI,COIM00307,FIEM INDUSTRIES LTD,Automation,Industrial Automation,,,,KULDEEP KUMAR,Palak,TDK,TDK,Karthik,Mangalagowri,VLS3015CX-4R7M-H,New,0.0661,0.058,20000,20000,20000,20000,20000,20000,20000,20000,20000,20000,20000,20000,1322,1322,1322,1322,1322,1322,1322,1322,1322,1322,1322,1322,240,15864,0.015864,,
,1,,INR,NORTH,NEW DELHI,DEL00052,INDICATION INSTRUMENTS LTD,,,,Automotive-EV,Cluster,MAHESH KUMAR MITTAL,Palak,,DIOTEC,,,BR24G04F-3GTE2,Existing,5.26,,10000,10000,10000,10000,,,,,,,,,52600,52600,52600,52600,0,0,0,0,0,0,0,0,40,210400,0.00238440616500453,,
,1,,INR,,NEW DELHI,,LAN Engineering and technology,,,,,,ABHISHEKH CHOUDHARY,Palak,,Murata,LQW15AN1N5D80D,2.62,LQW15AN1N5D80D,,2.62,,,,20000,,,20000,,,20000,,,20000,0,0,52400,0,0,52400,0,0,52400,0,0,52400,80,209600,0.00237533998186763,,
,1,,INR,,NEW DELHI,,SGS TEKNIKS MANUFACTURING-MANESAR,Consumer,White Goods,,Consumer,White Goods,KULDEEP KUMAR,Abha,,DIOTEC,,,S1M-Q,New,0.8,,65000,65000,65000,65000,65000,65000,65000,65000,65000,65000,65000,65000,52000,52000,52000,52000,52000,52000,52000,52000,52000,52000,52000,52000,780,624000,0.00707162284678151,,
,1,,USD,NORTH,NEW DELHI,COIM00307,FIEM INDUSTRIES LTD,Automation,Industrial Automation,,,,KULDEEP KUMAR,Palak,TDK,TDK,Karthik,Mangalagowri,MPZ2012S102ATD25,New,0.0115,0.01,30000,0,30000,0,10000,10000,10000,10000,10000,10000,10000,10000,345,0,345,0,115,115,115,115,115,115,115,115,140,1610,0.00161,,
A9523,5,,USD,NORTH,NEW DELHI,COIM00307,FIEM INDUSTRIES LTD,Automation,Industrial Automation,,Automation,Industrial Automation,KULDEEP KUMAR,Palak,NICHICON,NICHICON,Abhinandan,Shraddha,UCM1V101MCL1GS,Existing,0.065,0.058,6000,6000,6000,6000,6000,6000,6000,6000,6000,6000,6000,6000,390,390,390,390,390,390,390,390,390,390,390,390,72,4680,0.00468,,
A8725,5,,USD,NORTH,NEW DELHI,COIM00307,FIEM INDUSTRIES LTD,Automation,Industrial Automation,,Automation,Industrial Automation,KULDEEP KUMAR,Palak,NICHICON,NICHICON,Abhinandan,Shraddha,UWZ1A101MCL1GB,Existing,0.0525,0.0417,6000,6000,6000,6000,6000,6000,6000,6000,6000,6000,6000,6000,315,315,315,315,315,315,315,315,315,315,315,315,72,3780,0.00378,,
A13858,,,USD,NORTH,NEW DELHI,COIM00307,FIEM INDUSTRIES LTD,Automation,Industrial Automation,,,,KULDEEP KUMAR,Palak,NICHICON,NICHICON,Abhinandan,Shraddha,UCM1H101MCL1GS,New,0.0805,0.075,0,0,10000,0,10000,0,10000,0,0,15000,0,0,0,0,805,0,805,0,805,0,0,1207.5,0,0,45,3622.5,0.0036225,,
A13815,,,USD,NORTH,NEW DELHI,COIM00307,FIEM INDUSTRIES LTD,Automation,Industrial Automation,,,,KULDEEP KUMAR,Palak,KEMET,KEMET,Abhinandan,Navya,C1206C475J3RACAUTO,New,0.033,0,0,0,10000,0,10000,0,10000,0,0,3000,0,0,0,0,330,0,330,0,330,0,0,99,0,0,33,1089,0.001089,,
A6028,5,,INR,NORTH,NEW DELHI,DEL00042,FIEM INDUSTRIES LTD-ALWAR,Automotive,Lighting,,Automotive,Lighting,KULDEEP KUMAR,Palak,DIOTEC,DIOTEC,Adarsh,Prajwal,SK26-Q,Existing,3.4,2.87,15000,15000,15000,15000,15000,15000,15000,15000,15000,15000,15000,15000,51000,51000,51000,51000,51000,51000,51000,51000,51000,51000,51000,51000,180,612000,0.00693563009972802,,
A13822,5,,USD,NORTH,NEW DELHI,COIM00307,FIEM INDUSTRIES LTD,Automation,Industrial Automation,,,,KULDEEP KUMAR,Palak,NICHICON,NICHICON,Abhinandan,Shraddha,UUP1H0R1MCL1GS,New,0.12,0.11,1000,1000,1000,1000,1000,1000,1000,1000,1000,1000,1000,1000,120,120,120,120,120,120,120,120,120,120,120,120,12,1440,0.00144,,
A13817,5,,USD,NORTH,NEW DELHI,COIM00307,FIEM INDUSTRIES LTD,Automation,Industrial Automation,,,,KULDEEP KUMAR,Palak,NICHICON,NICHICON,Abhinandan,Shraddha,UCD1A470MCL1GS,New,0.0954,0.08,1000,1000,1000,1000,1000,1000,1000,1000,1000,1000,1000,1000,95.4,95.4,95.4,95.4,95.4,95.4,95.4,95.4,95.4,95.4,95.4,95.4,12,1144.8,0.0011448,,
A13843,5,,USD,NORTH,NEW DELHI,COIM00307,FIEM INDUSTRIES LTD,Automation,Industrial Automation,,,,KULDEEP KUMAR,Palak,TDK,TDK,Karthik,Mangalagowri,MPZ2012S300ATD25,Existing,0.0115,0,1000,1000,1000,1000,1000,1000,1000,1000,1000,1000,1000,1000,11.5,11.5,11.5,11.5,11.5,11.5,11.5,11.5,11.5,11.5,11.5,11.5,12,138,0.000138,,
A13203,5,,USD,NORTH,NEW DELHI,DEL00042,FIEM INDUSTRIES LTD-ALWAR,Others,TRACKER,,Others,TRACKER,KULDEEP KUMAR,Palak,TDK,TDK,Karthik,Mangalagowri,CGA4J3X7R1E105K,Existing,0.0146,0.01268,500000,500000,500000,500000,500000,500000,500000,500000,500000,500000,500000,500000,7300,7300,7300,7300,7300,7300,7300,7300,7300,7300,7300,7300,6000,87600,0.0876,,
A11473,,,USD,NORTH,NEW DELHI,DEL00042,FIEM INDUSTRIES LTD-ALWAR,Others,TRACKER,,Others,TRACKER,KULDEEP KUMAR,Palak,TAIWAN SEMI,TAIWAN SEMI,Gaurav,Prajwal,TSCR420CX6H RFG,Existing,0.077,0.0735,220000,220000,220000,220000,220000,220000,220000,220000,220000,220000,220000,220000,16940,16940,16940,16940,16940,16940,16940,16940,16940,16940,16940,16940,2640,203280,0.20328,,
A7658,5,,INR,NORTH,NEW DELHI,DEL00042,FIEM INDUSTRIES LTD-ALWAR,Automotive,Lighting,,Automotive,Lighting,KULDEEP KUMAR,Palak,EPCOS,EPCOS,Karthik,Mangalagowri,B72207S0200K101,Existing,2.55,2,20000,10000,20000,20000,12000,,20000,,,20000,,,51000,25500,51000,51000,30600,0,51000,0,0,51000,0,0,122,311100,0.00352561196736174,,
A9165,5,,USD,NORTH,NEW DELHI,DEL00042,FIEM INDUSTRIES LTD-ALWAR,Others,TRACKER,,Others,TRACKER,KULDEEP KUMAR,Palak,TAIWAN SEMI,TAIWAN SEMI,Gaurav,Prajwal,SK36AH,Existing,0.0318,0.031,120000,120000,120000,120000,120000,120000,120000,120000,120000,120000,120000,120000,3816,3816,3816,3816,3816,3816,3816,3816,3816,3816,3816,3816,1440,45792,0.045792,,
,1,,USD,,NEW DELHI,,FIEM INDUSTRIES LTD-ALWAR,Automotive,Lighting,,Automotive,Lighting,KULDEEP KUMAR,Palak,,TAIYO YUDEN,,,UMK316B7225KLHT,New,0.03,,120000,120000,120000,120000,120000,120000,120000,120000,120000,120000,120000,120000,3600,3600,3600,3600,3600,3600,3600,3600,3600,3600,3600,3600,1440,43200,0.0432,,
,1,,USD,,NEW DELHI,,FIEM INDUSTRIES LTD-ALWAR,Automotive,Lighting,,Automotive,Lighting,KULDEEP KUMAR,Palak,,TAIYO YUDEN,,,UMK212B7105KGHT,New,0.018,,120000,120000,120000,120000,120000,120000,120000,120000,120000,120000,120000,120000,2160,2160,2160,2160,2160,2160,2160,2160,2160,2160,2160,2160,1440,25920,0.02592,,
,1,,USD,,NEW DELHI,,FIEM INDUSTRIES LTD-ALWAR,Automotive,Lighting,,Automotive,Lighting,KULDEEP KUMAR,Palak,,TAIYO YUDEN,,,UMK325B7475KMHP,New,0.054,,100000,100000,100000,100000,100000,100000,100000,100000,100000,100000,100000,100000,5400,5400,5400,5400,5400,5400,5400,5400,5400,5400,5400,5400,1200,64800,0.0648,,
A3446,,5,INR,NORTH,NEW DELHI,DEL01762,PRICOL LIMITED-GURGAON,Automotive,Body Control Unit,,Automotive,Body Control Unit,ABHISHEKH CHOUDHARY,Poonam Kashyap,DIOTEC,DIOTEC,Adarsh,Prajwal,BCX53-16,Existing,1.9,1.58,23752,25660,26490,26240,23752,25660,26490,26240,23752,25660,26490,26240,45128.8,48754,50331,49856,45128.8,48754,50331,49856,45128.8,48754,50331,49856,306.426,582209.4,0.00659802130553037,,
,1,,USD,,NEW DELHI,,FIEM INDUSTRIES LTD-ALWAR,Automotive,Lighting,,Automotive,Lighting,KULDEEP KUMAR,Palak,,ETA,,,EQ24030S2G,New,0.12,,25000,25000,25000,100000,100000,100000,100000,100000,100000,100000,100000,100000,3000,3000,3000,12000,12000,12000,12000,12000,12000,12000,12000,12000,975,117000,0.117,,
,1,,USD,,NEW DELHI,,FIEM INDUSTRIES LTD-ALWAR,Automotive,Lighting,,Automotive,Lighting,KULDEEP KUMAR,Palak,,TAIYO YUDEN,,,QMK212B7472KGHT,New,0.0175,,80000,80000,80000,80000,80000,80000,80000,80000,80000,80000,80000,80000,1400,1400,1400,1400,1400,1400,1400,1400,1400,1400,1400,1400,960,16800,0.0168,,
,1,,INR,NORTH,GUJARAT,GUJ00565,POLYCAB INDIA LTD,Energy Meter,Single Phase,,Energy Meter,Single Phase,HARSH DOSHI,,,EPCOS,,,B72220S0511K101,New,25.16,,,,2000,,2000,,2000,,2000,,2000,,0,0,50320,0,50320,0,50320,0,50320,0,50320,0,10,251600,0.00285131459655485,,
A9121,5,,USD,NORTH,NEW DELHI,DEL00042,FIEM INDUSTRIES LTD-ALWAR,Others,TRACKER,,Others,TRACKER,KULDEEP KUMAR,Palak,TAIWAN SEMI,TAIWAN SEMI,Gaurav,Prajwal,TSUP10M60SH,Existing,0.17,0.115,70000,70000,70000,70000,70000,70000,70000,70000,70000,70000,70000,70000,11900,11900,11900,11900,11900,11900,11900,11900,11900,11900,11900,11900,840,142800,0.1428,,
A4449,5,,INR,NORTH,AHMEDABAD,AMD00013,MULTISPAN CONTROL INSTRUMENTS PVT. LTD.,Industrial,Panel Meter,,Industrial,Panel Meter,HARSH DOSHI,Poonam Kashyap,DIOTEC,DIOTEC,Adarsh,Prajwal,BZT52B24,Existing,1.25,1.09,40000,40000,40000,25000,25000,40000,25000,40000,25000,40000,25000,40000,50000,50000,50000,31250,31250,50000,31250,50000,31250,50000,31250,50000,405,506250,0.00573719401631913,,
A4112,5,,INR,NORTH,NEW DELHI,DEL00061,LUMAX INDUSTRIES LIMITED,Automotive,Lighting,,Automotive,Lighting,MAHESH KUMAR MITTAL,Prakash,DIOTEC,DIOTEC,Adarsh,Prajwal,MMTL431AR,Existing,1.65,1.36,30000,30000,30000,30000,30000,30000,30000,30000,30000,30000,30000,30000,49500,49500,49500,49500,49500,49500,49500,49500,49500,49500,49500,49500,360,594000,0.00673164097914778,,
A9406,5,,USD,NORTH,NEW DELHI,DEL00042,FIEM INDUSTRIES LTD-ALWAR,Others,TRACKER,,Others,TRACKER,KULDEEP KUMAR,Palak,KEMET,KEMET,Abhinandan,Navya,C0603C102JAGACAUTO,Existing,0.0105,0.0091,64000,64000,64000,64000,64000,64000,64000,64000,64000,64000,64000,64000,672,672,672,672,672,672,672,672,672,672,672,672,768,8064,0.008064,,
A8718,5,,USD,NORTH,NEW DELHI,DEL00042,FIEM INDUSTRIES LTD-ALWAR,Others,TRACKER,TVS MOTOR COMPANY LIMITED,Automotive,Body,KULDEEP KUMAR,Palak,TDK,TDK,Karthik,Mangalagowri,MPZ2012S101ATD25,Existing,0.0115,0.01,50000,50000,50000,50000,50000,50000,50000,50000,50000,50000,50000,50000,575,575,575,575,575,575,575,575,575,575,575,575,600,6900,0.0069,,
A4040,,,INR,NORTH,NEW DELHI,DEL00072,NAPINO AUTO & ELECTRONICS LTD,Automotive,Fuel Injection System,,Automotive,Fuel Injection System,ARPIT SINGH,Abha,DIOTEC,DIOTEC,Adarsh,Prajwal,1.5SMCJ24CA-Q,Existing,9.58,8.55,5000,5000,5000,5000,5000,5000,5000,5000,5000,5000,5000,5000,47900,47900,47900,47900,47900,47900,47900,47900,47900,47900,47900,47900,60,574800,0.00651405258386219,,
A8896,,,USD,NORTH,NEW DELHI,DEL00042,FIEM INDUSTRIES LTD-ALWAR,Others,TRACKER,,Others,TRACKER,KULDEEP KUMAR,Palak,TDK,TDK,Karthik,Mangalagowri,CGA2B3X7R1H104K,Existing,0.0032,0.0029,40000,40000,40000,40000,40000,40000,40000,40000,40000,40000,40000,40000,128,128,128,128,128,128,128,128,128,128,128,128,480,1536,0.001536,,
A8322,,,INR,NORTH,NEW DELHI,DEL00072,NAPINO AUTO & ELECTRONICS LTD,Automotive,Fuel Injection System,,Automotive,Fuel Injection System,ARPIT SINGH,Abha,PANASONIC,PANASONIC,Vikram,Anbarasu,ERA2AEB133X,New,0.95,0,50000,50000,50000,50000,50000,50000,50000,50000,50000,50000,50000,50000,47500,47500,47500,47500,47500,47500,47500,47500,47500,47500,47500,47500,600,570000,0.0064596554850408,,
A9166,5,,USD,NORTH,NEW DELHI,DEL00042,FIEM INDUSTRIES LTD-ALWAR,Others,TRACKER,,Others,TRACKER,KULDEEP KUMAR,Palak,TAIWAN SEMI,TAIWAN SEMI,Gaurav,Prajwal,SK26AH,Existing,0.036,0.033,35000,35000,35000,35000,35000,35000,35000,35000,35000,35000,35000,35000,1260,1260,1260,1260,1260,1260,1260,1260,1260,1260,1260,1260,420,15120,0.01512,,
A8323,,,INR,NORTH,NEW DELHI,DEL00072,NAPINO AUTO & ELECTRONICS LTD,Automotive,Fuel Injection System,,Automotive,Fuel Injection System,ARPIT SINGH,Abha,PANASONIC,PANASONIC,Vikram,Anbarasu,ERA2AEB3091X,New,0.95,0,50000,50000,50000,50000,50000,50000,50000,50000,50000,50000,50000,50000,47500,47500,47500,47500,47500,47500,47500,47500,47500,47500,47500,47500,600,570000,0.0064596554850408,,
A8324,,,INR,NORTH,NEW DELHI,DEL00072,NAPINO AUTO & ELECTRONICS LTD,Automotive,Fuel Injection System,,Automotive,Fuel Injection System,ARPIT SINGH,Abha,PANASONIC,PANASONIC,Vikram,Anbarasu,ERA2AEB4991X,New,0.95,0,50000,50000,50000,50000,50000,50000,50000,50000,50000,50000,50000,50000,47500,47500,47500,47500,47500,47500,47500,47500,47500,47500,47500,47500,600,570000,0.0064596554850408,,
A8720,5,,USD,NORTH,NEW DELHI,DEL00042,FIEM INDUSTRIES LTD-ALWAR,Others,TRACKER,TVS MOTOR COMPANY LIMITED,Automotive,Body,KULDEEP KUMAR,Palak,TDK,TDK,Karthik,Mangalagowri,VLS4015CX-4R7M-H,Existing,0.0653,0.058,28000,28000,28000,28000,28000,28000,28000,28000,28000,28000,28000,28000,1828.4,1828.4,1828.4,1828.4,1828.4,1828.4,1828.4,1828.4,1828.4,1828.4,1828.4,1828.4,336,21940.8,0.0219408,,
A9619,5,,USD,NORTH,NEW DELHI,DEL00042,FIEM INDUSTRIES LTD-ALWAR,Others,TRACKER,,Others,TRACKER,KULDEEP KUMAR,Palak,TAIWAN SEMI,TAIWAN SEMI,Gaurav,Prajwal,ABS10H,Existing,0.1,0.09,26000,26000,26000,26000,26000,26000,26000,26000,26000,26000,26000,26000,2600,2600,2600,2600,2600,2600,2600,2600,2600,2600,2600,2600,312,31200,0.0312,,
,1,,INR,,NEW DELHI,DEL01942,JNS INSTRUMENTS LIMITED,,,,,,ARPIT SINGH,Prakash,TAIWAN SEMI,TAIWAN SEMI,,,SS16,New,3.11,,15000,15000,15000,15000,15000,15000,15000,15000,15000,15000,15000,15000,46650,46650,46650,46650,46650,46650,46650,46650,46650,46650,46650,46650,180,559800,0.00634406165004533,,
A10108,5,,USD,NORTH,NEW DELHI,DEL00042,FIEM INDUSTRIES LTD-ALWAR,Others,TRACKER,,Others,TRACKER,KULDEEP KUMAR,Palak,NICHICON,NICHICON,Abhinandan,Shraddha,UCZ1H470MCL6GS,Existing,0.05,0.045,24000,24000,24000,24000,24000,24000,24000,24000,24000,24000,24000,24000,1200,1200,1200,1200,1200,1200,1200,1200,1200,1200,1200,1200,288,14400,0.0144,,
A9499,5,,USD,NORTH,NEW DELHI,DEL00042,FIEM INDUSTRIES LTD-ALWAR,Others,TRACKER,FIEM INDUSTRIES LTD-ALWAR,Others,TRACKER,KULDEEP KUMAR,Palak,NICHICON,NICHICON,Abhinandan,Shraddha,UCZ1C470MCL1GS,Existing,0.043,0.04,24000,24000,24000,24000,24000,24000,24000,24000,24000,24000,24000,24000,1032,1032,1032,1032,1032,1032,1032,1032,1032,1032,1032,1032,288,12384,0.012384,,
A10822,5,,USD,NORTH,NEW DELHI,DEL00042,FIEM INDUSTRIES LTD-ALWAR,Others,TRACKER,TVS MOTOR COMPANY LIMITED,Automotive,Body,KULDEEP KUMAR,Palak,TDK,TDK,Karthik,Mangalagowri,MPZ1608S102ATD25,Existing,0.0092,0.008,24000,24000,24000,24000,24000,24000,24000,24000,24000,24000,24000,24000,220.8,220.8,220.8,220.8,220.8,220.8,220.8,220.8,220.8,220.8,220.8,220.8,288,2649.6,0.0026496,,
A7327,5,,INR,NORTH,NEW DELHI,DEL00052,INDICATION INSTRUMENTS LTD,Automotive-EV,Cluster,,Automotive-EV,Cluster,MAHESH KUMAR MITTAL,Prakash,DIOTEC,DIOTEC,Adarsh,Prajwal,SK16-Q,Existing,1.33,1.16,35000,35000,35000,35000,35000,35000,35000,35000,35000,35000,35000,35000,46550,46550,46550,46550,46550,46550,46550,46550,46550,46550,46550,46550,420,558600,0.00633046237533998,,
A3811,,,INR,NORTH,NEW DELHI,DEL00085,SGS TEKNIKS MANUFACTURING-MANESAR,Consumer,White Goods,,Consumer,White Goods,KULDEEP KUMAR,Abha,DIOTEC,DIOTEC,Adarsh,Prajwal,BAT54WS-Q,Existing,0.92,0.82,50000,50000,50000,50000,50000,50000,50000,50000,50000,50000,50000,50000,46000,46000,46000,46000,46000,46000,46000,46000,46000,46000,46000,46000,600,552000,0.00625566636446056,,
A6572,5,,INR,NORTH,NEW DELHI,DEL00052,INDICATION INSTRUMENTS LTD,Automotive-EV,Cluster,,Automotive-EV,Cluster,MAHESH KUMAR MITTAL,Prakash,DIOTEC,DIOTEC,Adarsh,Prajwal,Z1SMA39-Q,Existing,3.06,2.59,15000,15000,15000,15000,15000,15000,15000,15000,,15000,15000,15000,45900,45900,45900,45900,45900,45900,45900,45900,0,45900,45900,45900,165,504900,0.00572189483227561,,
A7032,5,,INR,NORTH,NEW DELHI,DEL00042,FIEM INDUSTRIES LTD-ALWAR,Automotive,Lighting,,Automotive,Lighting,KULDEEP KUMAR,Palak,DIOTEC,DIOTEC,Adarsh,Prajwal,SK16-Q,Existing,1.29,1.16,35000,35000,35000,35000,35000,35000,35000,35000,35000,35000,35000,35000,45150,45150,45150,45150,45150,45150,45150,45150,45150,45150,45150,45150,420,541800,0.0061400725294651,,
A7091,5,,INR,NORTH,JAIPUR,JPR00001,ENERTRAK INSTRUMENTS PRIVATE LTD,Industrial,Panel Meter,,Industrial,Panel Meter,KULDEEP KUMAR,Neha Chauhan,EVE,EVE,Manju N,Kiran Bhamshetty,CR2032CKP,Existing,9,0.078,5000,5000,5000,5000,5000,5000,5000,5000,5000,5000,5000,5000,45000,45000,45000,45000,45000,45000,45000,45000,45000,45000,45000,45000,60,540000,0.00611967361740707,,
A4719,5,,INR,NORTH,NEW DELHI,DEL00061,LUMAX INDUSTRIES LIMITED,Automotive,Lighting,,Automotive,Lighting,MAHESH KUMAR MITTAL,Prakash,PANASONIC,PANASONIC,Vikram,Anbarasu,EEEHB1C100R,Existing,2.992,5.76177,15000,15000,15000,,,,,,15000,15000,15000,15000,44880,44880,44880,0,0,0,0,0,44880,44880,44880,44880,105,314160,0.00356029011786038,,
A7043,5,,INR,NORTH,NEW DELHI,DEL01976,KIMBAL PRIVATE LIMITED,Energy Meter,Smart Meter,,Energy Meter,Smart Meter,ARPIT SINGH,Prakash,DEKI,DEKI,Vikram,Prajwal,18 334 K 3B 1 A,Existing,8.85,7.5,5000,,5000,,5000,,5000,,5000,,5000,,44250,0,44250,0,44250,0,44250,0,44250,0,44250,0,30,265500,0.00300883952855848,,
A8690,5,,USD,NORTH,NEW DELHI,DEL00042,FIEM INDUSTRIES LTD-ALWAR,Others,TRACKER,TVS MOTOR COMPANY LIMITED,Automotive,Body,KULDEEP KUMAR,Palak,TDK,TDK,Karthik,Mangalagowri,VLS6045EX-100M-H,Existing,0.081,0.072,12000,12000,20000,12000,12000,12000,12000,12000,12000,12000,12000,12000,972,972,1620,972,972,972,972,972,972,972,972,972,152,12312,0.012312,,
A9803,5,,USD,NORTH,NEW DELHI,DEL00042,FIEM INDUSTRIES LTD-ALWAR,Others,TRACKER,,Others,TRACKER,KULDEEP KUMAR,Palak,TDK,TDK,Karthik,Mangalagowri,VLS5045EX-220M-H,Existing,0.075,0.068,12000,12000,12000,12000,12000,12000,12000,12000,12000,12000,12000,20000,900,900,900,900,900,900,900,900,900,900,900,1500,152,11400,0.0114,,
A8999,5,,USD,NORTH,NEW DELHI,DEL00042,FIEM INDUSTRIES LTD-ALWAR,Others,TRACKER,,Others,TRACKER,KULDEEP KUMAR,Palak,TDK,TDK,Karthik,Mangalagowri,CGA4J1X7R1H475KT0Y0N,Existing,0.056,0.05103,12000,12000,20000,12000,12000,12000,12000,12000,12000,12000,12000,12000,672,672,1120,672,672,672,672,672,672,672,672,672,152,8512,0.008512,,
A3560,,5,INR,NORTH,NEW DELHI,DEL02284,DAKSH ELECTRONICS PVT. LTD,Automotive,Lighting,,Automotive,Lighting,ABHISHEKH CHOUDHARY,Abha,VISHAY,VISHAY,Mahesha,Tanuja,TSAL6100,Existing,5.4,4.615,,,8000,,,,8000,,,,,8000,0,0,43200,0,0,0,43200,0,0,0,0,43200,24,129600,0.0014687216681777,,
A3328,5,,INR,NORTH,JAIPUR,JPR00001,ENERTRAK INSTRUMENTS PRIVATE LTD,Industrial,Panel Meter,,Industrial,Panel Meter,KULDEEP KUMAR,Neha Chauhan,DIOTEC,DIOTEC,Adarsh,Prajwal,"M7, T/R",Existing,0.43,0.39,100000,,100000,,100000,,100000,,100000,,,100000,43000,0,43000,0,43000,0,43000,0,43000,0,0,43000,600,258000,0.00292384406165005,,
A4973,5,,INR,NORTH,AHMEDABAD,AMD00013,MULTISPAN CONTROL INSTRUMENTS PVT. LTD.,Industrial,Panel Meter,,Industrial,Panel Meter,HARSH DOSHI,Poonam Kashyap,DIOTEC,DIOTEC,Adarsh,Prajwal,UST1D,Existing,1.06,0.92,,40000,40000,,40000,,40000,,,40000,,40000,0,42400,42400,0,42400,0,42400,0,0,42400,0,42400,240,254400,0.002883046237534,,
A9232,5,,USD,NORTH,NEW DELHI,DEL00042,FIEM INDUSTRIES LTD-ALWAR,Others,TRACKER,,Others,TRACKER,KULDEEP KUMAR,Palak,TDK,TDK,Karthik,Mangalagowri,ACM90V-701-2PL-TL00,Existing,0.585,0.53,6000,6000,6000,6000,6000,6000,6000,6000,6000,6000,6000,6000,3510,3510,3510,3510,3510,3510,3510,3510,3510,3510,3510,3510,72,42120,0.04212,,
A6782,,,INR,NORTH,NEW DELHI,DEL00072,NAPINO AUTO & ELECTRONICS LTD,Automotive,Fuel Injection System,,Automotive,Fuel Injection System,ARPIT SINGH,Abha,DEKI,DEKI,Vikram,Prajwal,02 223 K 2J 1A,Existing,2.65,2.43,16000,16000,16000,16000,16000,16000,16000,16000,16000,16000,16000,16000,42400,42400,42400,42400,42400,42400,42400,42400,42400,42400,42400,42400,192,508800,0.005766092475068,,
A12428,5,,USD,NORTH,NEW DELHI,DEL00042,FIEM INDUSTRIES LTD-ALWAR,Others,TRACKER,,Others,TRACKER,KULDEEP KUMAR,Palak,NICHICON,NICHICON,Abhinandan,Shraddha,UCM1V101MCL1GS,Existing,0.065,0.058,6000,6000,6000,6000,6000,6000,6000,6000,6000,6000,6000,6000,390,390,390,390,390,390,390,390,390,390,390,390,72,4680,0.00468,,
A11990,,,USD,NORTH,NEW DELHI,DEL00042,FIEM INDUSTRIES LTD-ALWAR,Others,TRACKER,,Others,TRACKER,KULDEEP KUMAR,Palak,NICHICON,NICHICON,Abhinandan,Shraddha,UWZ1A101MCL1GB,Existing,0.0525,0.0417,6000,6000,6000,6000,6000,6000,6000,6000,6000,6000,6000,6000,315,315,315,315,315,315,315,315,315,315,315,315,72,3780,0.00378,,
A7527,5,,INR,NORTH,JAIPUR,DEL01933,ACCUMET SOLUTIONS,Energy Meter,Single Phase,,Energy Meter,Single Phase,KULDEEP KUMAR,Neha Chauhan,DIOTEC,DIOTEC,Adarsh,Prajwal,S1M,Existing,0.82,0.65,,,50000,,,50000,,,100000,,,100000,0,0,41000,0,0,41000,0,0,82000,0,0,82000,300,246000,0.00278785131459656,,
,5,,INR,NORTH,AHMEDABAD,,A D MACHELAN,Industrial,,,,,HARSH DOSHI,,NICHICON,NICHICON,,,UVY1V221MPD,,8,,5000,5000,5000,5000,,5000,,5000,5000,,5000,5000,40000,40000,40000,40000,0,40000,0,40000,40000,0,40000,40000,45,360000,0.00407978241160471,,
A4356,5,,INR,NORTH,JAIPUR,DEL01933,ACCUMET SOLUTIONS,Energy Meter,Single Phase,,Energy Meter,Single Phase,KULDEEP KUMAR,Neha Chauhan,DIOTEC,DIOTEC,Adarsh,Prajwal,LDI559-05EN,Existing,3.96,3.55,,,10000,,,10000,,,20000,,,20000,0,0,39600,0,0,39600,0,0,79200,0,0,79200,60,237600,0.00269265639165911,,
A8897,5,,USD,NORTH,NEW DELHI,DEL00042,FIEM INDUSTRIES LTD-ALWAR,Others,TRACKER,,Others,TRACKER,KULDEEP KUMAR,Palak,NICHICON,NICHICON,Abhinandan,Shraddha,UUP1H0R1MCL1GS,Existing,0.12,0.108,1000,1000,1000,1000,1000,1000,1000,1000,1000,1000,1000,1000,120,120,120,120,120,120,120,120,120,120,120,120,12,1440,0.00144,,
,,,USD,NORTH,NEW DELHI,,FIEM INDUSTRIES LTD-ALWAR,,,,,,KULDEEP KUMAR,,,NICHICON,,,UCD1A470MCL1GS,,0.1,,1000,1000,1000,1000,1000,1000,1000,1000,1000,1000,1000,1000,100,100,100,100,100,100,100,100,100,100,100,100,12,1200,0.0012,,
A11315,,,USD,NORTH,NEW DELHI,DEL00042,FIEM INDUSTRIES LTD-ALWAR,Others,TRACKER,,Others,TRACKER,KULDEEP KUMAR,Palak,TDK,TDK,Karthik,Mangalagowri,ACT32P-102-2P-TL01,Existing,0.437,0.3927,0,0,2000,0,2000,0,2000,0,2000,0,0,2000,0,0,874,0,874,0,874,0,874,0,0,874,10,4370,0.00437,,
A10528,,,USD,NORTH,NEW DELHI,DEL00042,FIEM INDUSTRIES LTD-ALWAR,Others,TRACKER,,Others,TRACKER,KULDEEP KUMAR,Palak,TDK,TDK,Karthik,Mangalagowri,CGA3EDX7T1A106M,Existing,0.0771,0.067,0,0,0,0,3000,0,0,3000,0,0,0,3000,0,0,0,0,231.3,0,0,231.3,0,0,0,231.3,9,693.9,0.0006939,,
A3209,5,,INR,NORTH,JAIPUR,DEL01933,ACCUMET SOLUTIONS,Energy Meter,Single Phase,,Energy Meter,Single Phase,KULDEEP KUMAR,Neha Chauhan,DIOTEC,DIOTEC,Adarsh,Prajwal,LDI559-3.6EN,Existing,3.96,3.55,,,10000,,,10000,,,20000,,,20000,0,0,39600,0,0,39600,0,0,79200,0,0,79200,60,237600,0.00269265639165911,,
A1971,,5,INR,NORTH,NEW DELHI,DEL01762,PRICOL LIMITED-GURGAON,Automotive,Body Control Unit,,Automotive,Body Control Unit,ABHISHEKH CHOUDHARY,Poonam Kashyap,DIOTEC,DIOTEC,Adarsh,Prajwal,BC817-40,Existing,0.65,0.59,60000,60000,60000,60000,60000,60000,60000,60000,60000,60000,60000,60000,39000,39000,39000,39000,39000,39000,39000,39000,39000,39000,39000,39000,720,468000,0.00530371713508613,,
A6353,5,,INR,NORTH,NEW DELHI,DEL01992,ANEVOLVE PRIVATE LIMITED,Automotive-EV,Charger,ANEVOLVE PRIVATE LIMITED,Automotive-EV,Charger,SURAJ PANDEY,Poonam Kashyap,DIOTEC,DIOTEC,Adarsh,Prajwal,DI78M05UAB,Existing,4.86,4.4,8000,8000,8000,8000,8000,8000,8000,8000,8000,8000,8000,8000,38880,38880,38880,38880,38880,38880,38880,38880,38880,38880,38880,38880,96,466560,0.00528739800543971,,
A7575,5,,INR,NORTH,NEW DELHI,DEL00042,FIEM INDUSTRIES LTD-ALWAR,Automotive,Lighting,,Automotive,Lighting,KULDEEP KUMAR,Palak,YAGEO,YAGEO,Abhinandan,Navya,AC0805JRNPO9BN471,Existing,0.48,0.0041,80000,80000,80000,80000,80000,80000,80000,80000,80000,80000,80000,80000,38400,38400,38400,38400,38400,38400,38400,38400,38400,38400,38400,38400,960,460800,0.00522212148685403,,
A6947,,,INR,NORTH,JAIPUR,JPR00005,MAXWELL INDIA,Energy Meter,Smart Meter,,Energy Meter,Smart Meter,KULDEEP KUMAR,Neha Chauhan,EVE,EVE,Manju N,Kiran Bhamshetty,CR2450CKP,Existing,19,0.18,4000,2000,2000,2000,2000,2000,2000,2000,2000,2000,2000,2000,76000,38000,38000,38000,38000,38000,38000,38000,38000,38000,38000,38000,26,494000,0.00559836808703536,,
A5615,5,,INR,NORTH,AHMEDABAD,AMD00026,VOLTEX CONTROLS,Industrial,Panel Meter,,Industrial,Panel Meter,HARSH DOSHI,Poonam Kashyap,RENESAS,RENESAS,Uma,Manju PJ,R5F10268ASP#55,Existing,38,0.32,1000,1000,1000,1000,1000,1000,1000,1000,1000,1000,1000,1000,38000,38000,38000,38000,38000,38000,38000,38000,38000,38000,38000,38000,12,456000,0.00516772438803264,,
,1,,INR,NORTH,NEW DELHI,,Deva Autotronics,,,,,,MAHESH KUMAR MITTAL,,,NICHICON,,,UPM1J561MHD6,New,36.8,,1000,1000,1000,1000,1000,,1000,1000,1000,1000,1000,1000,36800,36800,36800,36800,36800,0,36800,36800,36800,36800,36800,36800,11,404800,0.00458748866727108,,
,1,,INR,NORTH,NEW DELHI,,Deva Autotronics,,,,,,MAHESH KUMAR MITTAL,,,NICHICON,,,UPM1H821MHH6,New,36.8,,1000,,1000,1000,1000,1000,1000,,1000,1000,1000,1000,36800,0,36800,36800,36800,36800,36800,0,36800,36800,36800,36800,10,368000,0.00417044424297371,,
,1,,INR,NORTH,NEW DELHI,,Deva Autotronics,,,,,,MAHESH KUMAR MITTAL,,,NICHICON,,,UPM1H821MHD6,New,36.8,,1000,,1000,1000,,1000,,1000,,1000,,1000,36800,0,36800,36800,0,36800,0,36800,0,36800,0,36800,7,257600,0.0029193109700816,,
,1,,INR,NORTH,NEW DELHI,,Deva Autotronics,,,,,,MAHESH KUMAR MITTAL,,,NICHICON,,,UPM1J561MHH6,New,36.8,,,1000,1000,1000,,1000,1000,,,1000,,1000,0,36800,36800,36800,0,36800,36800,0,0,36800,0,36800,7,257600,0.0029193109700816,,
,5,,INR,NORTH,AHMEDABAD,,A D MACHELAN,Industrial,,,,,HARSH DOSHI,,NICHICON,NICHICON,,,UVY2W4R7MPD,,7.25,,5000,5000,5000,5000,,5000,5000,5000,5000,,5000,5000,36250,36250,36250,36250,0,36250,36250,36250,36250,0,36250,36250,50,362500,0.00410811423390753,,
A5028,5,,INR,NORTH,CHANDIGARH,DEL00016,AVON METERS PRIVATE LIMITED,Energy Meter,Single Phase,,Energy Meter,Single Phase,MAHESH KUMAR MITTAL,Palak,DIOTEC,DIOTEC,Adarsh,Prajwal,1N4148W,Existing,0.6,0.52,60000,,60000,,60000,,60000,,60000,100000,,60000,36000,0,36000,0,36000,0,36000,0,36000,60000,0,36000,460,276000,0.00312783318223028,,
A9766,5,,USD,NORTH,JAIPUR,DEL00046,GENUS POWER INFRASTRUCTURES LTD,Others,Distributor,,Others,Distributor,KULDEEP KUMAR,Prakash,AOS,AOS,Adarsh,Shraddha,AOTF4N90,Existing,0.229,0.2134,400000,400000,400000,400000,400000,400000,400000,400000,400000,400000,400000,400000,91600,91600,91600,91600,91600,91600,91600,91600,91600,91600,91600,91600,4800,1099200,1.0992,,
A5307,,,INR,NORTH,NEW DELHI,DEL00072,NAPINO AUTO & ELECTRONICS LTD,Automotive,Fuel Injection System,,Automotive,Fuel Injection System,ARPIT SINGH,Abha,YAGEO,YAGEO,Abhinandan,Navya,AC1206JR-0722RL,Existing,0.8,0.00198,45000,45000,45000,45000,45000,45000,45000,45000,45000,45000,45000,45000,36000,36000,36000,36000,36000,36000,36000,36000,36000,36000,36000,36000,540,432000,0.00489573889392566,,
A9576,5,,USD,NORTH,JAIPUR,DEL00046,GENUS POWER INFRASTRUCTURES LTD,Others,Distributor,,Others,Distributor,KULDEEP KUMAR,Prakash,NICHICON,NICHICON,Abhinandan,Shraddha,UCD1E101MCL1GS,Existing,0.023865,0.02,,,,400000,400000,400000,400000,400000,400000,400000,400000,400000,0,0,0,9546,9546,9546,9546,9546,9546,9546,9546,9546,3600,85914,0.085914,,
,5,,INR,NORTH,AHMEDABAD,,MACHNO TECH PVT LTD,Industrial,Drives,,Industrial,Drives,HARSH DOSHI,Poonam Kashyap,TAIWAN SEMI,TAIWAN SEMI,Vivek,Prajwal,GBJ25M,,17.5,,2000,2000,2000,2000,2000,2000,2000,2000,2000,2000,2000,2000,35000,35000,35000,35000,35000,35000,35000,35000,35000,35000,35000,35000,24,420000,0.00475974614687217,,
A9186,5,,USD,NORTH,JAIPUR,DEL00046,GENUS POWER INFRASTRUCTURES LTD,Others,Distributor,,Others,Distributor,KULDEEP KUMAR,Prakash,AOS,AOS,Adarsh,Shraddha,AO3423,Existing,0.024,0.0219,200000,200000,200000,100000,200000,200000,200000,200000,200000,200000,200000,200000,4800,4800,4800,2400,4800,4800,4800,4800,4800,4800,4800,4800,2300,55200,0.0552,,
A2823,,5,INR,NORTH,NEW DELHI,DEL02032,PRICOL LIMITED,Automotive,Body Control Unit,,Automotive,Body Control Unit,ABHISHEKH CHOUDHARY,Poonam Kashyap,DIOTEC,DIOTEC,Adarsh,Prajwal,MMFTP2319,Existing,6.11,4.7,5500,5500,5500,5500,5500,5500,5500,5500,5500,5500,5500,5500,33605,33605,33605,33605,33605,33605,33605,33605,33605,33605,33605,33605,66,403260,0.00457003626473255,,
,5,,USD,NORTH,JAIPUR,,GENUS POWER INFRASTRUCTURES LTD,,,,,,KULDEEP KUMAR,,,EVE,Manju N,,CR2450(M0453A),New,0.22,0.209,150000,150000,150000,150000,150000,150000,150000,150000,150000,150000,150000,150000,33000,33000,33000,33000,33000,33000,33000,33000,33000,33000,33000,33000,1800,396000,0.396,,
A8669,5,,USD,NORTH,JAIPUR,DEL00046,GENUS POWER INFRASTRUCTURES LTD,Others,Distributor,,Others,Distributor,KULDEEP KUMAR,Prakash,NICHICON,NICHICON,Abhinandan,Shraddha,UHE1E471MPD6,Existing,0.0535,0.0486,150000,150000,150000,150000,150000,150000,150000,150000,150000,150000,150000,150000,8025,8025,8025,8025,8025,8025,8025,8025,8025,8025,8025,8025,1800,96300,0.0963,,
A8668,5,,USD,NORTH,JAIPUR,DEL00046,GENUS POWER INFRASTRUCTURES LTD,Others,Distributor,,Others,Distributor,KULDEEP KUMAR,Prakash,TDK,TDK,Karthik,Mangalagowri,CD12-E2GA222MYNSA,Existing,0.029,0.025,150000,150000,150000,150000,150000,150000,150000,150000,150000,150000,150000,150000,4350,4350,4350,4350,4350,4350,4350,4350,4350,4350,4350,4350,1800,52200,0.0522,,
A10080,5,,USD,NORTH,JAIPUR,DEL00046,GENUS POWER INFRASTRUCTURES LTD,Others,Distributor,,Others,Distributor,KULDEEP KUMAR,Prakash,NICHICON,NICHICON,Abhinandan,Shraddha,UCL1C470MCL6GS,Existing,0.023631,0.02,150000,150000,150000,150000,150000,150000,150000,150000,150000,150000,150000,150000,3544.65,3544.65,3544.65,3544.65,3544.65,3544.65,3544.65,3544.65,3544.65,3544.65,3544.65,3544.65,1800,42535.8,0.0425358,,
A13666,,,USD,NORTH,JAIPUR,DEL00046,GENUS POWER INFRASTRUCTURES LTD,Others,Distributor,,,,KULDEEP KUMAR,Prakash,NICHICON,NICHICON,Abhinandan,Shraddha,UPT2G330MHDBZX,New,0.165,0.12,10000,0,150000,0,150000,0,150000,0,0,300000,300000,200000,1650,0,24750,0,24750,0,24750,0,0,49500,49500,33000,1260,207900,0.2079,,
,5,,USD,NORTH,JAIPUR,,GENUS POWER INFRASTRUCTURES LTD,,,,,,KULDEEP KUMAR,,,EVE,Manju N,,CR2032HP(M1408A),New,0.146,0.139,,,,100000,100000,100000,100000,100000,100000,100000,100000,100000,0,0,0,14600,14600,14600,14600,14600,14600,14600,14600,14600,900,131400,0.1314,,
A14185,5,,DIRECT,NORTH,JAIPUR,DEL00046,GENUS POWER INFRASTRUCTURES LTD,,,,,,KULDEEP KUMAR,Prakash,TIANMA,TIANMA,Nagendra,Bhavya,TJMS5635A (E6099),Existing,0.185,0.17575,50000,50000,50000,50000,50000,50000,50000,50000,50000,50000,50000,50000,9250,9250,9250,9250,9250,9250,9250,9250,9250,9250,9250,9250,600,111000,0.111,,
A8038,5,,INR,NORTH,NEW DELHI,DEL00062,LUMINOUS POWER TECHNOLOGIES HP,Industrial,Invertor,,Industrial,Invertor,KULDEEP KUMAR,Vinny,DIOTEC,DIOTEC,Adarsh,Prajwal,S1M,Existing,0.56,0.51,60000,60000,60000,60000,60000,40000,40000,40000,40000,40000,40000,40000,33600,33600,33600,33600,33600,22400,22400,22400,22400,22400,22400,22400,580,324800,0.00368087035358114,,
A4959,5,,INR,NORTH,NEW DELHI,DEL01992,ANEVOLVE PRIVATE LIMITED,Automotive-EV,Charger,ANEVOLVE PRIVATE LIMITED,Automotive-EV,Charger,SURAJ PANDEY,Poonam Kashyap,DIOTEC,DIOTEC,Adarsh,Prajwal,DI78L12UAB,Existing,4.16,3.71,8000,8000,8000,8000,8000,8000,8000,8000,8000,8000,8000,8000,33280,33280,33280,33280,33280,33280,33280,33280,33280,33280,33280,33280,96,399360,0.00452583862194016,,
A9083,5,,USD,NORTH,JAIPUR,DEL00046,GENUS POWER INFRASTRUCTURES LTD,Others,Distributor,,Others,Distributor,KULDEEP KUMAR,Prakash,NICHICON,NICHICON,Abhinandan,Shraddha,UHW1E102MPD,Existing,0.064333,0.06,20000,20000,20000,20000,20000,20000,20000,20000,20000,20000,20000,20000,1286.66,1286.66,1286.66,1286.66,1286.66,1286.66,1286.66,1286.66,1286.66,1286.66,1286.66,1286.66,240,15439.92,0.01543992,,
A13685,5,,USD,NORTH,JAIPUR,DEL00046,GENUS POWER INFRASTRUCTURES LTD,Others,Distributor,,,,KULDEEP KUMAR,Prakash,NICHICON,NICHICON,Abhinandan,Shraddha,UCL1E100MCL1GS,New,0.022511,0.02,20000,20000,20000,20000,20000,20000,20000,20000,20000,20000,20000,20000,450.22,450.22,450.22,450.22,450.22,450.22,450.22,450.22,450.22,450.22,450.22,450.22,240,5402.64,0.00540264,,
A3057,5,,INR,NORTH,NEW DELHI,DEL01992,ANEVOLVE PRIVATE LIMITED,Automotive-EV,Charger,ANEVOLVE PRIVATE LIMITED,Automotive-EV,Charger,SURAJ PANDEY,Poonam Kashyap,DIOTEC,DIOTEC,Adarsh,Prajwal,MUR460L,Existing,4.05,3.58,8000,8000,8000,8000,8000,8000,8000,8000,8000,8000,8000,8000,32400,32400,32400,32400,32400,32400,32400,32400,32400,32400,32400,32400,96,388800,0.00440616500453309,,
A13768,5,,USD,NORTH,JAIPUR,DEL00046,GENUS POWER INFRASTRUCTURES LTD,Others,Distributor,,,,KULDEEP KUMAR,Prakash,NICHICON,NICHICON,Abhinandan,Shraddha,UHW1H222MHDAZX,New,0.32,0.28,,,,10000,10000,10000,10000,10000,10000,10000,10000,10000,0,0,0,3200,3200,3200,3200,3200,3200,3200,3200,3200,90,28800,0.0288,,
A13767,5,,USD,NORTH,JAIPUR,DEL00046,GENUS POWER INFRASTRUCTURES LTD,Others,Distributor,,,,KULDEEP KUMAR,Prakash,NICHICON,NICHICON,Abhinandan,Shraddha,UHW1H102MHD6,New,0.245,0.2,,,,10000,10000,10000,10000,10000,10000,10000,10000,10000,0,0,0,2450,2450,2450,2450,2450,2450,2450,2450,2450,90,22050,0.02205,,
A13769,5,,USD,NORTH,JAIPUR,DEL00046,GENUS POWER INFRASTRUCTURES LTD,Others,Distributor,,,,KULDEEP KUMAR,Prakash,NICHICON,NICHICON,Abhinandan,Shraddha,UHW1H471MPDCZX,New,0.082,0.07,,,,10000,10000,10000,10000,10000,10000,10000,10000,10000,0,0,0,820,820,820,820,820,820,820,820,820,90,7380,0.00738,,
A14198,,,DIRECT,NORTH,JAIPUR,DEL00046,GENUS POWER INFRASTRUCTURES LTD,,,,,,KULDEEP KUMAR,Prakash,TIANMA,TIANMA,Nagendra,Bhavya,TJMS5421A (E4471),Existing,0.38,0.361,,,15000,,,15000,,,15000,,,15000,0,0,5700,0,0,5700,0,0,5700,0,0,5700,60,22800,0.0228,,
A14200,,,DIRECT,NORTH,JAIPUR,DEL00046,GENUS POWER INFRASTRUCTURES LTD,,,,,,KULDEEP KUMAR,Prakash,TIANMA,TIANMA,Nagendra,Bhavya,TJMS5517-017,Existing,0.24,0.228,,,15000,,,15000,,,15000,,,15000,0,0,3600,0,0,3600,0,0,3600,0,0,3600,60,14400,0.0144,,
,1,,USD,NORTH,JAIPUR,,GENUS POWER INFRASTRUCTURES LTD,Energy_Meter,,,,,KULDEEP KUMAR,,,RENESAS,Uma,,R9A07G043U11GBG#BC0,New,4.485,3.996,,,2000,,,,,5000,,,,5000,0,0,8970,0,0,0,0,22425,0,0,0,22425,12,53820,0.05382,,
,1,,USD,NORTH,JAIPUR,,GENUS POWER INFRASTRUCTURES LTD,Energy_Meter,,,,,KULDEEP KUMAR,,,RENESAS,Uma,,RAA215300A2GNP#HA0,New,1.998,1.898,,,2000,,,,,5000,,,,5000,0,0,3996,0,0,0,0,9990,0,0,0,9990,12,23976,0.023976,,
,1,,USD,NORTH,JAIPUR,,GENUS POWER INFRASTRUCTURES LTD,Energy_Meter,,,,,KULDEEP KUMAR,,,RENESAS,Uma,,ISL1208IB8Z,New,0.65,0.58,,,2000,,,,,5000,,,,5000,0,0,1300,0,0,0,0,3250,0,0,0,3250,12,7800,0.0078,,
,1,,USD,NORTH,JAIPUR,,GENUS POWER INFRASTRUCTURES LTD,Energy_Meter,,,,,KULDEEP KUMAR,,,RENESAS,Uma,,IW1702-00,New,0.55,0.5,,,2000,,,,,5000,,,,5000,0,0,1100,0,0,0,0,2750,0,0,0,2750,12,6600,0.0066,,
,1,,USD,NORTH,JAIPUR,,GENUS POWER INFRASTRUCTURES LTD,Energy_Meter,,,,,KULDEEP KUMAR,,,RENESAS,Uma,,R5F10Y16DSP#50,New,0.215,0.198,,,2000,,,,,5000,,,,5000,0,0,430,0,0,0,0,1075,0,0,0,1075,12,2580,0.00258,,
,1,,INR,,NEW DELHI,,LAN Engineering and technology,,,,,,ABHISHEKH CHOUDHARY,Palak,,diotec,MMFTP84,1.58,MMFTP84,,1.58,,,,20000,,,20000,,,20000,,,20000,0,0,31600,0,0,31600,0,0,31600,0,0,31600,80,126400,0.0014324569356301,,
A4783,5,,INR,NORTH,NEW DELHI,DEL02331,SYRMA SGS TECHNOLOGY LIMITED-BADDI,EMS,EMS,,EMS,EMS,KULDEEP KUMAR,Abha,DIOTEC,DIOTEC,Adarsh,Prajwal,MMTL431AR,Existing,1.58,1.36,20000,20000,20000,20000,20000,20000,20000,20000,20000,20000,20000,20000,31600,31600,31600,31600,31600,31600,31600,31600,31600,31600,31600,31600,240,379200,0.0042973708068903,,
A7073,5,,INR,NORTH,AHMEDABAD,AMD00013,MULTISPAN CONTROL INSTRUMENTS PVT. LTD.,Industrial,Panel Meter,,Industrial,Panel Meter,HARSH DOSHI,Poonam Kashyap,DIOTEC,DIOTEC,Adarsh,Prajwal,BZT52B5V6,Existing,1.25,1.1,25000,25000,25000,25000,25000,25000,25000,25000,25000,25000,25000,25000,31250,31250,31250,31250,31250,31250,31250,31250,31250,31250,31250,31250,300,375000,0.00424977334542158,,
A14134,5,,DIRECT,NORTH,JAIPUR,JPR00003,GENUS POWER JAIPUR,,,,,,KULDEEP KUMAR,Prakash,TIANMA,TIANMA,Nagendra,Bhavya,TJMS5762 (E8687),Existing,0.209,0.20378,200000,200000,200000,300000,300000,300000,300000,300000,300000,300000,300000,300000,41800,41800,41800,62700,62700,62700,62700,62700,62700,62700,62700,62700,3300,689700,0.6897,,
,1,,USD,,JAIPUR,,GENUS POWER JAIPUR,Degson,Degson,Degson,Degson,Degson,KULDEEP KUMAR,Prakash,,NICHICON,,,UCY2G330MHDHZXCA,New,0.1427,,,,200000,200000,200000,200000,200000,200000,200000,200000,200000,200000,0,0,28540,28540,28540,28540,28540,28540,28540,28540,28540,28540,2000,285400,0.2854,,
A9076,5,,USD,NORTH,JAIPUR,JPR00003,GENUS POWER JAIPUR,Others,Distributor,,Others,Distributor,KULDEEP KUMAR,Prakash,TDK,TDK,Karthik,Mangalagowri,CD85-E2GA102MYNSA,Existing,0.025,0.02178,100000,100000,100000,100000,100000,100000,100000,100000,100000,100000,100000,100000,2500,2500,2500,2500,2500,2500,2500,2500,2500,2500,2500,2500,1200,30000,0.03,,
A8361,5,,INR,NORTH,AHMEDABAD,AMD00013,MULTISPAN CONTROL INSTRUMENTS PVT. LTD.,Industrial,Panel Meter,,Industrial,Panel Meter,HARSH DOSHI,Neha Chauhan,DIOTEC,DIOTEC,Adarsh,Prajwal,BZT52B7V5,Existing,1.25,0,25000,25000,25000,25000,25000,25000,25000,25000,25000,25000,25000,25000,31250,31250,31250,31250,31250,31250,31250,31250,31250,31250,31250,31250,300,375000,0.00424977334542158,,
A14260,5,,DIRECT,NORTH,JAIPUR,JPR00003,GENUS POWER JAIPUR,,,,,,KULDEEP KUMAR,Prakash,TIANMA,TIANMA,Nagendra,Bhavya,TJMS5720,Existing,0.375,0.35625,10000,10000,10000,50000,50000,50000,50000,50000,50000,50000,50000,50000,3750,3750,3750,18750,18750,18750,18750,18750,18750,18750,18750,18750,480,180000,0.18,,
,1,,USD,,JAIPUR,,GENUS POWER JAIPUR,NICHICON,NICHICON,NICHICON,NICHICON,NICHICON,KULDEEP KUMAR,Prakash,,NICHICON,,,UCY2W220MHDRZXCA,New,0.165,,,,40000,40000,40000,40000,40000,40000,40000,40000,40000,40000,0,0,6600,6600,6600,6600,6600,6600,6600,6600,6600,6600,400,66000,0.066,,
,1,,INR,,NEW DELHI,DEL00072,NAPINO AUTO & ELECTRONICS LTD,Automotive,Others-Automotive,,Automotive,Others-Automotive,ARPIT SINGH,Abha,,DIOTEC,,,ES1J,New,2.59,,12000,12000,12000,12000,12000,12000,12000,12000,12000,12000,12000,12000,31080,31080,31080,31080,31080,31080,31080,31080,31080,31080,31080,31080,144,372960,0.00422665457842248,,
A7704,5,,INR,NORTH,JAIPUR,DEL01933,ACCUMET SOLUTIONS,Energy Meter,Single Phase,,Energy Meter,Single Phase,KULDEEP KUMAR,Neha Chauhan,DIOTEC,DIOTEC,Adarsh,Prajwal,SKL12,Existing,1.55,1.31,,,20000,,,20000,,,40000,,,40000,0,0,31000,0,0,31000,0,0,62000,0,0,62000,120,186000,0.0021078875793291,,
A8843,5,,USD,NORTH,JAIPUR,JPR00003,GENUS POWER JAIPUR,Others,Distributor,,Others,Distributor,KULDEEP KUMAR,Prakash,TDK,TDK,Karthik,Mangalagowri,CK45-E3AD103MYGNA,Existing,0.025,0.0235,10000,,10000,,10000,,,10000,,10000,,10000,250,0,250,0,250,0,0,250,0,250,0,250,60,1500,0.0015,,
A3297,5,,INR,NORTH,AHMEDABAD,AMD00013,MULTISPAN CONTROL INSTRUMENTS PVT. LTD.,Industrial,Panel Meter,,Industrial,Panel Meter,HARSH DOSHI,Poonam Kashyap,DIOTEC,DIOTEC,Adarsh,Prajwal,MM1Z4740A,Existing,3.08,2.65,,,10000,,,,10000,,,,10000,,0,0,30800,0,0,0,30800,0,0,0,30800,0,30,92400,0.00104714415231188,,
A10125,5,,USD,NORTH,JAIPUR,JPR00003,GENUS POWER JAIPUR,Others,Distributor,,Others,Distributor,KULDEEP KUMAR,Prakash,QORVO,QORVO-PPM,Adarsh,Tanuja,RF3628TR13-5K,Existing,0.52,0.47,,,,,10000,,,20000,,,20000,,0,0,0,0,5200,0,0,10400,0,0,10400,0,50,26000,0.026,,
,1,,USD,,JAIPUR,,GENUS POWER JAIPUR,Degson,Degson,Degson,Degson,Degson,KULDEEP KUMAR,Prakash,,Degson,,,2EDGRM-5.08-06P-14-100AH,New,0.196,,,,,,40000,,,,,,,,0,0,0,0,7840,0,0,0,0,0,0,0,40,7840,0.00784,,
,1,,INR,,NEW DELHI,DEL00072,NAPINO AUTO & ELECTRONICS LTD,,,,,,ARPIT SINGH,Abha,,DIOTEC,,,SL1J-AQ,New,1.27,,24000,24000,24000,24000,24000,24000,24000,24000,24000,24000,24000,24000,30480,30480,30480,30480,30480,30480,30480,30480,30480,30480,30480,30480,288,365760,0.00414505893019039,,
,1,,INR,,NEW DELHI,DEL00072,NAPINO AUTO & ELECTRONICS LTD,,,,,,ARPIT SINGH,Abha,,Deki,,,207 224 K 05 2V,New,3.77,,8000,8000,8000,8000,8000,8000,8000,8000,8000,8000,8000,8000,30160,30160,30160,30160,30160,30160,30160,30160,30160,30160,30160,30160,96,361920,0.00410154125113327,,
A3344,,,INR,NORTH,GUJARAT,GUJ00011,LEAFTRONIX ANALOGIC SOLUTIONS PVT LTD,Industrial,Panel Meter,,Industrial,Panel Meter,HARSH DOSHI,Poonam Kashyap,RENESAS,RENESAS,Uma,Manju PJ,R5F100GEAFB#10,Existing,60,0.312,500,500,500,500,500,500,500,500,500,500,500,,30000,30000,30000,30000,30000,30000,30000,30000,30000,30000,30000,0,5.5,330000,0.00373980054397099,,
A2080,5,,INR,NORTH,JAIPUR,DEL01933,ACCUMET SOLUTIONS,Energy Meter,Single Phase,,Energy Meter,Single Phase,KULDEEP KUMAR,Neha Chauhan,DIOTEC,DIOTEC,Adarsh,Prajwal,ESDB712,Existing,2.97,2.35,,,10000,,,10000,,,20000,,,20000,0,0,29700,0,0,29700,0,0,59400,0,0,59400,60,178200,0.00201949229374433,,
,1,,INR,NORTH,AHMEDABAD,AMD00013,MULTISPAN CONTROL INSTRUMENTS PVT. LTD.,Industrial,Panel Meter,,Industrial,Panel Meter,HARSH DOSHI,Poonam Kashyap,DIOTEC,DIOTEC,Adarsh,Prajwal,BZT52B4V7,New,1.17758620689655,,25000,25000,25000,25000,25000,25000,25000,25000,25000,25000,25000,25000,29439.6551724138,29439.6551724138,29439.6551724138,29439.6551724138,29439.6551724138,29439.6551724138,29439.6551724138,29439.6551724138,29439.6551724138,29439.6551724138,29439.6551724138,29439.6551724138,300,353275.862068966,0.00400357957920405,,
,1,,USD,,NEW DELHI,DEL02261,HELLA INDIA AUTOMOTIVE PRIVATE LIMITED-DEL,,,,,,ARPIT SINGH,Neha Chauhan,HIROSE,HIROSE,,,HIROSE.UFL-R-SMT(10),New,0.0495,,104000,104000,104000,104000,104000,104000,104000,104000,104000,104000,104000,104000,5148,5148,5148,5148,5148,5148,5148,5148,5148,5148,5148,5148,1248,61776,0.061776,,
A3059,5,,INR,NORTH,NEW DELHI,DEL00052,INDICATION INSTRUMENTS LTD,Automotive-EV,Cluster,,Automotive-EV,Cluster,MAHESH KUMAR MITTAL,Prakash,DIOTEC,DIOTEC,Adarsh,Prajwal,1N4148W-Q,Existing,0.72,0.62,40000,40000,40000,40000,40000,40000,40000,40000,40000,40000,40000,40000,28800,28800,28800,28800,28800,28800,28800,28800,28800,28800,28800,28800,480,345600,0.00391659111514053,,
A13739,5,,USD,NORTH,NEW DELHI,DEL02261,HELLA INDIA AUTOMOTIVE PRIVATE LIMITED-DEL,Automotive,Infotainment,,,,ARPIT SINGH,Neha Chauhan,HIROSE,HIROSE,Mahesha,,HIROSE.GT17HN-4DP-2DS(A),Existing,0.752,0,26000,26000,26000,26000,26000,26000,26000,26000,26000,26000,26000,26000,19552,19552,19552,19552,19552,19552,19552,19552,19552,19552,19552,19552,312,234624,0.234624,,
A13740,5,,USD,NORTH,NEW DELHI,DEL02261,HELLA INDIA AUTOMOTIVE PRIVATE LIMITED-DEL,Automotive,Infotainment,,,,ARPIT SINGH,Neha Chauhan,HIROSE,HIROSE,Mahesha,,HIROSE.GT5-1P-DS(77),Existing,0.402,0,26000,26000,26000,26000,26000,26000,26000,26000,26000,26000,26000,26000,10452,10452,10452,10452,10452,10452,10452,10452,10452,10452,10452,10452,312,125424,0.125424,,
A13738,5,,USD,NORTH,NEW DELHI,DEL02261,HELLA INDIA AUTOMOTIVE PRIVATE LIMITED-DEL,Automotive,Infotainment,,,,ARPIT SINGH,Neha Chauhan,HIROSE,HIROSE,Mahesha,,HIROSE.GT13SHA-1/1PP-DS,Existing,0.298,0,26000,26000,26000,26000,26000,26000,26000,26000,26000,26000,26000,26000,7748,7748,7748,7748,7748,7748,7748,7748,7748,7748,7748,7748,312,92976,0.092976,,
,5,,USD,,NEW DELHI,DEL02261,HELLA INDIA AUTOMOTIVE PRIVATE LIMITED-DEL,,,,,,ARPIT SINGH,Neha Chauhan,TOREX,TOREX,,,XC6203P332FR-G,New,0.123,,26000,26000,26000,26000,26000,26000,26000,26000,26000,26000,26000,26000,3198,3198,3198,3198,3198,3198,3198,3198,3198,3198,3198,3198,312,38376,0.038376,,
,1,,USD,NORTH,NEW DELHI,,HFCL,Mini Router ,Telecom,HFCL,Mini Router ,Telecom,ARPIT SINGH,Poonam Kashyap,DAPU,DAPU,Anita,Masila,O22S-0802-10.00MHz-H  ,New,12.45,10,0,0,0,5000,0,,0,2500,0,5000,0,5000,0,0,0,62250,0,0,0,31125,0,62250,0,62250,17.5,217875,0.217875,,
,1,,USD,,HIMACHAL,,Himachal Energy Pvt. Limited,,,,,,MAHESH KUMAR MITTAL,Neha Singh,,EVE,,,CR2032/CKP,New,0.084,,,,100000,,,100000,,,100000,,,100000,0,0,8400,0,0,8400,0,0,8400,0,0,8400,400,33600,0.0336,,
A2162,5,,INR,NORTH,NEW DELHI,DEL00052,INDICATION INSTRUMENTS LTD,Automotive-EV,Cluster,,Automotive-EV,Cluster,MAHESH KUMAR MITTAL,Prakash,DIOTEC,DIOTEC,Adarsh,Prajwal,AL1M,Existing,1.91,1.66,15000,15000,15000,15000,15000,15000,15000,15000,15000,15000,15000,15000,28650,28650,28650,28650,28650,28650,28650,28650,28650,28650,28650,28650,180,343800,0.0038961922030825,,
A5692,5,,INR,NORTH,NEW DELHI,DEL00052,INDICATION INSTRUMENTS LTD,Automotive-EV,Cluster,,Automotive-EV,Cluster,MAHESH KUMAR MITTAL,Prakash,DIOTEC,DIOTEC,Adarsh,Prajwal,MMBTA42,Existing,1.42,1.3,20000,20000,20000,20000,20000,20000,20000,20000,,20000,20000,20000,28400,28400,28400,28400,28400,28400,28400,28400,0,28400,28400,28400,220,312400,0.0035403445149592,,
A7535,,,INR,NORTH,NEW DELHI,DEL00668,MAHA MAI ENGINEERS,Industrial,Panel Meter,,Industrial,Panel Meter,SURAJ PANDEY,Abha,DIOTEC,DIOTEC,Adarsh,Prajwal,1N4148W,Existing,0.56,0.49,,,50000,,,,50000,,,50000,,,0,0,28000,0,0,0,28000,0,0,28000,0,0,150,84000,0.000951949229374434,,
A6354,5,,INR,NORTH,NEW DELHI,DEL00042,FIEM INDUSTRIES LTD-ALWAR,Automotive,Lighting,,Automotive,Lighting,KULDEEP KUMAR,Palak,DIOTEC,DIOTEC,Adarsh,Prajwal,MMTL431A-Q,Existing,2.8,2.4,10000,10000,10000,10000,10000,10000,10000,10000,10000,10000,10000,10000,28000,28000,28000,28000,28000,28000,28000,28000,28000,28000,28000,28000,120,336000,0.00380779691749773,,
A8124,5,,INR,NORTH,NEW DELHI,DEL00097,TRINITY TOUCH PVT. LTD.,Automotive-EV,Charger,,Automotive-EV,Charger,ARPIT SINGH,Palak,RENESAS,RENESAS,Uma,Manju PJ,R5F10Y16ASP#V0,Existing,21,0,1300,1300,1300,1300,1300,1300,1300,1300,1300,1300,1300,1300,27300,27300,27300,27300,27300,27300,27300,27300,27300,27300,27300,27300,15.6,327600,0.00371260199456029,,
A5960,5,,INR,NORTH,GUJARAT,GUJ00014,RADIANT  CONTROLS & AUTOMATION PVT. LTD.,Industrial,Automation,,Industrial,Automation,HARSH DOSHI,Poonam Kashyap,RENESAS,RENESAS,Uma,Manju PJ,R5F102AAASP#50,Existing,54,0.373,500,500,500,500,500,500,500,500,500,500,500,500,27000,27000,27000,27000,27000,27000,27000,27000,27000,27000,27000,27000,6,324000,0.00367180417044424,,
A4976,5,,INR,NORTH,JAIPUR,JPR00001,ENERTRAK INSTRUMENTS PRIVATE LTD,Industrial,Panel Meter,ENERTRAK INSTRUMENTS PRIVATE LTD,Industrial,Panel Meter,KULDEEP KUMAR,Neha Chauhan,SEIKO INSTRUMENTS,SEIKO INSTRUMENTS,Anita,Priyanka N,VT200F-12.5PF20PPM,Existing,5.28,0.05,5000,5000,5000,5000,5000,5000,5000,5000,5000,,5000,,26400,26400,26400,26400,26400,26400,26400,26400,26400,0,26400,0,50,264000,0.00299184043517679,,
A5483,5,,INR,NORTH,JAIPUR,DEL01933,ACCUMET SOLUTIONS,Energy Meter,Single Phase,,Energy Meter,Single Phase,KULDEEP KUMAR,Neha Chauhan,DIOTEC,DIOTEC,Adarsh,Prajwal,P6SMBJ51CA,Existing,3.5,2.14,7500,7500,7500,7500,7500,7500,7500,7500,10000,10000,10000,10000,26250,26250,26250,26250,26250,26250,26250,26250,35000,35000,35000,35000,100,350000,0.00396645512239347,,
A7280,5,,INR,NORTH,AHMEDABAD,AMD00206,SM ELECTRONICS,Industrial,Automation,,Industrial,Automation,HARSH DOSHI,Poonam Kashyap,RENESAS,RENESAS,Uma,Manju PJ,R5F102AAASP#10,Existing,52,0.373,500,500,500,500,500,500,500,500,500,500,500,500,26000,26000,26000,26000,26000,26000,26000,26000,26000,26000,26000,26000,6,312000,0.00353581142339075,,
A2023,5,,INR,NORTH,NEW DELHI,DEL01942,JNS INSTRUMENTS LIMITED,Automotive-EV,Cluster,,Automotive-EV,Cluster,ARPIT SINGH,Prakash,PANASONIC,PANASONIC,Vikram,Anbarasu,EZJP0V420WM,Existing,2.55,2.2521,10000,10000,10000,10000,10000,10000,10000,10000,10000,10000,10000,10000,25500,25500,25500,25500,25500,25500,25500,25500,25500,25500,25500,25500,120,306000,0.00346781504986401,,
A4642,5,,INR,NORTH,AHMEDABAD,AMD00074,ELEVACO SYSTEMS,Industrial,Panel Meter,,Industrial,Panel Meter,HARSH DOSHI,Poonam Kashyap,RENESAS,RENESAS,Uma,Manju PJ,R5F102A8ASP#10,Existing,49,0.327,,,500,,,500,,,500,,,500,0,0,24500,0,0,24500,0,0,24500,0,0,24500,2,98000,0.00111060743427017,,
A8556,5,,USD,NORTH,NEW DELHI,DEL01317,HMCMM AUTO LTD,Automotive,ECU,,Automotive,ECU,ARPIT SINGH,Palak,TDK,TDK,Karthik,Mangalagowri,CGA3E2C0G2A102JT0Y0N,Existing,0.008,0.00707,,50000,50000,50000,50000,50000,50000,50000,50000,,50000,50000,0,400,400,400,400,400,400,400,400,0,400,400,500,4000,0.004,,
A8583,5,,USD,NORTH,NEW DELHI,DEL01317,HMCMM AUTO LTD,Automotive,ECU,,Automotive,ECU,ARPIT SINGH,Palak,TDK,TDK,Karthik,Mangalagowri,CGA6P1X7R1E106KT0Y0N,Existing,0.07,0.0564,,,40000,40000,40000,40000,40000,40000,40000,40000,40000,40000,0,0,2800,2800,2800,2800,2800,2800,2800,2800,2800,2800,400,28000,0.028,,
,1,,INR,NORTH,NEW DELHI,DEL02023,ANEVOLVE PRIVATE LIMITED,Automotive-EV,Charger,ANEVOLVE PRIVATE LIMITED,Automotive-EV,Charger,SURAJ PANDEY,Poonam Kashyap,AISHI,AISHI,,,EWK1VM101E11-T,,1.53,,16000,16000,16000,16000,16000,16000,16000,16000,16000,16000,16000,16000,24480,24480,24480,24480,24480,24480,24480,24480,24480,24480,24480,24480,192,293760,0.00332910244786945,,
A8586,5,,USD,NORTH,NEW DELHI,DEL01317,HMCMM AUTO LTD,Automotive,ECU,,Automotive,ECU,ARPIT SINGH,Palak,TDK,TDK,Karthik,Mangalagowri,CGA6P1X7R1C226MTJY0N,Existing,0.1,0.0852,,,20000,20000,20000,20000,20000,20000,20000,20000,20000,20000,0,0,2000,2000,2000,2000,2000,2000,2000,2000,2000,2000,200,20000,0.02,,
A12129,5,,USD,NORTH,NEW DELHI,DEL01317,HMCMM AUTO LTD,Automotive,ECU,,Automotive,ECU,ARPIT SINGH,Palak,TDK,TDK,Karthik,Mangalagowri,CGA5L1X7R1V106M,Existing,0.108,0.0855,,,10000,10000,10000,10000,10000,10000,,10000,10000,10000,0,0,1080,1080,1080,1080,1080,1080,0,1080,1080,1080,90,9720,0.00972,,
A3228,5,,INR,NORTH,AHMEDABAD,AMD00079,EMTECH CONTROL,Industrial,Panel Meter,,Industrial,Panel Meter,HARSH DOSHI,Poonam Kashyap,RENESAS,RENESAS,Uma,Manju PJ,R5F102A8ASP#50,Existing,48,0.395,500,500,500,500,500,500,500,500,500,500,500,500,24000,24000,24000,24000,24000,24000,24000,24000,24000,24000,24000,24000,6,288000,0.00326382592928377,,
A6538,,,INR,NORTH,UTTAR PRADESH,DEL00043,FILM ELECTRONICS PVT LTD,Others,OEM,,Others,OEM,DHIRENDER PANDEY,Poonam Kashyap,DIOTEC,DIOTEC,Adarsh,Prajwal,S1M,Existing,0.8,0.55,30000,30000,30000,30000,30000,30000,30000,30000,30000,30000,30000,30000,24000,24000,24000,24000,24000,24000,24000,24000,24000,24000,24000,24000,360,288000,0.00326382592928377,,
A10049,5,,USD,NORTH,NEW DELHI,DEL01317,HMCMM AUTO LTD,Automotive,ECU,,Automotive,ECU,ARPIT SINGH,Palak,ROHM,ROHM,Vivek,Mangalagowri,RSS060P05HZGTB,Existing,0.242,0.22,10000,10000,10000,10000,,,,,,,,,2420,2420,2420,2420,0,0,0,0,0,0,0,0,40,9680,0.00968,,
A13378,5,,USD,NORTH,NEW DELHI,DEL01317,HMCMM AUTO LTD,Automotive,ECU,,Automotive,ECU,ARPIT SINGH,Palak,ROHM,ROHM,Vivek,Mangalagowri,RD3L220SNFRATL,Existing,0.22,0.2,10000,10000,10000,10000,,,,,,,,,2200,2200,2200,2200,0,0,0,0,0,0,0,0,40,8800,0.0088,,
A8484,5,,USD,NORTH,NEW DELHI,DEL01317,HMCMM AUTO LTD,Automotive,ECU,,Automotive,ECU,ARPIT SINGH,Palak,TAIWAN SEMI,TAIWAN SEMI,Gaurav,Prajwal,BZD27C15PWH,Existing,0.0299,0.0235,10000,,10000,10000,,10000,,,,,,,299,0,299,299,0,299,0,0,0,0,0,0,40,1196,0.001196,,
A10468,5,,USD,NORTH,NEW DELHI,DEL01317,HMCMM AUTO LTD,Automotive,ECU,,Automotive,ECU,ARPIT SINGH,Palak,ROHM,ROHM,Vivek,Mangalagowri,DTC123JE3HZGTL,Existing,0.014,0.012,10000,10000,10000,10000,,,,,,,,,140,140,140,140,0,0,0,0,0,0,0,0,40,560,0.00056,,
A13056,5,,USD,NORTH,NEW DELHI,DEL00049,HPL ELECTRIC & POWER GURGAON 132133,Industrial,Meter & Measurement,,Industrial,Meter & Measurement,KULDEEP KUMAR,Neha,QUECTEL,QUECTEL,Ram Mohan,Lavanya,EC800KCNLC-I03-SNNSA,Existing,1.96,1.88,200000,200000,200000,200000,200000,200000,200000,200000,200000,200000,200000,200000,392000,392000,392000,392000,392000,392000,392000,392000,392000,392000,392000,392000,2400,4704000,4.704,,
A8506,5,,USD,NORTH,NEW DELHI,DEL00049,HPL ELECTRIC & POWER GURGAON 132133,Industrial,Meter & Measurement,HPL ELECTRIC & POWER GURGAON 132133,Industrial,Meter & Measurement,KULDEEP KUMAR,Neha,RENESAS,RENESAS,Uma,Manju PJ,R5F10NPJDFB#15,Existing,1.094,1.017,300000,300000,300000,300000,300000,150000,150000,150000,150000,150000,150000,150000,328200,328200,328200,328200,328200,164100,164100,164100,164100,164100,164100,164100,2550,2789700,2.7897,,
A13228,5,,USD,NORTH,NEW DELHI,DEL00049,HPL ELECTRIC & POWER GURGAON 132133,Industrial,Meter & Measurement,,Industrial,Meter & Measurement,KULDEEP KUMAR,Neha,QUECTEL,QUECTEL,Ram Mohan,Lavanya,EC200NCNAD-N05-SNNSA,Existing,3.86,3.68,50000,50000,50000,50000,50000,50000,50000,50000,50000,50000,50000,50000,193000,193000,193000,193000,193000,193000,193000,193000,193000,193000,193000,193000,600,2316000,2.316,,
A11327,5,,USD,NORTH,NEW DELHI,DEL00049,HPL ELECTRIC & POWER GURGAON 132133,Industrial,Meter & Measurement,HPL ELECTRIC & POWER GURGAON 132133,Industrial,Meter & Measurement,KULDEEP KUMAR,Neha,RENESAS,RENESAS,Uma,Manju PJ,R5F10NMLDFB#10,Existing,1,0.93,50000,50000,50000,50000,50000,150000,150000,150000,150000,150000,150000,150000,50000,50000,50000,50000,50000,150000,150000,150000,150000,150000,150000,150000,1300,1300000,1.3,,
A8563,5,,USD,NORTH,NEW DELHI,DEL00049,HPL ELECTRIC & POWER GURGAON 132133,Industrial,Meter & Measurement,HPL ELECTRIC & POWER GURGAON 132133,Industrial,Meter & Measurement,KULDEEP KUMAR,Neha,RENESAS,RENESAS,Uma,Manju PJ,R5F11TLGDFB#15,Existing,0.734,0.7,100000,100000,100000,75000,75000,75000,75000,75000,75000,75000,75000,75000,73400,73400,73400,55050,55050,55050,55050,55050,55050,55050,55050,55050,975,715650,0.71565,,
,1,,USD,,NEW DELHI,,HPL ELECTRIC & POWER GURGAON 132133,Energy Meter,Smart Meter,,Energy Meter,Smart Meter,KULDEEP KUMAR,Neha,,NICHICON,,,UCY2W330KHDGZX,New,0.278,,200000,200000,200000,200000,200000,200000,200000,200000,200000,200000,200000,200000,55600,55600,55600,55600,55600,55600,55600,55600,55600,55600,55600,55600,2400,667200,0.6672,,
,1,,USD,,NEW DELHI,,HPL ELECTRIC & POWER GURGAON 132133,Energy Meter,Smart Meter,,Energy Meter,Smart Meter,KULDEEP KUMAR,Neha,,RENESAS,,,R5F10NPLDFB#10,New,1.094,,25000,25000,25000,25000,25000,50000,50000,50000,50000,50000,50000,50000,27350,27350,27350,27350,27350,54700,54700,54700,54700,54700,54700,54700,475,519650,0.51965,,
A12546,5,,USD,NORTH,NEW DELHI,DEL00049,HPL ELECTRIC & POWER GURGAON 132133,Industrial,Meter & Measurement,,Industrial,Meter & Measurement,KULDEEP KUMAR,Neha,EVE,EVE,Manju N,Kiran Bhamshetty,ER14250/3PF,Existing,0.395,0.367,100000,100000,100000,100000,100000,100000,100000,200000,100000,100000,100000,100000,39500,39500,39500,39500,39500,39500,39500,79000,39500,39500,39500,39500,1300,513500,0.5135,,
,1,,USD,,NEW DELHI,,HPL ELECTRIC & POWER GURGAON 132133,Energy Meter,Smart Meter,,Energy Meter,Smart Meter,KULDEEP KUMAR,Neha,,NICHICON,,,UCY2G330KHDDZX,New,0.202,,200000,200000,200000,200000,200000,200000,200000,200000,200000,200000,200000,200000,40400,40400,40400,40400,40400,40400,40400,40400,40400,40400,40400,40400,2400,484800,0.4848,,
,1,,USD,,NEW DELHI,,HPL ELECTRIC & POWER GURGAON 132133,Energy Meter,Smart Meter,,Energy Meter,Smart Meter,KULDEEP KUMAR,Neha,,NICHICON,,,UCY2G470MHD6,New,0.18,,150000,150000,150000,200000,200000,200000,200000,200000,200000,200000,200000,200000,27000,27000,27000,36000,36000,36000,36000,36000,36000,36000,36000,36000,2250,405000,0.405,,
A11057,5,,USD,NORTH,NEW DELHI,DEL00049,HPL ELECTRIC & POWER GURGAON 132133,Industrial,Meter & Measurement,,Industrial,Meter & Measurement,KULDEEP KUMAR,Neha,ATTEND,ATTEND,Mahesha,Lavanya,115Q-BCA0,Existing,0.218,0.18,200000,200000,200000,200000,200000,200000,100000,100000,100000,100000,100000,100000,43600,43600,43600,43600,43600,43600,21800,21800,21800,21800,21800,21800,1800,392400,0.3924,,
,1,,USD,,NEW DELHI,,HPL ELECTRIC & POWER GURGAON 132133,Energy Meter,Smart Meter,,Energy Meter,Smart Meter,KULDEEP KUMAR,Neha,,EVE,,,ER14335 (F0012J-LF,New,1.16,,,,,25000,25000,25000,25000,25000,25000,25000,25000,25000,0,0,0,29000,29000,29000,29000,29000,29000,29000,29000,29000,225,261000,0.261,,
A8948,5,,USD,NORTH,NEW DELHI,DEL00049,HPL ELECTRIC & POWER GURGAON 132133,Industrial,Meter & Measurement,,Industrial,Meter & Measurement,KULDEEP KUMAR,Neha,NICHICON,NICHICON,Abhinandan,Shraddha,UPA1E471KPDAZX,Existing,0.0667,0.061,300000,300000,300000,300000,300000,300000,300000,300000,300000,300000,300000,300000,20010,20010,20010,20010,20010,20010,20010,20010,20010,20010,20010,20010,3600,240120,0.24012,,
A8953,5,,USD,NORTH,NEW DELHI,DEL00049,HPL ELECTRIC & POWER GURGAON 132133,Industrial,Meter & Measurement,,Industrial,Meter & Measurement,KULDEEP KUMAR,Neha,NICHICON,NICHICON,Abhinandan,Shraddha,UPW1H471MHD,Existing,0.12,0.108,150000,150000,150000,150000,150000,150000,150000,150000,150000,150000,150000,150000,18000,18000,18000,18000,18000,18000,18000,18000,18000,18000,18000,18000,1800,216000,0.216,,
A9722,5,,USD,NORTH,NEW DELHI,DEL00049,HPL ELECTRIC & POWER GURGAON 132133,Industrial,Meter & Measurement,,Industrial,Meter & Measurement,KULDEEP KUMAR,Neha,MACRONIX,MACRONIX,Pavan,Manju PJ,MX25V4035FM1I,Existing,0.177,0.15,100000,100000,100000,100000,100000,100000,100000,100000,100000,100000,100000,100000,17700,17700,17700,17700,17700,17700,17700,17700,17700,17700,17700,17700,1200,212400,0.2124,,
A2116,5,,DIRECT,NORTH,NEW DELHI,DEL00049,HPL ELECTRIC & POWER GURGAON 132133,Energy Meter,Smart Meter,,Energy Meter,Smart Meter,KULDEEP KUMAR,Neha,EVE,EVE,Manju N,Kiran Bhamshetty,CR2032CKP,Existing,0.084,0.0798,200000,200000,200000,200000,200000,200000,200000,200000,200000,200000,200000,200000,16800,16800,16800,16800,16800,16800,16800,16800,16800,16800,16800,16800,2400,201600,0.2016,,
A8528,5,,USD,NORTH,NEW DELHI,DEL00049,HPL ELECTRIC & POWER GURGAON 132133,Industrial,Meter & Measurement,,Industrial,Meter & Measurement,KULDEEP KUMAR,Neha,NICHICON,NICHICON,Abhinandan,Shraddha,UPW1H471KHDCZX,Existing,0.105,0.094,150000,150000,150000,150000,150000,150000,150000,150000,150000,150000,150000,150000,15750,15750,15750,15750,15750,15750,15750,15750,15750,15750,15750,15750,1800,189000,0.189,,
A8445,5,,USD,NORTH,NEW DELHI,DEL00049,HPL ELECTRIC & POWER GURGAON 132133,Industrial,Meter & Measurement,,Industrial,Meter & Measurement,KULDEEP KUMAR,Neha,NICHICON,NICHICON,Abhinandan,Shraddha,UPT2G330MHDBZX,Existing,0.15,0.135,100000,100000,100000,100000,100000,100000,100000,100000,100000,100000,100000,100000,15000,15000,15000,15000,15000,15000,15000,15000,15000,15000,15000,15000,1200,180000,0.18,,
A8569,5,,USD,NORTH,NEW DELHI,DEL00049,HPL ELECTRIC & POWER GURGAON 132133,Industrial,Meter & Measurement,,Industrial,Meter & Measurement,KULDEEP KUMAR,Neha,TDK,TDK,Karthik,Mangalagowri,SPM6530T-1R0M120,Existing,0.07,0.06,200000,200000,200000,200000,200000,200000,200000,200000,200000,200000,200000,200000,14000,14000,14000,14000,14000,14000,14000,14000,14000,14000,14000,14000,2400,168000,0.168,,
A1979,5,,INR,NORTH,GUJARAT,GUJ00014,RADIANT  CONTROLS & AUTOMATION PVT. LTD.,Industrial,Automation,,Industrial,Automation,HARSH DOSHI,Poonam Kashyap,RENESAS,RENESAS,Uma,Manju PJ,R5F102A8ASP#50,Existing,48,0.395,500,500,500,500,500,500,500,500,500,500,500,500,24000,24000,24000,24000,24000,24000,24000,24000,24000,24000,24000,24000,6,288000,0.00326382592928377,,
A9518,5,,USD,NORTH,NEW DELHI,DEL00049,HPL ELECTRIC & POWER GURGAON 132133,Industrial,Meter & Measurement,HPL ELECTRIC & POWER GURGAON 132133,Industrial,Meter & Measurement,KULDEEP KUMAR,Neha,Dialog -RENESAS,Dialog -RENESAS,Uma,Manju PJ,AT25SF041B-SSHD-T,Existing,0.11,0.106,120000,120000,120000,120000,120000,120000,120000,120000,120000,120000,120000,120000,13200,13200,13200,13200,13200,13200,13200,13200,13200,13200,13200,13200,1440,158400,0.1584,,
A12565,5,,USD,NORTH,NEW DELHI,DEL00049,HPL ELECTRIC & POWER GURGAON 132133,Industrial,Meter & Measurement,,Industrial,Meter & Measurement,KULDEEP KUMAR,Neha,NICHICON,NICHICON,Abhinandan,Shraddha,UVZ1C222KHDAZX,Existing,0.12,0.117,100000,100000,100000,100000,100000,100000,100000,100000,100000,100000,100000,100000,12000,12000,12000,12000,12000,12000,12000,12000,12000,12000,12000,12000,1200,144000,0.144,,
A11761,5,,USD,NORTH,NEW DELHI,DEL00049,HPL ELECTRIC & POWER GURGAON 132133,Industrial,Meter & Measurement,HPL ELECTRIC & POWER GURGAON 132133,Industrial,Meter & Measurement,KULDEEP KUMAR,Neha,TIANMA,TIANMA,Nagendra,Bhavya,TJMS5930#01,New,0.22,0.19,50000,50000,50000,50000,50000,50000,50000,50000,50000,50000,50000,50000,11000,11000,11000,11000,11000,11000,11000,11000,11000,11000,11000,11000,600,132000,0.132,,
A8534,5,,USD,NORTH,NEW DELHI,DEL00049,HPL ELECTRIC & POWER GURGAON 132133,Industrial,Meter & Measurement,,Industrial,Meter & Measurement,KULDEEP KUMAR,Neha,NICHICON,NICHICON,Abhinandan,Shraddha,UCD1E100MCL1GS,Existing,0.021,0.0192,500000,500000,500000,500000,500000,500000,500000,500000,500000,500000,500000,500000,10500,10500,10500,10500,10500,10500,10500,10500,10500,10500,10500,10500,6000,126000,0.126,,
A9221,5,,USD,NORTH,NEW DELHI,DEL00049,HPL ELECTRIC & POWER GURGAON 132133,Industrial,Meter & Measurement,,Industrial,Meter & Measurement,KULDEEP KUMAR,Neha,NICHICON,NICHICON,Abhinandan,Shraddha,UCD1E101MCL1GS,Existing,0.029,0.0266,300000,300000,300000,300000,300000,300000,300000,300000,300000,300000,300000,300000,8700,8700,8700,8700,8700,8700,8700,8700,8700,8700,8700,8700,3600,104400,0.1044,,
,1,,USD,,NEW DELHI,,HPL ELECTRIC & POWER GURGAON 132133,Energy Meter,Smart Meter,,Energy Meter,Smart Meter,KULDEEP KUMAR,Neha,,NICHICON,,,UCD1C221MCL1GS,New,0.0367,,200000,200000,200000,200000,200000,200000,200000,200000,200000,200000,200000,200000,7340,7340,7340,7340,7340,7340,7340,7340,7340,7340,7340,7340,2400,88080,0.08808,,
A9643,5,,USD,NORTH,NEW DELHI,DEL00049,HPL ELECTRIC & POWER GURGAON 132133,Industrial,Meter & Measurement,HPL ELECTRIC & POWER GURGAON 132133,Industrial,Meter & Measurement,KULDEEP KUMAR,Neha,RENESAS,RENESAS,Uma,Manju PJ,R5F11TLEDFB#15,Existing,0.699,0.66,10000,10000,10000,10000,10000,10000,10000,10000,10000,10000,10000,10000,6990,6990,6990,6990,6990,6990,6990,6990,6990,6990,6990,6990,120,83880,0.08388,,
,1,,USD,,NEW DELHI,,HPL ELECTRIC & POWER GURGAON 132133,Energy Meter,Smart Meter,,Energy Meter,Smart Meter,KULDEEP KUMAR,Neha,,QUECTEL,,,Y4BYL0MA0AA,New,0.151,,25000,25000,25000,50000,50000,50000,50000,50000,50000,50000,50000,50000,3775,3775,3775,7550,7550,7550,7550,7550,7550,7550,7550,7550,525,79275,0.079275,,
A11558,5,,USD,NORTH,NEW DELHI,DEL00049,HPL ELECTRIC & POWER GURGAON 132133,Industrial,Meter & Measurement,,Industrial,Meter & Measurement,KULDEEP KUMAR,Neha,TDK,TDK,Karthik,Mangalagowri,CS45SL2GA330J-NKA,Existing,0.055,0.045,60000,60000,60000,60000,60000,60000,60000,60000,60000,60000,60000,60000,3300,3300,3300,3300,3300,3300,3300,3300,3300,3300,3300,3300,720,39600,0.0396,,
,1,,USD,,NEW DELHI,,HPL ELECTRIC & POWER GURGAON 132133,Energy Meter,Smart Meter,,Energy Meter,Smart Meter,KULDEEP KUMAR,Neha,,FIRSTOHM,,,SM204F270KTKRTR3K0,New,0.0064,,500000,500000,500000,500000,500000,500000,500000,500000,500000,500000,500000,500000,3200,3200,3200,3200,3200,3200,3200,3200,3200,3200,3200,3200,6000,38400,0.0384,,
,5,,USD,NORTH,NEW DELHI,,HPL ELECTRIC & POWER GURGAON 132133,,,,,,KULDEEP KUMAR,,,EVE,Manju N,,ER26500 +SPC0920A,New,3.58,3.43,,,,,,,5000,,,5000,,,0,0,0,0,0,0,17900,0,0,17900,0,0,10,35800,0.0358,,
A11267,5,,USD,NORTH,NEW DELHI,DEL00049,HPL ELECTRIC & POWER GURGAON 132133,Industrial,Meter & Measurement,,Industrial,Meter & Measurement,KULDEEP KUMAR,Neha,TDK,TDK,Karthik,Mangalagowri,CD45-E2GA472M-NKA,Existing,0.052,0.045,50000,50000,50000,50000,50000,50000,50000,50000,50000,50000,50000,50000,2600,2600,2600,2600,2600,2600,2600,2600,2600,2600,2600,2600,600,31200,0.0312,,
,1,,USD,,NEW DELHI,,HPL ELECTRIC & POWER GURGAON 132133,Energy Meter,Smart Meter,,Energy Meter,Smart Meter,KULDEEP KUMAR,Neha,,NICHICON,,,UVZ1E102KPDDZX,New,0.089,,25000,25000,25000,25000,25000,25000,25000,25000,25000,25000,25000,25000,2225,2225,2225,2225,2225,2225,2225,2225,2225,2225,2225,2225,300,26700,0.0267,,
A8814,5,,USD,NORTH,NEW DELHI,DEL00049,HPL ELECTRIC & POWER GURGAON 132133,Industrial,Meter & Measurement,,Industrial,Meter & Measurement,KULDEEP KUMAR,Neha,TDK,TDK,Karthik,Mangalagowri,CS65-B2GA101KYNKA,Existing,0.024,0.021,150000,,150000,,150000,,150000,,150000,,150000,150000,3600,0,3600,0,3600,0,3600,0,3600,0,3600,3600,1050,25200,0.0252,,
A9700,5,,USD,NORTH,NEW DELHI,DEL00049,HPL ELECTRIC & POWER GURGAON 132133,Industrial,Meter & Measurement,,Industrial,Meter & Measurement,KULDEEP KUMAR,Neha,TDK,TDK,Karthik,Mangalagowri,CD45-E2GA222M-NKA,Existing,0.035,0.028,50000,50000,50000,50000,50000,50000,50000,50000,50000,50000,50000,50000,1750,1750,1750,1750,1750,1750,1750,1750,1750,1750,1750,1750,600,21000,0.021,,
,1,,USD,,NEW DELHI,,HPL ELECTRIC & POWER GURGAON 132133,Energy Meter,Smart Meter,,Energy Meter,Smart Meter,KULDEEP KUMAR,Neha,,RENESAS,,,R5F10MMGDFB#10,New,0.926995471698113,,1000,1000,1000,1000,1000,1000,1000,1000,1000,1000,1000,1000,926.995471698113,926.995471698113,926.995471698113,926.995471698113,926.995471698113,926.995471698113,926.995471698113,926.995471698113,926.995471698113,926.995471698113,926.995471698113,926.995471698113,12,11123.9456603774,0.0111239456603774,,
A11383,5,,USD,NORTH,NEW DELHI,DEL00049,HPL ELECTRIC & POWER GURGAON 132133,Industrial,Meter & Measurement,,Industrial,Meter & Measurement,KULDEEP KUMAR,Neha,TAIWAN SEMI,TAIWAN SEMI,Gaurav,Prajwal,PU2DBH,Existing,0.0452,0.0393,20000,20000,20000,20000,20000,20000,20000,20000,20000,20000,20000,20000,904,904,904,904,904,904,904,904,904,904,904,904,240,10848,0.010848,,
A11632,,,USD,NORTH,NEW DELHI,DEL00049,HPL ELECTRIC & POWER GURGAON 132133,Industrial,Meter & Measurement,,Industrial,Meter & Measurement,KULDEEP KUMAR,Neha,NICHICON,NICHICON,Abhinandan,Shraddha,UHW1C222MHD,Existing,0.088,0.08,0,0,0,100000,0,0,0,0,0,0,0,0,0,0,0,8800,0,0,0,0,0,0,0,0,100,8800,0.0088,,
,1,,USD,,NEW DELHI,,HPL ELECTRIC & POWER GURGAON 132133,Energy Meter,Smart Meter,,Energy Meter,Smart Meter,KULDEEP KUMAR,Neha,,FIRSTOHM,,,SM204F1K20TKRTR3K0,New,0.0064,,100000,100000,100000,100000,100000,100000,100000,100000,100000,100000,100000,100000,640,640,640,640,640,640,640,640,640,640,640,640,1200,7680,0.00768,,
A9027,5,,USD,NORTH,NEW DELHI,DEL00049,HPL ELECTRIC & POWER GURGAON 132133,Industrial,Meter & Measurement,,Industrial,Meter & Measurement,KULDEEP KUMAR,Neha,TDK,TDK,Karthik,Mangalagowri,NTCG163JF103FT1A,Existing,0.0295,0.0249,15000,15000,15000,15000,15000,15000,15000,15000,15000,15000,15000,15000,442.5,442.5,442.5,442.5,442.5,442.5,442.5,442.5,442.5,442.5,442.5,442.5,180,5310,0.00531,,
,1,,USD,,NEW DELHI,,HPL ELECTRIC & POWER GURGAON 132133,Energy Meter,Smart Meter,,Energy Meter,Smart Meter,KULDEEP KUMAR,Neha,,FIRSTOHM,,,SM204F10R0TKRTR3K0,New,0.0064,,200000,,,200000,,,200000,,,200000,,,1280,0,0,1280,0,0,1280,0,0,1280,0,0,800,5120,0.00512,,
,1,,USD,,NEW DELHI,,HPL ELECTRIC & POWER GURGAON 132133,Energy Meter,Smart Meter,,Energy Meter,Smart Meter,KULDEEP KUMAR,Neha,,FIRSTOHM,,,MMP52C1M00TKQTR2K0,New,0.05,,20000,,,20000,,,20000,,,20000,,,1000,0,0,1000,0,0,1000,0,0,1000,0,0,80,4000,0.004,,
,1,,USD,,NEW DELHI,,HPL ELECTRIC & POWER GURGAON 132133,Energy Meter,Smart Meter,,Energy Meter,Smart Meter,KULDEEP KUMAR,Neha,,FIRSTOHM,,,MMP52C5K60TKQTR2K0,New,0.0483,,20000,,,20000,,,20000,,,20000,,,966,0,0,966,0,0,966,0,0,966,0,0,80,3864,0.003864,,
A5404,,,INR,NORTH,NEW DELHI,DEL01397,SGS TEKNIKS MANUFACTURING HRY A3,Consumer,White Goods,,Consumer,White Goods,KULDEEP KUMAR,Abha,DIOTEC,DIOTEC,Adarsh,Prajwal,LL4148 - Diotec,Existing,0.48,0.35,,,50000,,,50000,,,50000,,,,0,0,24000,0,0,24000,0,0,24000,0,0,0,150,72000,0.000815956482320943,,
A5174,5,,INR,NORTH,AHMEDABAD,AMD00206,SM ELECTRONICS,Industrial,Automation,,Industrial,Automation,HARSH DOSHI,Poonam Kashyap,RENESAS,RENESAS,Uma,Manju PJ,R5F102A8ASP#50,Existing,48,0.363,500,500,500,500,500,500,500,500,500,500,500,500,24000,24000,24000,24000,24000,24000,24000,24000,24000,24000,24000,24000,6,288000,0.00326382592928377,,
,1,,INR,NORTH,AHMEDABAD,AMD00013,MULTISPAN CONTROL INSTRUMENTS PVT. LTD.,Industrial,Panel Meter,,Industrial,Panel Meter,HARSH DOSHI,,,DIOTEC,,,MMBTRC118SS,New,0.95,,50000,,25000,25000,25000,,25000,,25000,,25000,25000,47500,0,23750,23750,23750,0,23750,0,23750,0,23750,23750,225,213750,0.0024223708068903,,
A3365,,,INR,NORTH,NEW DELHI,DEL01833,MAS TECHNOLOGY,Others,EMS,,Others,EMS,SURAJ PANDEY,Neha Chauhan,DIOTEC,DIOTEC,Adarsh,Prajwal,S1M,Existing,0.76,0.65,,,30000,,,,30000,,,30000,,,0,0,22800,0,0,0,22800,0,0,22800,0,0,90,68400,0.000775158658204896,,
A4786,5,,INR,NORTH,GUJARAT,GUJ00317,AAVOLATE TECHNOLOGIES PRIVATE LIMITED,Industrial,Panel Meter,,Industrial,Panel Meter,HARSH DOSHI,Poonam Kashyap,RENESAS,RENESAS,Uma,Manju PJ,R5F102A8ASP#50,Existing,45,0.363,500,500,500,500,500,500,500,500,500,500,500,500,22500,22500,22500,22500,22500,22500,22500,22500,22500,22500,22500,22500,6,270000,0.00305983680870354,,
A10620,5,,USD,NORTH,NEW DELHI,DEL00049,HPL ELECTRIC & POWER GURGAON 132133,Industrial,Meter & Measurement,,Industrial,Meter & Measurement,KULDEEP KUMAR,Neha,VISHAY,VISHAY,Mahesha,Tanuja,CRCW0201100KJNED,Existing,0.00095,0.00064,200000,200000,200000,200000,200000,200000,200000,200000,200000,200000,200000,200000,190,190,190,190,190,190,190,190,190,190,190,190,2400,2280,0.00228,,
A9333,,,USD,NORTH,NEW DELHI,DEL00049,HPL ELECTRIC & POWER GURGAON 132133,Industrial,Meter & Measurement,,Industrial,Meter & Measurement,KULDEEP KUMAR,Neha,YAGEO,YAGEO,Abhinandan,Navya,CC0603KRX7R9BB103,Existing,0.0014,0.00146,0,0,0,0,0,0,0,0,80000,0,0,0,0,0,0,0,0,0,0,0,112,0,0,0,80,112,0.000112,,
A8902,5,,USD,NORTH,NEW DELHI,DEL02252,IKIO SOLUTIONS PRIVATE LIMITED,Industrial,Security & Surveillance,,Industrial,Security & Surveillance,KULDEEP KUMAR,Poonam Kashyap,VISHAY,VISHAY,Mahesha,Tanuja,TNPU0402100KAZEI00,Existing,0.352,0.3,,,25000,,,,,,,,,,0,0,8800,0,0,0,0,0,0,0,0,0,25,8800,0.0088,,
A10214,5,,USD,NORTH,NEW DELHI,DEL02252,IKIO SOLUTIONS PRIVATE LIMITED,Industrial,Security & Surveillance,Wheels Eye ,Industrial,Security & Surveillance,KULDEEP KUMAR,Poonam Kashyap,ECS,ECS,Anita,Masila,ECS-320-8-37CKM,Existing,0.16,0.12,0,0,25000,0,0,0,0,0,0,0,0,0,0,0,4000,0,0,0,0,0,0,0,0,0,25,4000,0.004,,
A10397,5,,USD,NORTH,NEW DELHI,DEL02252,IKIO SOLUTIONS PRIVATE LIMITED,Industrial,Security & Surveillance,Wheels Eye ,Industrial,Security & Surveillance,KULDEEP KUMAR,Poonam Kashyap,MURATA,MURATA,Anita,Shraddha,NFM21PC104R1E3D,Existing,0.03,0.02568,0,,25000,,,,,,0,0,0,0,0,0,750,0,0,0,0,0,0,0,0,0,25,750,0.00075,,
A11018,5,,USD,NORTH,NEW DELHI,DEL02252,IKIO SOLUTIONS PRIVATE LIMITED,Industrial,Security & Surveillance,Wheels Eye ,Industrial,Security & Surveillance,KULDEEP KUMAR,Poonam Kashyap,MURATA,MURATA,Anita,Shraddha,LQM18DN100M70L,Existing,0.0243,0.02115,,,25000,,,,,,0,0,0,0,0,0,607.5,0,0,0,0,0,0,0,0,0,25,607.5,0.0006075,,
A11479,5,,USD,NORTH,NEW DELHI,DEL02252,IKIO SOLUTIONS PRIVATE LIMITED,Industrial,Security & Surveillance,Wheels Eye ,Industrial,Security & Surveillance,KULDEEP KUMAR,Poonam Kashyap,MURATA,MURATA,Anita,Shraddha,GRM1555CYA103GE01D,Existing,0.02,0.01737,0,,25000,,,,,,0,0,0,0,0,0,500,0,0,0,0,0,0,0,0,0,25,500,0.0005,,
A12028,5,,USD,NORTH,NEW DELHI,DEL02252,IKIO SOLUTIONS PRIVATE LIMITED,Industrial,Security & Surveillance,HONEYWELL,Industrial,Security & Surveillance,KULDEEP KUMAR,Poonam Kashyap,MURATA,MURATA,Anita,Shraddha,GCM1555C1HR80WA16D,Existing,0.0078,0.0068,0,,25000,,,,,,0,0,0,0,0,0,195,0,0,0,0,0,0,0,0,0,25,195,0.000195,,
A9148,5,,USD,NORTH,NEW DELHI,DEL00051,IL JIN ELECTRONICS INDIA PVT LTD,Consumer,White Goods,ITRIANGLE ,Consumer,White Goods,ARPIT SINGH,Poonam Kashyap,MURATA,MURATA,Anita,Shraddha,DLW32SH101XF2L,Existing,0.3044,0.2647,6000,6000,6000,6000,6000,6000,6000,6000,6000,6000,6000,6000,1826.4,1826.4,1826.4,1826.4,1826.4,1826.4,1826.4,1826.4,1826.4,1826.4,1826.4,1826.4,72,21916.8,0.0219168,,
,1,,USD,,NEW DELHI,DEL00051,IL JIN ELECTRONICS INDIA PVT LTD,,,,,,ARPIT SINGH,Poonam Kashyap,Union Semi,Union Semi,,,UM3232EEUE,New,0.179,,6000,,6000,,6000,,6000,,6000,,6000,,1074,0,1074,0,1074,0,1074,0,1074,0,1074,0,36,6444,0.006444,,
A9053,5,,USD,NORTH,NEW DELHI,DEL00051,IL JIN ELECTRONICS INDIA PVT LTD,Consumer,White Goods,ITRIANGLE INFOTECH PVT LTD,Automotive,Automotive Safety,ARPIT SINGH,Poonam Kashyap,RENESAS,RENESAS,Uma,Manju PJ,R7FA6M1AD3CFM#AA0,Existing,1.29,1.152,3000,,3000,,3000,,3000,,3000,,3000,,3870,0,3870,0,3870,0,3870,0,3870,0,3870,0,18,23220,0.02322,,
A7168,5,,INR,NORTH,AHMEDABAD,AMD00013,MULTISPAN CONTROL INSTRUMENTS PVT. LTD.,Industrial,Panel Meter,,Industrial,Panel Meter,HARSH DOSHI,Poonam Kashyap,DIOTEC,DIOTEC,Adarsh,Prajwal,1N4007,Existing,0.75,0.65,,30000,30000,30000,30000,30000,30000,30000,30000,30000,30000,30000,0,22500,22500,22500,22500,22500,22500,22500,22500,22500,22500,22500,330,247500,0.00280485040797824,,
,1,,USD,NORTH,NEW DELHI,DEL00052,INDICATION INSTRUMENTS LTD,,,,Automotive-EV,Cluster,MAHESH KUMAR MITTAL,Palak,,NICHICON,,,BC817-16RFG ,Existing,0.07,,650000,650000,650000,650000,650000,650000,650000,650000,650000,650000,650000,650000,45500,45500,45500,45500,45500,45500,45500,45500,45500,45500,45500,45500,7800,546000,0.546,,
,1,,USD,NORTH,NEW DELHI,DEL00052,INDICATION INSTRUMENTS LTD,,,,Automotive-EV,Cluster,MAHESH KUMAR MITTAL,Palak,,DIOTEC,,,UMK316AC7475KLHTE,Existing,0.047,,190000,190000,190000,190000,190000,190000,190000,190000,190000,190000,190000,190000,8930,8930,8930,8930,8930,8930,8930,8930,8930,8930,8930,8930,2280,107160,0.10716,,
,1,,INR,NORTH,NEW DELHI,DEL01824,EXICOM TELE-SYSTEMS LIMITED,,,,,,MAHESH KUMAR MITTAL,Poonam Kashyap,,DIOTEC,,,MMFTN2362-Q,Existing,2.42,,,,9000,,9000,,,9000,,,9000,,0,0,21780,0,21780,0,0,21780,0,0,21780,0,36,87120,0.000987307343608341,,
A8595,5,,USD,NORTH,NEW DELHI,DEL00052,INDICATION INSTRUMENTS LTD,Automotive,Others-Automotive,,Automotive,Others-Automotive,MAHESH KUMAR MITTAL,Prakash,TDK,TDK,Karthik,Mangalagowri,CGA3E3C0G2E101JT0Y0N,Existing,0.0075,0.00631,72000,72000,72000,72000,72000,72000,72000,72000,72000,72000,72000,72000,540,540,540,540,540,540,540,540,540,540,540,540,864,6480,0.00648,,
A2455,5,,INR,NORTH,JAIPUR,DEL01933,ACCUMET SOLUTIONS,Energy Meter,Single Phase,,Energy Meter,Single Phase,KULDEEP KUMAR,Neha Chauhan,DIOTEC,DIOTEC,Adarsh,Prajwal,P4SMAJ15CA,Existing,2.89,2.45,7500,7500,7500,7500,7500,7500,7500,7500,10000,10000,10000,10000,21675,21675,21675,21675,21675,21675,21675,21675,28900,28900,28900,28900,100,289000,0.0032751586582049,,
A8798,5,,USD,NORTH,NEW DELHI,DEL00052,INDICATION INSTRUMENTS LTD,Automotive,Others-Automotive,INDICATION INSTRUMENTS LTD,Automotive,Others-Automotive,MAHESH KUMAR MITTAL,Prakash,MURATA,MURATA,Anita,Shraddha,GRT31CR61H106ME01L,Existing,0.047,0.03882,40000,40000,40000,40000,40000,40000,40000,40000,40000,40000,40000,40000,1880,1880,1880,1880,1880,1880,1880,1880,1880,1880,1880,1880,480,22560,0.02256,,
A8049,5,,INR,NORTH,NEW DELHI,DEL00859,PROBUS SMART THINGS PRIVATE LIMITED,Energy Meter,Single Phase,,Energy Meter,Single Phase,KULDEEP KUMAR,Neha Chauhan,DIOTEC,DIOTEC,Adarsh,,M7  T/R,Existing,0.43,0.39,50000,50000,50000,50000,50000,50000,50000,50000,50000,50000,50000,50000,21500,21500,21500,21500,21500,21500,21500,21500,21500,21500,21500,21500,600,258000,0.00292384406165005,,
A13735,5,,USD,NORTH,NEW DELHI,DEL00052,INDICATION INSTRUMENTS LTD,Automotive,Others-Automotive,,,,MAHESH KUMAR MITTAL,Prakash,NICHICON,NICHICON,Abhinandan,Shraddha,UCD1K470MNL1GS,New,0.0827,0.08,35000,35000,35000,35000,35000,35000,35000,35000,35000,35000,35000,35000,2894.5,2894.5,2894.5,2894.5,2894.5,2894.5,2894.5,2894.5,2894.5,2894.5,2894.5,2894.5,420,34734,0.034734,,
A2893,5,,INR,NORTH,NEW DELHI,COIM00307,FIEM INDUSTRIES LTD,Automotive,Lighting,,Automotive,Lighting,KULDEEP KUMAR,Palak,DEKI,DEKI,Vikram,Prajwal,02 105 K 2A 1B,Existing,5.2,4.2,4000,,4000,4000,,4000,,4000,,,,,20800,0,20800,20800,0,20800,0,20800,0,0,0,0,20,104000,0.00117860380779692,,
A1860,5,,INR,NORTH,AHMEDABAD,AMD00063,DEEP MARKETING,Industrial,Panel Meter,,Industrial,Panel Meter,HARSH DOSHI,Poonam Kashyap,RENESAS,RENESAS,Uma,Manju PJ,R5F10268ASP#55,Existing,41.08,0.312,500,,500,,500,,500,,,500,,500,20540,0,20540,0,20540,0,20540,0,0,20540,0,20540,3,123240,0.00139664551223935,,
A8856,5,,USD,NORTH,NEW DELHI,DEL00052,INDICATION INSTRUMENTS LTD,Automotive,Others-Automotive,,Automotive,Others-Automotive,MAHESH KUMAR MITTAL,Prakash,NICHICON,NICHICON,Abhinandan,Shraddha,UCD1J680MNL1GS,Existing,0.093,0.0801,30000,30000,30000,30000,30000,30000,30000,30000,30000,30000,30000,30000,2790,2790,2790,2790,2790,2790,2790,2790,2790,2790,2790,2790,360,33480,0.03348,,
A8754,5,,USD,NORTH,NEW DELHI,DEL00052,INDICATION INSTRUMENTS LTD,Automotive,Others-Automotive,,Automotive,Others-Automotive,MAHESH KUMAR MITTAL,Prakash,NICHICON,NICHICON,Abhinandan,Shraddha,UCD1C221MCL1GS,Existing,0.063,0.0553,30000,30000,30000,30000,30000,30000,30000,30000,30000,30000,30000,30000,1890,1890,1890,1890,1890,1890,1890,1890,1890,1890,1890,1890,360,22680,0.02268,,
,5,,INR,NORTH,AHMEDABAD,,A D MACHELAN,Industrial,,,,,HARSH DOSHI,,NICHICON,NICHICON,,,UVY1J101MPD,,4.1,,5000,5000,5000,5000,,5000,5000,5000,5000,,5000,5000,20500,20500,20500,20500,0,20500,20500,20500,20500,0,20500,20500,50,205000,0.00232320942883046,,
,1,,USD,NORTH,NEW DELHI,DEL00052,INDICATION INSTRUMENTS LTD,,,,Automotive-EV,Cluster,MAHESH KUMAR MITTAL,Palak,,NICHICON,,,CNA6P1X7R2A106K,Existing,0.345,,,,,30000,30000,30000,30000,30000,30000,30000,30000,30000,0,0,0,10350,10350,10350,10350,10350,10350,10350,10350,10350,270,93150,0.09315,,
,1,,USD,NORTH,NEW DELHI,DEL00052,INDICATION INSTRUMENTS LTD,,,,Automotive-EV,Cluster,MAHESH KUMAR MITTAL,Palak,,NICHICON,,,CGA5L1X7R2A475K160AC,Existing,0.207,,,,,30000,30000,30000,30000,30000,30000,30000,30000,30000,0,0,0,6210,6210,6210,6210,6210,6210,6210,6210,6210,270,55890,0.05589,,
,1,,USD,NORTH,NEW DELHI,DEL00052,INDICATION INSTRUMENTS LTD,,,,Automotive-EV,Cluster,MAHESH KUMAR MITTAL,Palak,,DIOTEC,,,ZM4733A LOG,Existing,0.0336,,30000,30000,30000,30000,,15000,15000,15000,15000,,30000,30000,1008,1008,1008,1008,0,504,504,504,504,0,1008,1008,240,8064,0.008064,,
A4559,5,,INR,NORTH,NEW DELHI,DEL01824,EXICOM TELE-SYSTEMS LIMITED,Telecom,Base Station,,Telecom,Base Station,MAHESH KUMAR MITTAL,Vinny,DIOTEC,DIOTEC,Adarsh,Prajwal,P4SMAJ12CA,Existing,2.7,2.37,7500,,7500,7500,7500,7500,7500,7500,7500,7500,7500,7500,20250,0,20250,20250,20250,20250,20250,20250,20250,20250,20250,20250,82.5,222750,0.00252436536718042,,
,1,,INR,NORTH,GUJARAT,GUJ00565,POLYCAB INDIA LTD,Energy Meter,Single Phase,,Energy Meter,Single Phase,HARSH DOSHI,,,EVE,,,CR2032AKW,New,10,,,,2000,,2000,,2000,,2000,,2000,,0,0,20000,0,20000,0,20000,0,20000,0,20000,0,10,100000,0.00113327289211242,,
A2994,5,,INR,NORTH,CHANDIGARH,DEL00373,ELECTROWAVES ELECTRONICS PVT. LTD,Industrial,Drives,,Industrial,Drives,MAHESH KUMAR MITTAL,Abha,DIOTEC,DIOTEC,Adarsh,Prajwal,GBU4M,Existing,9.8,8.04,2000,,2000,,,2000,2000,,,2000,,,19600,0,19600,0,0,19600,19600,0,0,19600,0,0,10,98000,0.00111060743427017,,
A6288,5,,INR,NORTH,GUJARAT,GUJ00317,AAVOLATE TECHNOLOGIES PRIVATE LIMITED,Industrial,Panel Meter,,Industrial,Panel Meter,HARSH DOSHI,Poonam Kashyap,RENESAS,RENESAS,Uma,Manju PJ,R5F10268ASP#35,Existing,39,0.327,500,,500,500,,500,500,500,500,500,500,500,19500,0,19500,19500,0,19500,19500,19500,19500,19500,19500,19500,5,195000,0.00220988213961922,,
A3884,5,,INR,NORTH,NEW DELHI,DEL01992,ANEVOLVE PRIVATE LIMITED,Automotive-EV,Charger,ANEVOLVE PRIVATE LIMITED,Automotive-EV,Charger,SURAJ PANDEY,Poonam Kashyap,DIOTEC,DIOTEC,Adarsh,Prajwal,Z1SMA22,Existing,2.38,2.11,8000,8000,8000,8000,8000,8000,8000,8000,8000,8000,8000,8000,19040,19040,19040,19040,19040,19040,19040,19040,19040,19040,19040,19040,96,228480,0.00258930190389846,,
A13847,5,,USD,NORTH,NEW DELHI,DEL00052,INDICATION INSTRUMENTS LTD,Automotive,Others-Automotive,INDICATION INSTRUMENTS LTD,Automotive,Others-Automotive,MAHESH KUMAR MITTAL,Prakash,MURATA,MURATA,Anita,Shraddha,GRT21BR61H475KE13L,Existing,0.0327,0,8000,8000,8000,8000,8000,8000,8000,8000,8000,8000,8000,8000,261.6,261.6,261.6,261.6,261.6,261.6,261.6,261.6,261.6,261.6,261.6,261.6,96,3139.2,0.0031392,,
A14132,5,,DIRECT,NORTH,NEW DELHI,DEL00052,INDICATION INSTRUMENTS LTD,,,,,,MAHESH KUMAR MITTAL,Prakash,TIANMA,TIANMA,Nagendra,Bhavya,TM01118AVHSUGNA#01,Existing,4.4,4.18,,,30000,,,,,30000,,,30000,,0,0,132000,0,0,0,0,132000,0,0,132000,0,90,396000,0.396,,
,1,,USD,NORTH,NEW DELHI,DEL00052,INDICATION INSTRUMENTS LTD,,,,Automotive-EV,Cluster,MAHESH KUMAR MITTAL,Palak,,VISHAY,,,TJM5427-011,Existing,0.52,,12000,12000,12000,6000,6000,6000,6000,6000,6000,6000,6000,6000,6240,6240,6240,3120,3120,3120,3120,3120,3120,3120,3120,3120,90,46800,0.0468,,
,1,,USD,NORTH,NEW DELHI,DEL00052,INDICATION INSTRUMENTS LTD,,,,Automotive-EV,Cluster,MAHESH KUMAR MITTAL,Palak,,Hirose,,,TJM5411A-012,Existing,0.31,,12000,12000,12000,6000,6000,6000,6000,6000,6000,6000,6000,6000,3720,3720,3720,1860,1860,1860,1860,1860,1860,1860,1860,1860,90,27900,0.0279,,
,1,,USD,NORTH,NEW DELHI,DEL00052,INDICATION INSTRUMENTS LTD,,,,Automotive-EV,Cluster,MAHESH KUMAR MITTAL,Palak,,DIOTEC,,,PAZ-UP30T27,Existing,0.265,,,,,,10000,10000,10000,10000,10000,10000,10000,10000,0,0,0,0,2650,2650,2650,2650,2650,2650,2650,2650,80,21200,0.0212,,
A1407,,,INR,NORTH,NEW DELHI,DEL00072,NAPINO AUTO & ELECTRONICS LTD,Automotive,Fuel Injection System,,Automotive,Fuel Injection System,ARPIT SINGH,Abha,DIOTEC,DIOTEC,Adarsh,Prajwal,Z1SMA24,Existing,2.34,2.11,8000,8000,8000,8000,8000,8000,8000,8000,8000,8000,8000,8000,18720,18720,18720,18720,18720,18720,18720,18720,18720,18720,18720,18720,96,224640,0.00254578422484134,,
,1,,INR,NORTH,GUJARAT,GUJ00565,POLYCAB INDIA LTD,Energy Meter,Single Phase,,Energy Meter,Single Phase,HARSH DOSHI,,,NICHICON,,,UHW1E102MPD,New,9.24,,,,2000,,2000,,2000,,,2000,,2000,0,0,18480,0,18480,0,18480,0,0,18480,0,18480,10,92400,0.00104714415231188,,
A8799,5,,USD,NORTH,NEW DELHI,DEL00052,INDICATION INSTRUMENTS LTD,Automotive,Others-Automotive,,Automotive,Others-Automotive,MAHESH KUMAR MITTAL,Prakash,TAIWAN SEMI,TAIWAN SEMI,Gaurav,Prajwal,ZM4742A L0G,Existing,0.0336,0.028,10000,10000,10000,,,10000,10000,,,,10000,10000,336,336,336,0,0,336,336,0,0,0,336,336,70,2352,0.002352,,
A9964,5,,USD,NORTH,NEW DELHI,DEL00052,INDICATION INSTRUMENTS LTD,Automotive,Others-Automotive,,Automotive,Others-Automotive,MAHESH KUMAR MITTAL,Prakash,NICHICON,NICHICON,Abhinandan,Shraddha,UCD1A470MCL1GS,Existing,0.0954,0.0851,5000,5000,5000,5000,5000,5000,5000,5000,5000,5000,5000,5000,477,477,477,477,477,477,477,477,477,477,477,477,60,5724,0.005724,,
A3274,,,INR,NORTH,NEW DELHI,DEL00070,MKM TECHNOLOGIES PVT LTD,Consumer,White Goods,MKM TECHNOLOGIES PVT LTD,Consumer,White Goods,MAHESH KUMAR MITTAL,Neha,SEIKO INSTRUMENTS,SEIKO INSTRUMENTS,Anita,Priyanka N,VT200F-12.5PF20PPM,Existing,6.1,0.03636,3000,3000,3000,3000,3000,3000,3000,3000,3000,3000,3000,3000,18300,18300,18300,18300,18300,18300,18300,18300,18300,18300,18300,18300,36,219600,0.00248866727107888,,
,1,,USD,NORTH,NEW DELHI,DEL00052,INDICATION INSTRUMENTS LTD,,,,Automotive-EV,Cluster,MAHESH KUMAR MITTAL,Palak,,PANASONIC,,,TJM4999,Existing,0.41,,5000,,,,,5000,,,5000,,,5000,2050,0,0,0,0,2050,0,0,2050,0,0,2050,20,8200,0.0082,,
A6708,,,INR,NORTH,NEW DELHI,DEL00070,MKM TECHNOLOGIES PVT LTD,Consumer,White Goods,,Consumer,White Goods,MAHESH KUMAR MITTAL,Neha,EVE,EVE,Manju N,Kiran Bhamshetty,CR2032 - PLAIN,Existing,8.99,0.07,2000,2000,2000,2000,2000,2000,2000,2000,2000,2000,2000,2000,17980,17980,17980,17980,17980,17980,17980,17980,17980,17980,17980,17980,24,215760,0.00244514959202176,,
A1950,5,,INR,NORTH,NEW DELHI,DEL00233,BENTEC INDIA LIMITED,Energy Meter,Three Phase,,Energy Meter,Three Phase,ARPIT SINGH,Neha Chauhan,DIOTEC,DIOTEC,Adarsh,Prajwal,BC857B,Existing,0.59,0.48,30000,30000,30000,30000,30000,30000,30000,30000,30000,30000,30000,30000,17700,17700,17700,17700,17700,17700,17700,17700,17700,17700,17700,17700,360,212400,0.00240707162284678,,
,1,,USD,NORTH,NEW DELHI,DEL00052,INDICATION INSTRUMENTS LTD,,,,Automotive-EV,Cluster,MAHESH KUMAR MITTAL,Palak,,ROHM,,,FH28-60S-0.5SH/60PIN        ,Existing,,,1000,1000,1000,1000,1000,1000,1000,1000,1000,1000,1000,1000,0,0,0,0,0,0,0,0,0,0,0,0,12,0,0,,
A10652,5,,USD,NORTH,NEW DELHI,DEL00052,INDICATION INSTRUMENTS LTD,Automotive,Others-Automotive,,Automotive,Others-Automotive,MAHESH KUMAR MITTAL,Prakash,NICHICON,NICHICON,Abhinandan,Shraddha,UCM1H101MCL1GS,Existing,0.088,0.072,,,,1800,1800,,1800,1800,,1800,,1800,0,0,0,158.4,158.4,0,158.4,158.4,0,158.4,0,158.4,10.8,950.4,0.0009504,,
,1,,USD,NORTH,NEW DELHI,DEL00052,INDICATION INSTRUMENTS LTD,,,,Automotive-EV,Cluster,MAHESH KUMAR MITTAL,Palak,,PANASONIC,,,TM035KDGP03-00,Existing,11.4,,750,750,750,750,750,750,750,750,750,750,750,750,8550,8550,8550,8550,8550,8550,8550,8550,8550,8550,8550,8550,9,102600,0.1026,,
A2604,5,,INR,NORTH,NEW DELHI,DEL01992,ANEVOLVE PRIVATE LIMITED,Automotive-EV,Charger,ANEVOLVE PRIVATE LIMITED,Automotive-EV,Charger,SURAJ PANDEY,Poonam Kashyap,DIOTEC,DIOTEC,Adarsh,Prajwal,"M7, T/R",Existing,0.43,0.39,40000,40000,40000,40000,40000,40000,40000,40000,40000,40000,40000,40000,17200,17200,17200,17200,17200,17200,17200,17200,17200,17200,17200,17200,480,206400,0.00233907524932004,,
A4204,5,,INR,NORTH,NEW DELHI,DEL01824,EXICOM TELE-SYSTEMS LIMITED,Telecom,Base Station,,Telecom,Base Station,MAHESH KUMAR MITTAL,Vinny,DIOTEC,DIOTEC,Adarsh,Prajwal,S1M,Existing,0.76,0.68,22500,22500,22500,22500,22500,,22500,22500,22500,22500,22500,,17100,17100,17100,17100,17100,0,17100,17100,17100,17100,17100,0,225,171000,0.00193789664551224,,
A4899,5,,INR,NORTH,NEW DELHI,DEL01992,ANEVOLVE PRIVATE LIMITED,Automotive-EV,Charger,ANEVOLVE PRIVATE LIMITED,Automotive-EV,Charger,SURAJ PANDEY,Poonam Kashyap,DIOTEC,DIOTEC,Adarsh,Prajwal,MMFTN3402,Existing,2.13,1.85,8000,8000,8000,8000,8000,8000,8000,8000,8000,8000,8000,8000,17040,17040,17040,17040,17040,17040,17040,17040,17040,17040,17040,17040,96,204480,0.00231731640979148,,
A8068,,,INR,NORTH,NEW DELHI,DEL00758,NEOLITE ZKW LIGHTINGS PRIVATE LIMITED,Automotive,Lighting,,Automotive,Lighting,MAHESH KUMAR MITTAL,Poonam Kashyap,EPCOS,EPCOS,Karthik,Mangalagowri,B72520T 200K 62,Existing,5.6,0.04,3000,3000,3000,3000,3000,3000,3000,3000,3000,3000,3000,3000,16800,16800,16800,16800,16800,16800,16800,16800,16800,16800,16800,16800,36,201600,0.00228467815049864,,
A8767,5,,USD,NORTH,NEW DELHI,DEL01942,JNS INSTRUMENTS LIMITED,Automotive,EV,,Automotive,EV,ARPIT SINGH,Prakash,TAIWAN SEMI,TAIWAN SEMI,Gaurav,Prajwal,S3JBH,Existing,0.0365,0.0341,150000,150000,150000,150000,150000,150000,150000,150000,150000,150000,150000,150000,5475,5475,5475,5475,5475,5475,5475,5475,5475,5475,5475,5475,1800,65700,0.0657,,
A3930,5,,INR,NORTH,AHMEDABAD,AMD00013,MULTISPAN CONTROL INSTRUMENTS PVT. LTD.,Industrial,Panel Meter,,Industrial,Panel Meter,HARSH DOSHI,Poonam Kashyap,DIOTEC,DIOTEC,Adarsh,Prajwal,LDI1117-ADU,Existing,3.28,2.83,5000,5000,5000,5000,5000,5000,5000,5000,5000,5000,5000,5000,16400,16400,16400,16400,16400,16400,16400,16400,16400,16400,16400,16400,60,196800,0.00223028105167724,,
,1,,INR,NORTH,NEW DELHI,,Deva Autotronics,,,,,,MAHESH KUMAR MITTAL,,,NICHICON,,,UPM1J221MHD,New,16.1,,1000,,1000,1000,1000,1000,1000,1000,1000,,1000,1000,16100,0,16100,16100,16100,16100,16100,16100,16100,0,16100,16100,10,161000,0.001824569356301,,
A8500,5,5,USD,NORTH,NEW DELHI,DEL01942,JNS INSTRUMENTS LIMITED,Automotive,EV,,Automotive,EV,SANDHYA KALYAN,Prakash,TIANMA,TIANMA,Nagendra,Bhavya,TM042NDKP31-00,Existing,16.23,15.58,110000,110000,110000,80000,50000,50000,50000,50000,50000,50000,50000,50000,1785300,1785300,1785300,1298400,811500,811500,811500,811500,811500,811500,811500,811500,810,13146300,13.1463,,
A8075,5,,INR,NORTH,NEW DELHI,DEL00057,KAYNES TECHNOLOGY INDIA LIMITED-DELHI,Others,EMS,,Others,EMS,ARPIT SINGH,Abha,DIOTEC,DIOTEC,Adarsh,Prajwal,S1M-Q,Existing,0.8,0.71,20000,20000,20000,20000,20000,20000,20000,20000,20000,20000,20000,20000,16000,16000,16000,16000,16000,16000,16000,16000,16000,16000,16000,16000,240,192000,0.00217588395285585,,
A8743,,5,USD,NORTH,NEW DELHI,DEL01942,JNS INSTRUMENTS LIMITED,Automotive,EV,,Automotive,EV,SANDHYA KALYAN,Prakash,TIANMA,TIANMA,Nagendra,Bhavya,TM042NDKP26-00,Existing,14.95,14.4,30000,30000,30000,30000,30000,30000,30000,30000,30000,30000,30000,30000,448500,448500,448500,448500,448500,448500,448500,448500,448500,448500,448500,448500,360,5382000,5.382,,
A13877,5,,USD,NORTH,NEW DELHI,DEL01942,JNS INSTRUMENTS LIMITED,Automotive,EV,,,,ARPIT SINGH,Prakash,TAIWAN SEMI,TAIWAN SEMI,Gaurav,,S3JB-M-01HR5G,Existing,0.0365,0,30000,30000,30000,30000,30000,30000,30000,30000,30000,30000,30000,30000,1095,1095,1095,1095,1095,1095,1095,1095,1095,1095,1095,1095,360,13140,0.01314,,
A9316,5,,USD,NORTH,NEW DELHI,DEL01942,JNS INSTRUMENTS LIMITED,Automotive,EV,,Automotive,EV,ARPIT SINGH,Prakash,TAIWAN SEMI,TAIWAN SEMI,Gaurav,Prajwal,S1MLW-04HRVG,Existing,0.0245,0.0224,30000,30000,30000,30000,30000,30000,30000,30000,30000,30000,30000,30000,735,735,735,735,735,735,735,735,735,735,735,735,360,8820,0.00882,,
A1430,5,,INR,NORTH,JAIPUR,JPR00001,ENERTRAK INSTRUMENTS PRIVATE LTD,Industrial,Panel Meter,,Industrial,Panel Meter,KULDEEP KUMAR,Neha Chauhan,EPCOS,EPCOS,Karthik,Mangalagowri,B72314S0511K101,Existing,3.18,0.033,5000,,5000,5000,5000,,,5100,,10000,,10000,15900,0,15900,15900,15900,0,0,16218,0,31800,0,31800,45.1,143418,0.00162531731640979,,
A3348,5,,INR,NORTH,NEW DELHI,DEL01976,KIMBAL PRIVATE LIMITED,Energy Meter,Smart Meter,,Energy Meter,Smart Meter,ARPIT SINGH,Prakash,DIOTEC,DIOTEC,Adarsh,Prajwal,SK84-3G,Existing,7.95,6.92,2000,2000,2000,2000,2000,2000,2000,2000,2000,2000,2000,2000,15900,15900,15900,15900,15900,15900,15900,15900,15900,15900,15900,15900,24,190800,0.0021622846781505,,
A8078,,,INR,NORTH,NEW DELHI,DEL01762,PRICOL LIMITED-GURGAON,Automotive,Body Control Unit,,Automotive,Body Control Unit,ABHISHEKH CHOUDHARY,Poonam Kashyap,DIOTEC,DIOTEC,Adarsh,Prajwal,BAV21WS,Existing,0.62,0.52,28500,28500,25000,25000,25800,25800,25000,25000,25800,25800,25000,25000,17670,17670,15500,15500,15996,15996,15500,15500,15996,15996,15500,15500,310.2,192324,0.00217955575702629,,
,1,,INR,,NEW DELHI,DEL00072,NAPINO AUTO & ELECTRONICS LTD,,,,,,ARPIT SINGH,Abha,,DIOTEC,,,BZT52C5V1-AQ,New,1.27,,12000,12000,12000,12000,12000,12000,12000,12000,12000,12000,12000,12000,15240,15240,15240,15240,15240,15240,15240,15240,15240,15240,15240,15240,144,182880,0.0020725294650952,,
,1,,INR,,NEW DELHI,DEL00072,NAPINO AUTO & ELECTRONICS LTD,,,,,,ARPIT SINGH,Abha,,DIOTEC,,,BZT52C15-AQ,New,1.27,,12000,12000,12000,12000,12000,12000,12000,12000,12000,12000,12000,12000,15240,15240,15240,15240,15240,15240,15240,15240,15240,15240,15240,15240,144,182880,0.0020725294650952,,
A7131,5,,INR,NORTH,NEW DELHI,DEL00057,KAYNES TECHNOLOGY INDIA LIMITED-DELHI,Others,EMS,,Others,EMS,ARPIT SINGH,Abha,DIOTEC,DIOTEC,Adarsh,Prajwal,S2M-Q,Existing,1.52,1.35,10000,10000,10000,10000,10000,10000,10000,10000,10000,10000,10000,10000,15200,15200,15200,15200,15200,15200,15200,15200,15200,15200,15200,15200,120,182400,0.00206708975521306,,
A10866,5,,USD,NORTH,NEW DELHI,DEL01942,JNS INSTRUMENTS LIMITED,Automotive,EV,,Automotive,EV,ARPIT SINGH,Prakash,ROHM,ROHM,Vivek,Mangalagowri,BD9G401EFJ-ME2,Existing,0.196,0.186,30000,30000,30000,,,,,,,,,,5880,5880,5880,0,0,0,0,0,0,0,0,0,90,17640,0.01764,,
A9567,5,,USD,NORTH,NEW DELHI,DEL01942,JNS INSTRUMENTS LIMITED,Automotive,EV,,Automotive,EV,ARPIT SINGH,Prakash,TAIWAN SEMI,TAIWAN SEMI,Gaurav,Prajwal,SS16H,Existing,0.0248,0.02247,15000,,15000,,15000,,15000,,,15000,,15000,372,0,372,0,372,0,372,0,0,372,0,372,90,2232,0.002232,,
A13880,5,,USD,NORTH,NEW DELHI,DEL00057,KAYNES TECHNOLOGY INDIA LIMITED-DELHI,Automotive,Automotive Lighting,,,,ARPIT SINGH,Abha,VISHAY,VISHAY,Mahesha,Tanuja,CRCW201068R0FKEFHP,Existing,0.045,0,200000,200000,200000,200000,200000,200000,200000,200000,200000,200000,200000,200000,9000,9000,9000,9000,9000,9000,9000,9000,9000,9000,9000,9000,2400,108000,0.108,,
,1,,INR,NORTH,NEW DELHI,DEL00010,ALLIED ENGINEERING WORKS LIMITED,Energy Meter,Smart Meter,ALLIED ENGINEERING WORKS LIMITED,Energy Meter,Smart Meter,SURAJ PANDEY,Palak,JODING,JODING,,KALA,JBD508121AG1C,New,0.06,,250000,250000,250000,250000,250000,250000,250000,250000,250000,250000,250000,250000,15000,15000,15000,15000,15000,15000,15000,15000,15000,15000,15000,15000,3000,180000,0.00203989120580236,,
A9111,5,,USD,NORTH,NEW DELHI,DEL00057,KAYNES TECHNOLOGY INDIA LIMITED-DELHI,Automotive,Automotive Lighting,,Automotive,Automotive Lighting,ARPIT SINGH,Abha,VISHAY,VISHAY,Mahesha,Tanuja,IHLP2525CZEK150M5A,Existing,0.245,0.213,50000,50000,50000,50000,50000,50000,50000,50000,50000,50000,50000,50000,12250,12250,12250,12250,12250,12250,12250,12250,12250,12250,12250,12250,600,147000,0.147,,
A4396,5,,INR,NORTH,NEW DELHI,DEL00052,INDICATION INSTRUMENTS LTD,Automotive-EV,Cluster,,Automotive-EV,Cluster,MAHESH KUMAR MITTAL,Prakash,DIOTEC,DIOTEC,Adarsh,Prajwal,ZMM5B1,Existing,0.99,0.82,15000,15000,15000,15000,15000,15000,15000,15000,15000,15000,15000,15000,14850,14850,14850,14850,14850,14850,14850,14850,14850,14850,14850,14850,180,178200,0.00201949229374433,,
A3303,,,INR,NORTH,UDAIPUR,DEL00083,SECURE METERS LIMITED,Energy Meter,Smart Meter,SECURE METERS LIMITED,Energy Meter,Smart Meter,SURAJ PANDEY,Vinny,LUYOUFA,LUYOUFA,Anita,Priyanka N,12251105FNG0S118002,Existing,2.45,0.0164,0,0,6000,0,0,0,0,0,0,0,0,0,0,0,14700,0,0,0,0,0,0,0,0,0,6,14700,0.000166591115140526,,
A10531,5,,USD,NORTH,NEW DELHI,DEL00057,KAYNES TECHNOLOGY INDIA LIMITED-DELHI,Automotive,Automotive Lighting,Dura Automation,Automotive,Automotive Lighting,ARPIT SINGH,Abha,MURATA,MURATA,Anita,Shraddha,GCM155R71E103KA37D,Existing,0.002,0.00152,10000,10000,10000,10000,10000,10000,10000,10000,10000,10000,10000,10000,20,20,20,20,20,20,20,20,20,20,20,20,120,240,0.00024,,
,1,,INR,NORTH,NEW DELHI,DEL02023,ANEVOLVE TECHNOLOGIES PRIVATE LIMITED,Automotive-EV,Charger,ANEVOLVE PRIVATE LIMITED,Automotive-EV,Charger,SURAJ PANDEY,Poonam Kashyap,DONGKE SEMI,DONGKE SEMI,,,DK025G,,14.6,,,,1000,,,,1000,,1000,,1000,1000,0,0,14600,0,0,0,14600,0,14600,0,14600,14600,5,73000,0.000827289211242067,,
A9609,5,,USD,NORTH,NEW DELHI,DEL00057,KAYNES TECHNOLOGY INDIA LIMITED-DELHI,Automotive,Automotive Lighting,Bluestar India,Automotive,Automotive Lighting,ARPIT SINGH,Abha,MURATA,MURATA,Anita,Shraddha,GCM188R71E105KA64D,Existing,0.018,0.01225,5000,5000,5000,5000,5000,5000,5000,5000,5000,5000,5000,5000,90,90,90,90,90,90,90,90,90,90,90,90,60,1080,0.00108,,
A3642,5,,INR,NORTH,GUJARAT,GUJ00004,AMTECH ELECTRONICS (INDIA) LTD,Industrial,Automation,,Industrial,Automation,HARSH DOSHI,Poonam Kashyap,DIOTEC,DIOTEC,Adarsh,Prajwal,HV2,Existing,2.86,2.44,,,5000,,,5000,,,5000,,,,0,0,14300,0,0,14300,0,0,14300,0,0,0,15,42900,0.000486174070716228,,
A7400,,5,INR,NORTH,NEW DELHI,DEL00430,GENNEX ELECTRONICS,Industrial,IOT,,Industrial,IOT,ABHISHEKH CHOUDHARY,Abha,RENESAS,RENESAS,Uma,Manju PJ,R5F10268ASP#55,Existing,46,0.312,,,300,,,,,,,,300,,0,0,13800,0,0,0,0,0,0,0,13800,0,0.6,27600,0.000312783318223028,,
A10532,5,,USD,NORTH,NEW DELHI,DEL00057,KAYNES TECHNOLOGY INDIA LIMITED-DELHI,Automotive,Automotive Lighting,Dura Automation,Automotive,Automotive Lighting,ARPIT SINGH,Abha,MURATA,MURATA,Anita,Shraddha,GCM155R71H104KE02D,Existing,0.004,0.00211,5000,5000,5000,5000,5000,5000,5000,5000,5000,5000,5000,5000,20,20,20,20,20,20,20,20,20,20,20,20,60,240,0.00024,,
A6930,5,,INR,NORTH,NEW DELHI,DEL01364,KAYNES TECHNOLOGY INDIA PVT LTD- HIMACHAL PRADESH,Others,EMS,,Others,EMS,ARPIT SINGH,Abha,DIOTEC,DIOTEC,Adarsh,Prajwal,US1J,Existing,1.15,1,12000,,12000,,,12000,,,12000,,,12000,13800,0,13800,0,0,13800,0,0,13800,0,0,13800,60,69000,0.00078195829555757,,
A1862,,,INR,NORTH,NEW DELHI,DEL01938,V-GUARD CONSUMER PRODUCTS LIMITED,Others,OEM,,Others,OEM,SANDHYA KALYAN,Poonam Kashyap,DIOTEC,DIOTEC,Adarsh,Prajwal,MMTV431A,Existing,4.5,4.05,,,3000,,,,,,3000,,,,0,0,13500,0,0,0,0,0,13500,0,0,0,6,27000,0.000305983680870354,,
,1,,INR,,NEW DELHI,DEL00072,NAPINO AUTO & ELECTRONICS LTD,,,,,,ARPIT SINGH,Abha,,DIOTEC,,,BC807-40W-AQ,New,1.12,,12000,12000,12000,12000,12000,12000,12000,12000,12000,12000,12000,12000,13440,13440,13440,13440,13440,13440,13440,13440,13440,13440,13440,13440,144,161280,0.00182774252039891,,
A6860,,,INR,NORTH,NEW DELHI,DEL00072,NAPINO AUTO & ELECTRONICS LTD,Automotive,Fuel Injection System,,Automotive,Fuel Injection System,ARPIT SINGH,Abha,YAGEO,YAGEO,Abhinandan,Navya,AC0402JR-0710KL,Existing,0.044,0.00034,290000,290000,290000,290000,290000,290000,290000,290000,290000,290000,290000,290000,12760,12760,12760,12760,12760,12760,12760,12760,12760,12760,12760,12760,3480,153120,0.00173526745240254,,
A7628,5,,INR,NORTH,GUJARAT,GUJ00091,GTEK CORPORATION PVT LTD,Industrial,Automation,,Industrial,Automation,HARSH DOSHI,Poonam Kashyap,DIOTEC,DIOTEC,Adarsh,Prajwal,P6SMBJ12CA,Existing,4.25,2.75,3000,,3000,,3000,3000,,,3000,3000,3000,3000,12750,0,12750,0,12750,12750,0,0,12750,12750,12750,12750,24,102000,0.00115593834995467,,
A3750,5,,INR,NORTH,AHMEDABAD,AMD00256,ELPRO CONTROLS,Industrial,Automation,,Industrial,Automation,HARSH DOSHI,Poonam Kashyap,EVE,EVE,Manju N,Kiran Bhamshetty,CR2032AKW,Existing,12.46,0.085,1000,,1000,,1000,,1000,,1000,,1000,,12460,0,12460,0,12460,0,12460,0,12460,0,12460,0,6,74760,0.000847234814143246,,
A5127,5,,INR,NORTH,AHMEDABAD,AMD00013,MULTISPAN CONTROL INSTRUMENTS PVT. LTD.,Industrial,Panel Meter,,Industrial,Panel Meter,HARSH DOSHI,Poonam Kashyap,DIOTEC,DIOTEC,Adarsh,Prajwal,MMSZ5250B,Existing,1.24,0.88,,,10000,,,,,,,,,,0,0,12400,0,0,0,0,0,0,0,0,0,10,12400,0.00014052583862194,,
,1,,USD,,NEW DELHI,DEL01976,KIMBAL PRIVATE LIMITED,,,,,,ARPIT SINGH,Prakash,VISHAY,VISHAY,,,CRCW04024K70FKEDC,New,0.00038,,2000000,2000000,2000000,2000000,2000000,2000000,2000000,2000000,2000000,2000000,2000000,2000000,760,760,760,760,760,760,760,760,760,760,760,760,24000,9120,0.00912,,
,1,,USD,,NEW DELHI,DEL01976,KIMBAL PRIVATE LIMITED,,,,,,ARPIT SINGH,Prakash,VISHAY,VISHAY,,,CRCW04021K00FKEDC,New,0.00038,,1250000,1250000,1250000,1250000,1250000,1250000,1250000,1250000,1250000,1250000,1250000,1250000,475,475,475,475,475,475,475,475,475,475,475,475,15000,5700,0.0057,,
,1,,USD,,NEW DELHI,DEL01976,KIMBAL PRIVATE LIMITED,,,,,,ARPIT SINGH,Prakash,VISHAY,VISHAY,,,CRCW040222K0FKEDC,New,0.00038,,1250000,1250000,1250000,1250000,1250000,1250000,1250000,1250000,1250000,1250000,1250000,1250000,475,475,475,475,475,475,475,475,475,475,475,475,15000,5700,0.0057,,
A2820,5,,INR,NORTH,NEW DELHI,DEL01979,LIVGUARD DRIVETRAIN PVT. LTD.,Automotive-Ev,Motor Control Unit,,Automotive-Ev,Motor Control Unit,ARPIT SINGH,Neha Chauhan,DIOTEC,DIOTEC,Adarsh,Prajwal,MUR460L,Existing,4.05,3.53,3000,3000,3000,3000,3000,3000,3000,3000,3000,3000,3000,3000,12150,12150,12150,12150,12150,12150,12150,12150,12150,12150,12150,12150,36,145800,0.00165231187669991,,
A12936,5,,USD,NORTH,NEW DELHI,DEL01976,KIMBAL PRIVATE LIMITED,Industrial,Others-Industrial,,Industrial,Others-Industrial,ARPIT SINGH,Prakash,VISHAY,VISHAY,Mahesha,Tanuja,CRCW06034K70FKEAC,Existing,0.0006,0.00049,1000000,1000000,1000000,1000000,1000000,1000000,1000000,1000000,1000000,1000000,1000000,1000000,600,600,600,600,600,600,600,600,600,600,600,600,12000,7200,0.0072,,
A13657,5,,USD,NORTH,NEW DELHI,DEL01976,KIMBAL PRIVATE LIMITED,Industrial,Others-Industrial,,,,ARPIT SINGH,Prakash,RENESAS,RENESAS,Uma,Manju PJ,R5F10NPLDFB#10,Existing,1.1,0,750000,750000,750000,750000,750000,750000,750000,750000,750000,750000,750000,750000,825000,825000,825000,825000,825000,825000,825000,825000,825000,825000,825000,825000,9000,9900000,9.9,,
,1,,USD,,NEW DELHI,DEL01976,KIMBAL PRIVATE LIMITED,,,,,,ARPIT SINGH,Prakash,VISHAY,VISHAY,,,CRCW060310K0FKEAC,New,0.00056,,750000,750000,750000,750000,750000,750000,750000,750000,750000,750000,750000,750000,420,420,420,420,420,420,420,420,420,420,420,420,9000,5040,0.00504,,
,1,,USD,,NEW DELHI,DEL01976,KIMBAL PRIVATE LIMITED,,,,,,ARPIT SINGH,Prakash,VISHAY,VISHAY,,,CRCW06031K00FKEAC,New,0.00056,,750000,750000,750000,750000,750000,750000,750000,750000,750000,750000,750000,750000,420,420,420,420,420,420,420,420,420,420,420,420,9000,5040,0.00504,,
,1,,USD,,NEW DELHI,DEL01976,KIMBAL PRIVATE LIMITED,,,,,,ARPIT SINGH,Prakash,VISHAY,VISHAY,,,CRCW060322K0FKEAC,New,0.00056,,750000,750000,750000,750000,750000,750000,750000,750000,750000,750000,750000,750000,420,420,420,420,420,420,420,420,420,420,420,420,9000,5040,0.00504,,
A8095,5,,INR,NORTH,AHMEDABAD,AMD00063,DEEP MARKETING,Industrial,Panel Meter,,Industrial,Panel Meter,HARSH DOSHI,Poonam Kashyap,EVE,EVE,Manju N,Kiran Bhamshetty,CR2032AKW,Existing,12,0.09,,,1000,,,,1000,,,1000,,,0,0,12000,0,0,0,12000,0,0,12000,0,0,3,36000,0.000407978241160471,,
A2043,5,,INR,NORTH,NEW DELHI,DEL00061,LUMAX INDUSTRIES LIMITED,Automotive,Lighting,,Automotive,Lighting,MAHESH KUMAR MITTAL,Prakash,DIOTEC,DIOTEC,Adarsh,Prajwal,SL1M-AQ,Existing,1.19,1.05,10000,10000,10000,10000,10000,10000,10000,10000,10000,10000,10000,10000,11900,11900,11900,11900,11900,11900,11900,11900,11900,11900,11900,11900,120,142800,0.00161831368993654,,
A7074,,,INR,NORTH,NEW DELHI,DEL00072,NAPINO AUTO & ELECTRONICS LTD,Automotive,Fuel Injection System,,Automotive,Fuel Injection System,ARPIT SINGH,Abha,DIOTEC,DIOTEC,Adarsh,Prajwal,1N5408,Existing,2.36,2.14,5000,5000,5000,5000,5000,5000,5000,5000,5000,5000,5000,5000,11800,11800,11800,11800,11800,11800,11800,11800,11800,11800,11800,11800,60,141600,0.00160471441523119,,
A8159,5,,INR,NORTH,NEW DELHI,DEL01364,KAYNES TECHNOLOGY INDIA PVT LTD- HIMACHAL PRADESH,Others,EMS,,Others,EMS,ARPIT SINGH,Abha,DIOTEC,DIOTEC,Adarsh,Prajwal,FRL1M,Existing,0.98,0,12000,,12000,,,12000,,,12000,,,12000,11760,0,11760,0,0,11760,0,0,11760,0,0,11760,60,58800,0.000666364460562103,,
,1,,USD,,NEW DELHI,DEL01976,KIMBAL PRIVATE LIMITED,,,,,,ARPIT SINGH,Prakash,VISHAY,VISHAY,,,CRCW0603100KFKEAC,New,0.00056,,500000,500000,500000,500000,500000,500000,500000,500000,500000,500000,500000,500000,280,280,280,280,280,280,280,280,280,280,280,280,6000,3360,0.00336,,
,1,,USD,,NEW DELHI,DEL01976,KIMBAL PRIVATE LIMITED,,,,,,ARPIT SINGH,Prakash,VISHAY,VISHAY,,,CRCW0603100RFKEAC,New,0.00056,,375000,375000,375000,375000,375000,375000,375000,375000,375000,375000,375000,375000,210,210,210,210,210,210,210,210,210,210,210,210,4500,2520,0.00252,,
A13658,5,,USD,NORTH,NEW DELHI,DEL01976,KIMBAL PRIVATE LIMITED,Industrial,Others-Industrial,,,,ARPIT SINGH,Prakash,TIANMA,TIANMA,Nagendra,Bhavya,TJMS5903,Existing,0.285,0,500000,500000,500000,500000,300000,300000,300000,300000,300000,300000,300000,300000,142500,142500,142500,142500,85500,85500,85500,85500,85500,85500,85500,85500,4400,1254000,1.254,,
A9589,5,,USD,NORTH,NEW DELHI,DEL01976,KIMBAL PRIVATE LIMITED,Industrial,Others-Industrial,,Industrial,Others-Industrial,ARPIT SINGH,Prakash,VISHAY,VISHAY,Mahesha,Tanuja,CRCW060315K0FKEAC,Existing,0.00056,0.00049,287500,287500,287500,287500,287500,287500,287500,287500,287500,287500,287500,287500,161,161,161,161,161,161,161,161,161,161,161,161,3450,1932,0.001932,,
A5504,5,,INR,NORTH,AHMEDABAD,AMD00013,MULTISPAN CONTROL INSTRUMENTS PVT. LTD.,Industrial,Panel Meter,,Industrial,Panel Meter,HARSH DOSHI,Poonam Kashyap,DIOTEC,DIOTEC,Adarsh,Prajwal,BZT52C8V2,Existing,1.15,0.95,,,10000,,,,,,,,,,0,0,11500,0,0,0,0,0,0,0,0,0,10,11500,0.000130326382592928,,
,1,,USD,,NEW DELHI,DEL01976,KIMBAL PRIVATE LIMITED,,,,,,ARPIT SINGH,Prakash,VISHAY,VISHAY,,,CRCW080512R0FKEAC,New,0.001,,250000,250000,250000,250000,250000,250000,250000,250000,250000,250000,250000,250000,250,250,250,250,250,250,250,250,250,250,250,250,3000,3000,0.003,,
,1,,USD,,NEW DELHI,DEL01976,KIMBAL PRIVATE LIMITED,,,,,,ARPIT SINGH,Prakash,VISHAY,VISHAY,,,CRCW06030000Z0EAC,New,0.00056,,250000,250000,250000,250000,250000,250000,250000,250000,250000,250000,250000,250000,140,140,140,140,140,140,140,140,140,140,140,140,3000,1680,0.00168,,
,1,,USD,,NEW DELHI,DEL01976,KIMBAL PRIVATE LIMITED,,,,,,ARPIT SINGH,Prakash,VISHAY,VISHAY,,,CRCW060310R0FKEAC,New,0.00056,,250000,250000,250000,250000,250000,250000,250000,250000,250000,250000,250000,250000,140,140,140,140,140,140,140,140,140,140,140,140,3000,1680,0.00168,,
,1,,USD,,NEW DELHI,DEL01976,KIMBAL PRIVATE LIMITED,,,,,,ARPIT SINGH,Prakash,VISHAY,VISHAY,,,CRCW04020000Z0EDC,New,0.00038,,250000,250000,250000,250000,250000,250000,250000,250000,250000,250000,250000,250000,95,95,95,95,95,95,95,95,95,95,95,95,3000,1140,0.00114,,
,1,,USD,,NEW DELHI,DEL01976,KIMBAL PRIVATE LIMITED,,,,,,ARPIT SINGH,Prakash,VISHAY,VISHAY,,,CRCW040210K0FKEDC,New,0.00038,,250000,250000,250000,250000,250000,250000,250000,250000,250000,250000,250000,250000,95,95,95,95,95,95,95,95,95,95,95,95,3000,1140,0.00114,,
A3021,5,,INR,NORTH,NEW DELHI,DEL01992,ANEVOLVE PRIVATE LIMITED,Automotive-EV,Charger,ANEVOLVE PRIVATE LIMITED,Automotive-EV,Charger,SURAJ PANDEY,Poonam Kashyap,DIOTEC,DIOTEC,Adarsh,Prajwal,US1M,Existing,1.39,1.2,8000,8000,8000,8000,8000,8000,8000,8000,8000,8000,8000,8000,11120,11120,11120,11120,11120,11120,11120,11120,11120,11120,11120,11120,96,133440,0.00151223934723481,,
,1,,USD,,NEW DELHI,DEL01976,KIMBAL PRIVATE LIMITED,,,,,,ARPIT SINGH,Prakash,VISHAY,VISHAY,,,CRCW1206470KFKEAC,New,0.0016,,200000,200000,200000,200000,200000,200000,200000,200000,200000,200000,200000,200000,320,320,320,320,320,320,320,320,320,320,320,320,2400,3840,0.00384,,
,1,,USD,,NEW DELHI,DEL01976,KIMBAL PRIVATE LIMITED,,,,,,ARPIT SINGH,Prakash,VISHAY,VISHAY,,,CRCW080522K0FKEAC,New,0.001,,200000,200000,200000,200000,200000,200000,200000,200000,200000,200000,200000,200000,200,200,200,200,200,200,200,200,200,200,200,200,2400,2400,0.0024,,
,1,,USD,,NEW DELHI,DEL01976,KIMBAL PRIVATE LIMITED,,,,,,ARPIT SINGH,Prakash,VISHAY,VISHAY,,,CRCW1206330KFKEAC,New,0.0016,,150000,150000,150000,150000,150000,150000,150000,150000,150000,150000,150000,150000,240,240,240,240,240,240,240,240,240,240,240,240,1800,2880,0.00288,,
,1,,USD,,NEW DELHI,DEL01976,KIMBAL PRIVATE LIMITED,,,,,,ARPIT SINGH,Prakash,VISHAY,VISHAY,,,CRCW060333K0FKEAC,New,0.00056,,150000,150000,150000,150000,150000,150000,150000,150000,150000,150000,150000,150000,84,84,84,84,84,84,84,84,84,84,84,84,1800,1008,0.001008,,
,1,,USD,,NEW DELHI,DEL01976,KIMBAL PRIVATE LIMITED,,,,,,ARPIT SINGH,Prakash,VISHAY,VISHAY,,,CRCW06033K90FKEAC,New,0.00056,,150000,150000,150000,150000,150000,150000,150000,150000,150000,150000,150000,150000,84,84,84,84,84,84,84,84,84,84,84,84,1800,1008,0.001008,,
,1,,USD,NORTH,NEW DELHI,DEL01976,KIMBAL PRIVATE LIMITED,Industrial,Others-Industrial,,,,ARPIT SINGH,Prakash,TIANMA,TIANMA,Nagendra,Bhavya,TJMS5934#01,New,0.245,0.21,,,,,200000,200000,200000,200000,200000,200000,200000,200000,0,0,0,0,49000,49000,49000,49000,49000,49000,49000,49000,1600,392000,0.392,,
,1,,USD,NORTH,NEW DELHI,DEL01976,KIMBAL PRIVATE LIMITED,,,,,,ARPIT SINGH,,TAIWAN SEMI,TAIWAN SEMI,Gaurav,Prajwal,SS210H,New,0.03245,,,,,,200000,200000,200000,200000,200000,200000,200000,200000,0,0,0,0,6490,6490,6490,6490,6490,6490,6490,6490,1600,51920,0.05192,,
,1,,USD,,NEW DELHI,DEL01976,KIMBAL PRIVATE LIMITED,,,,,,ARPIT SINGH,Prakash,TSC,TSC,,,BZT52C7V5 RHG,New,0.0106,,,,,,200000,200000,200000,200000,200000,200000,200000,200000,0,0,0,0,2120,2120,2120,2120,2120,2120,2120,2120,1600,16960,0.01696,,
,1,,USD,,NEW DELHI,DEL01976,KIMBAL PRIVATE LIMITED,,,,,,ARPIT SINGH,Prakash,VISHAY,VISHAY,,,CRCW1206100RFKEAC,New,0.0016,,125000,125000,125000,125000,125000,125000,125000,125000,125000,125000,125000,125000,200,200,200,200,200,200,200,200,200,200,200,200,1500,2400,0.0024,,
,1,,USD,,NEW DELHI,DEL01976,KIMBAL PRIVATE LIMITED,,,,,,ARPIT SINGH,Prakash,VISHAY,VISHAY,,,CRCW120610R0FKEAC,New,0.0016,,125000,125000,125000,125000,125000,125000,125000,125000,125000,125000,125000,125000,200,200,200,200,200,200,200,200,200,200,200,200,1500,2400,0.0024,,
,1,,USD,,NEW DELHI,DEL01976,KIMBAL PRIVATE LIMITED,,,,,,ARPIT SINGH,Prakash,VISHAY,VISHAY,,,CRCW1206220RFKEAC,New,0.0016,,125000,125000,125000,125000,125000,125000,125000,125000,125000,125000,125000,125000,200,200,200,200,200,200,200,200,200,200,200,200,1500,2400,0.0024,,
,1,,USD,,NEW DELHI,DEL01976,KIMBAL PRIVATE LIMITED,,,,,,ARPIT SINGH,Prakash,VISHAY,VISHAY,,,CRCW120622R0FKEAC,New,0.0016,,125000,125000,125000,125000,125000,125000,125000,125000,125000,125000,125000,125000,200,200,200,200,200,200,200,200,200,200,200,200,1500,2400,0.0024,,
,1,,USD,,NEW DELHI,DEL01976,KIMBAL PRIVATE LIMITED,,,,,,ARPIT SINGH,Prakash,VISHAY,VISHAY,,,CRCW1206560RFKEAC,New,0.0016,,125000,125000,125000,125000,125000,125000,125000,125000,125000,125000,125000,125000,200,200,200,200,200,200,200,200,200,200,200,200,1500,2400,0.0024,,
,1,,USD,,NEW DELHI,DEL01976,KIMBAL PRIVATE LIMITED,,,,,,ARPIT SINGH,Prakash,VISHAY,VISHAY,,,CRCW1206750KFKEAC,New,0.0016,,125000,125000,125000,125000,125000,125000,125000,125000,125000,125000,125000,125000,200,200,200,200,200,200,200,200,200,200,200,200,1500,2400,0.0024,,
,1,,USD,,NEW DELHI,DEL01976,KIMBAL PRIVATE LIMITED,,,,,,ARPIT SINGH,Prakash,VISHAY,VISHAY,,,CRCW0603220RFKEAC,New,0.00056,,125000,125000,125000,125000,125000,125000,125000,125000,125000,125000,125000,125000,70,70,70,70,70,70,70,70,70,70,70,70,1500,840,0.00084,,
,1,,USD,,NEW DELHI,DEL01976,KIMBAL PRIVATE LIMITED,,,,,,ARPIT SINGH,Prakash,VISHAY,VISHAY,,,CRCW06032K20FKEAC,New,0.00056,,125000,125000,125000,125000,125000,125000,125000,125000,125000,125000,125000,125000,70,70,70,70,70,70,70,70,70,70,70,70,1500,840,0.00084,,
,1,,USD,,NEW DELHI,DEL01976,KIMBAL PRIVATE LIMITED,,,,,,ARPIT SINGH,Prakash,VISHAY,VISHAY,,,CRCW06032K70FKEAC,New,0.00056,,125000,125000,125000,125000,125000,125000,125000,125000,125000,125000,125000,125000,70,70,70,70,70,70,70,70,70,70,70,70,1500,840,0.00084,,
,1,,USD,,NEW DELHI,DEL01976,KIMBAL PRIVATE LIMITED,,,,,,ARPIT SINGH,Prakash,VISHAY,VISHAY,,,CRCW06036K80FKEAC,New,0.00056,,125000,125000,125000,125000,125000,125000,125000,125000,125000,125000,125000,125000,70,70,70,70,70,70,70,70,70,70,70,70,1500,840,0.00084,,
,1,,USD,,NEW DELHI,DEL01976,KIMBAL PRIVATE LIMITED,,,,,,ARPIT SINGH,Prakash,VISHAY,VISHAY,,,CRCW060310M0FKEAC,New,0.00053,,125000,125000,125000,125000,125000,125000,125000,125000,125000,125000,125000,125000,66.25,66.25,66.25,66.25,66.25,66.25,66.25,66.25,66.25,66.25,66.25,66.25,1500,795,0.000795,,
,1,,USD,,NEW DELHI,DEL01976,KIMBAL PRIVATE LIMITED,,,,,,ARPIT SINGH,Prakash,VISHAY,VISHAY,,,CRCW040222R0FKEDC,New,0.00038,,125000,125000,125000,125000,125000,125000,125000,125000,125000,125000,125000,125000,47.5,47.5,47.5,47.5,47.5,47.5,47.5,47.5,47.5,47.5,47.5,47.5,1500,570,0.00057,,
A9153,5,,USD,NORTH,NEW DELHI,DEL01976,KIMBAL PRIVATE LIMITED,Industrial,Others-Industrial,,Industrial,Others-Industrial,ARPIT SINGH,Prakash,VISHAY,VISHAY,Mahesha,Tanuja,CRCW0805620RFKEAC,Existing,0.001,0.00084,100000,100000,100000,100000,100000,100000,100000,100000,100000,100000,100000,100000,100,100,100,100,100,100,100,100,100,100,100,100,1200,1200,0.0012,,
,1,,USD,,NEW DELHI,DEL01976,KIMBAL PRIVATE LIMITED,,,,,,ARPIT SINGH,Prakash,VISHAY,VISHAY,,,CRCW0402100RFKEDC,New,0.00038,,100000,100000,100000,100000,100000,100000,100000,100000,100000,100000,100000,100000,38,38,38,38,38,38,38,38,38,38,38,38,1200,456,0.000456,,
,1,,USD,,NEW DELHI,DEL01976,KIMBAL PRIVATE LIMITED,,,,,,ARPIT SINGH,Prakash,VISHAY,VISHAY,,,CRCW080533M0JPEAHR,New,0.0232,,,,,,125000,125000,125000,125000,125000,125000,125000,125000,0,0,0,0,2900,2900,2900,2900,2900,2900,2900,2900,1000,23200,0.0232,,
A8115,5,,INR,NORTH,NEW DELHI,DEL01980,ANEVOLVE PRIVATE LIMITED,Automotive-EV,Charger,ANEVOLVE PRIVATE LIMITED,Automotive-EV,Charger,SURAJ PANDEY,Abha,DIOTEC,DIOTEC,Adarsh,Prajwal,USL1M,Existing,1.39,1.2,8000,8000,8000,8000,8000,8000,8000,8000,8000,8000,8000,8000,11120,11120,11120,11120,11120,11120,11120,11120,11120,11120,11120,11120,96,133440,0.00151223934723481,,
,1,,USD,,NEW DELHI,DEL01976,KIMBAL PRIVATE LIMITED,,,,,,ARPIT SINGH,Prakash,VISHAY,VISHAY,,,CRCW06031K50FKEAC,New,0.00056,,75000,75000,75000,75000,75000,75000,75000,75000,75000,75000,75000,75000,42,42,42,42,42,42,42,42,42,42,42,42,900,504,0.000504,,
,1,,USD,,NEW DELHI,DEL01976,KIMBAL PRIVATE LIMITED,,,,,,ARPIT SINGH,Prakash,VISHAY,VISHAY,,,CRCW040233K0FKEDC,New,0.00038,,75000,75000,75000,75000,75000,75000,75000,75000,75000,75000,75000,75000,28.5,28.5,28.5,28.5,28.5,28.5,28.5,28.5,28.5,28.5,28.5,28.5,900,342,0.000342,,
,1,,USD,,NEW DELHI,DEL01976,KIMBAL PRIVATE LIMITED,,,,,,ARPIT SINGH,Prakash,TSC,TSC,,,GS2ZA,New,0.0235,,,,,,100000,100000,100000,100000,100000,100000,100000,100000,0,0,0,0,2350,2350,2350,2350,2350,2350,2350,2350,800,18800,0.0188,,
,1,,USD,NORTH,NEW DELHI,DEL01976,KIMBAL PRIVATE LIMITED,,,,,,ARPIT SINGH,,TAIWAN SEMI,TAIWAN SEMI,Gaurav,Prajwal,SS12,New,0.0202,,,,,,100000,100000,100000,100000,100000,100000,100000,100000,0,0,0,0,2020,2020,2020,2020,2020,2020,2020,2020,800,16160,0.01616,,
A4896,5,,INR,NORTH,AHMEDABAD,AMD00009,LUBI ELECTRONICS,Industrial,Automation,,Industrial,Automation,HARSH DOSHI,Poonam Kashyap,DIOTEC,DIOTEC,Adarsh,Prajwal,P6KE200A,Existing,4.32,3.83,2500,2500,2500,2500,2500,2500,2500,2500,2500,2500,2500,2500,10800,10800,10800,10800,10800,10800,10800,10800,10800,10800,10800,10800,30,129600,0.0014687216681777,,
A8907,5,,USD,NORTH,NEW DELHI,DEL01976,KIMBAL PRIVATE LIMITED,Industrial,Others-Industrial,,Industrial,Others-Industrial,ARPIT SINGH,Prakash,TIANMA,TIANMA,Nagendra,Bhavya,TJMS5904,Existing,0.41,0.39,50000,50000,50000,50000,50000,50000,50000,50000,50000,50000,50000,50000,20500,20500,20500,20500,20500,20500,20500,20500,20500,20500,20500,20500,600,246000,0.246,,
,1,,INR,NORTH,NEW DELHI,DEL00052,INDICATION INSTRUMENTS LTD,,,,Automotive-EV,Cluster,MAHESH KUMAR MITTAL,Palak,,TDK,,,ZMM4.7,Existing,0.71,,15000,15000,15000,15000,15000,15000,15000,15000,15000,15000,15000,15000,10650,10650,10650,10650,10650,10650,10650,10650,10650,10650,10650,10650,180,127800,0.00144832275611967,,
,1,,USD,NORTH,NEW DELHI,DEL01976,KIMBAL PRIVATE LIMITED,Consumer,Meter & Measurement,,Others,Meter & Measurement,ARPIT SINGH,Madhuri,MELEXIS,MELEXIS,Pavan,Navya,MLX90391ELQ-AAA-011-RE,New,0.1,0.1,,,,,50000,50000,50000,50000,50000,100000,100000,100000,0,0,0,0,5000,5000,5000,5000,5000,10000,10000,10000,550,55000,0.055,EURO,
A7558,5,,INR,NORTH,NEW DELHI,COIM00307,FIEM INDUSTRIES LTD,Automotive,Lighting,,Automotive,Lighting,KULDEEP KUMAR,Palak,DIOTEC,DIOTEC,Adarsh,Prajwal,1N4148W-Q,Existing,0.7,0.61,15000,15000,15000,15000,15000,15000,15000,15000,15000,15000,15000,15000,10500,10500,10500,10500,10500,10500,10500,10500,10500,10500,10500,10500,180,126000,0.00142792384406165,,
,1,,USD,,NEW DELHI,DEL01976,KIMBAL PRIVATE LIMITED,,,,,,ARPIT SINGH,Prakash,VISHAY,VISHAY,,,CRCW12060000Z0EAC,New,0.0016,,25000,25000,25000,25000,25000,25000,25000,25000,25000,25000,25000,25000,40,40,40,40,40,40,40,40,40,40,40,40,300,480,0.00048,,
,1,,USD,,NEW DELHI,DEL01976,KIMBAL PRIVATE LIMITED,,,,,,ARPIT SINGH,Prakash,VISHAY,VISHAY,,,CRCW1206100KFKEAC,New,0.0016,,25000,25000,25000,25000,25000,25000,25000,25000,25000,25000,25000,25000,40,40,40,40,40,40,40,40,40,40,40,40,300,480,0.00048,,
,1,,USD,,NEW DELHI,DEL01976,KIMBAL PRIVATE LIMITED,,,,,,ARPIT SINGH,Prakash,VISHAY,VISHAY,,,CRCW060320K0FKEAC,New,0.00056,,25000,25000,25000,25000,25000,25000,25000,25000,25000,25000,25000,25000,14,14,14,14,14,14,14,14,14,14,14,14,300,168,0.000168,,
,1,,USD,,NEW DELHI,DEL01976,KIMBAL PRIVATE LIMITED,,,,,,ARPIT SINGH,Prakash,VISHAY,VISHAY,,,CRCW040210R0FKEDC,New,0.00038,,25000,25000,25000,25000,25000,25000,25000,25000,25000,25000,25000,25000,9.5,9.5,9.5,9.5,9.5,9.5,9.5,9.5,9.5,9.5,9.5,9.5,300,114,0.000114,,
,1,,USD,,NEW DELHI,DEL01976,KIMBAL PRIVATE LIMITED,,,,,,ARPIT SINGH,Prakash,RENESAS,RENESAS,,,R5F11TLGDFB#15,New,0.75,,,,,,10000,10000,10000,10000,10000,50000,50000,50000,0,0,0,0,7500,7500,7500,7500,7500,37500,37500,37500,200,150000,0.15,,
,1,,USD,,NEW DELHI,DEL01976,KIMBAL PRIVATE LIMITED,,,,,,ARPIT SINGH,Prakash,RENESAS,RENESAS,,,AT25EU0021A-SSHN-T,New,0.2,,,,,,10000,10000,10000,10000,10000,50000,50000,50000,0,0,0,0,2000,2000,2000,2000,2000,10000,10000,10000,200,40000,0.04,,
,1,,USD,,NEW DELHI,DEL01976,KIMBAL PRIVATE LIMITED,,,,,,ARPIT SINGH,,JODING,JODING,,,JBD506322AG1C,New,0.079,,50000,50000,50000,50000,,,,,,,,,3950,3950,3950,3950,0,0,0,0,0,0,0,0,200,15800,0.0158,,
,1,,USD,NORTH,NEW DELHI,DEL01976,KIMBAL PRIVATE LIMITED,,,,,,ARPIT SINGH,,TAIWAN SEMI,TAIWAN SEMI,Gaurav,Prajwal,BSS84,New,0.011,,,,,,50000,,,,50000,,,50000,0,0,0,0,550,0,0,0,550,0,0,550,150,1650,0.00165,,
,1,,USD,,NEW DELHI,DEL01976,KIMBAL PRIVATE LIMITED,,,,,,ARPIT SINGH,Prakash,VISHAY,VISHAY,,,CRCW0402470RFKEDC,New,0.00038,,12500,12500,12500,12500,12500,12500,12500,12500,12500,12500,12500,12500,4.75,4.75,4.75,4.75,4.75,4.75,4.75,4.75,4.75,4.75,4.75,4.75,150,57,5.7e-05,,
,1,,INR,NORTH,AHMEDABAD,AMD00002,AMBILIN INCORPORATE,Industrial,Panel Meter,,Industrial,Panel Meter,HARSH DOSHI,Poonam Kashyap,RENESAS,RENESAS,Uma,Manju PJ,R5F102AAASP#10,,52,,200,200,200,200,200,200,200,200,200,200,200,200,10400,10400,10400,10400,10400,10400,10400,10400,10400,10400,10400,10400,2.4,124800,0.0014143245693563,,
A7780,,,INR,NORTH,NEW DELHI,DEL00072,NAPINO AUTO & ELECTRONICS LTD,Automotive,Fuel Injection System,,Automotive,Fuel Injection System,ARPIT SINGH,Abha,DEKI,DEKI,Vikram,Prajwal,134 102 K 3A 1A,Existing,0.64,0.58,16000,16000,16000,16000,16000,16000,16000,16000,16000,16000,16000,16000,10240,10240,10240,10240,10240,10240,10240,10240,10240,10240,10240,10240,192,122880,0.00139256572982774,,
A7664,5,,INR,NORTH,NEW DELHI,DEL01992,ANEVOLVE PRIVATE LIMITED,Automotive-EV,Charger,ANEVOLVE PRIVATE LIMITED,Automotive-EV,Charger,SURAJ PANDEY,Poonam Kashyap,BETTERFUSE,BETTERFUSE,Bharath,Priyanka N,5222100203C,Existing,10,0.037,,,1000,,,,1000,,1000,,1000,1000,0,0,10000,0,0,0,10000,0,10000,0,10000,10000,5,50000,0.00056663644605621,,
A6846,,,INR,NORTH,NEW DELHI,DEL01976,KIMBAL PRIVATE LIMITED,Energy Meter,Smart Meter,,Energy Meter,Smart Meter,ARPIT SINGH,Prakash,NICHICON,NICHICON,Abhinandan,Shraddha,UHV1A332MHD1TO,Existing,9.8,0.095,,,1000,,1000,,1000,,,,,,0,0,9800,0,9800,0,9800,0,0,0,0,0,3,29400,0.000333182230281052,,
,5,,USD,NORTH,NEW DELHI,DEL01976,KIMBAL PRIVATE LIMITED,,,,,,ARPIT SINGH,,QUECTEL,QUECTEL,Ram Mohan,Lavanya,SC206EEMDA-G51-UGNDAC,New,44.5,36,,,1000,,,1000,,,1500,,,1500,0,0,44500,0,0,44500,0,0,66750,0,0,66750,5,222500,0.2225,,
,1,,USD,,NEW DELHI,DEL01976,KIMBAL PRIVATE LIMITED,,,,,,ARPIT SINGH,Prakash,ATTEND,ATTEND,,,112J-TDAR-R01,New,0.12,,,,1000,,,1000,,,1500,,,1500,0,0,120,0,0,120,0,0,180,0,0,180,5,600,0.0006,,
,,,USD,,NEW DELHI,DEL01976,KIMBAL PRIVATE LIMITED,,,,,,ARPIT SINGH,Prakash,ATTEND,ATTEND,,,217B-BC02,New,0.1,,,,1000,,,1000,,,1500,,,1500,0,0,100,0,0,100,0,0,150,0,0,150,5,500,0.0005,,
,,,USD,,NEW DELHI,DEL01976,KIMBAL PRIVATE LIMITED,,,,,,ARPIT SINGH,Prakash,ATTEND,ATTEND,,,207A-BAB0-01,New,0.1,,,,1000,,,1000,,,1500,,,1500,0,0,100,0,0,100,0,0,150,0,0,150,5,500,0.0005,,
A8076,5,,INR,NORTH,NEW DELHI,DEL00057,KAYNES TECHNOLOGY INDIA LIMITED-DELHI,Others,EMS,,Others,EMS,ARPIT SINGH,Poonam Kashyap,DIOTEC,DIOTEC,Adarsh,Prajwal,SK26-Q,Existing,3.23,2.44,3000,3000,3000,3000,3000,3000,3000,3000,3000,3000,3000,3000,9690,9690,9690,9690,9690,9690,9690,9690,9690,9690,9690,9690,36,116280,0.00131776971894832,,
A5015,5,,INR,NORTH,NEW DELHI,DEL01976,KIMBAL PRIVATE LIMITED,Energy Meter,Smart Meter,,Energy Meter,Smart Meter,ARPIT SINGH,Prakash,NICHICON,NICHICON,Abhinandan,Shraddha,UUD0J471MNL1GS,Existing,9.2,0.0744,1000,1000,1000,1000,1000,1000,,,,,1000,1000,9200,9200,9200,9200,9200,9200,0,0,0,0,9200,9200,8,73600,0.000834088848594742,,
A7743,5,,INR,NORTH,NEW DELHI,DEL00042,FIEM INDUSTRIES LTD-ALWAR,Automotive,Lighting,,Automotive,Lighting,KULDEEP KUMAR,Palak,DIOTEC,DIOTEC,Adarsh,Prajwal,SKL16-AQ,Existing,2.24,1.97,4000,4000,4000,4000,4000,4000,4000,4000,4000,4000,4000,4000,8960,8960,8960,8960,8960,8960,8960,8960,8960,8960,8960,8960,48,107520,0.00121849501359927,,
A7709,5,,INR,NORTH,NEW DELHI,DEL01364,KAYNES TECHNOLOGY INDIA PVT LTD- HIMACHAL PRADESH,Others,EMS,,Others,EMS,ARPIT SINGH,Abha,DIOTEC,DIOTEC,Adarsh,Prajwal,MMBT2222A,Existing,0.74,0.67,12000,,12000,,,12000,,,12000,,,12000,8880,0,8880,0,0,8880,0,0,8880,0,0,8880,60,44400,0.000503173164097915,,
A5910,5,,INR,NORTH,NEW DELHI,DEL01317,HMCMM AUTO LTD,Automotive,Fuel Injection System,,Automotive,Fuel Injection System,ARPIT SINGH,Palak,PANASONIC,PANASONIC,Vikram,Anbarasu,ERJUP6J122V,Existing,0.88,0.773,10000,,10000,,10000,,10000,,10000,,10000,,8800,0,8800,0,8800,0,8800,0,8800,0,8800,0,60,52800,0.000598368087035358,,
A3564,,,INR,NORTH,AHMEDABAD,AMD00021,SWASTIK AUTOMATION & CONTROL,Industrial,Panel Meter,,Industrial,Panel Meter,HARSH DOSHI,Poonam Kashyap,DIOTEC,DIOTEC,Adarsh,Prajwal,LDI1117-05H,Existing,3.5,3.3,,,2500,,,2500,,,2500,,,,0,0,8750,0,0,8750,0,0,8750,0,0,0,7.5,26250,0.00029748413417951,,
,1,,INR,NORTH,NEW DELHI,DEL02023,ANEVOLVE PRIVATE LIMITED,Automotive-EV,Charger,ANEVOLVE PRIVATE LIMITED,Automotive-EV,Charger,SURAJ PANDEY,Poonam Kashyap,DIOTEC,DIOTEC,,,DI78M15D1,,8.7,,,,1000,,,,1000,,1000,,1000,1000,0,0,8700,0,0,0,8700,0,8700,0,8700,8700,5,43500,0.000492973708068903,,
A2580,5,,INR,NORTH,GUJARAT,GUJ00049,AXPERT ENTERPRISE,consumer,White Goods,,consumer,White Goods,HARSH DOSHI,Poonam Kashyap,DIOTEC,DIOTEC,Adarsh,Prajwal,LDI1117-05H,Existing,3.45,2.93,2500,2500,2500,2500,2500,2500,2500,2500,2500,2500,2500,2500,8625,8625,8625,8625,8625,8625,8625,8625,8625,8625,8625,8625,30,103500,0.00117293744333636,,
,1,,INR,NORTH,GUJARAT,GUJ00565,POLYCAB INDIA LTD,Energy Meter,Single Phase,,Energy Meter,Single Phase,HARSH DOSHI,,,NICHICON,,,UHV1E221MPD,New,4.29,,,,2000,,2000,,2000,,,2000,,2000,0,0,8580,0,8580,0,8580,0,0,8580,0,8580,10,42900,0.000486174070716228,,
A7360,5,,INR,NORTH,NEW DELHI,DEL01942,JNS INSTRUMENTS LIMITED,Automotive-EV,Cluster,,Automotive-EV,Cluster,ARPIT SINGH,Prakash,PANASONIC,PANASONIC,Vikram,Anbarasu,ERJB2AF111V,Existing,0.85,0.6267,10000,10000,10000,10000,10000,10000,10000,10000,10000,10000,10000,10000,8500,8500,8500,8500,8500,8500,8500,8500,8500,8500,8500,8500,120,102000,0.00115593834995467,,
A3041,,,INR,NORTH,NEW DELHI,DEL00072,NAPINO AUTO & ELECTRONICS LTD,Automotive,Fuel Injection System,,Automotive,Fuel Injection System,ARPIT SINGH,Abha,YAGEO,YAGEO,Abhinandan,Navya,AC1206JR-071K8L,Existing,0.31,0.00034,26000,26000,26000,26000,26000,26000,26000,26000,26000,26000,26000,26000,8060,8060,8060,8060,8060,8060,8060,8060,8060,8060,8060,8060,312,96720,0.00109610154125113,,
,,,INR,,NEW DELHI,DEL01429,NAPINO AUTO & ELECTRONICS LTD,,,,,,ARPIT SINGH,Abha,,DIOTEC,,,BC847B-Q,Existing,0.74,,10000,10000,10000,10000,10000,10000,10000,10000,10000,10000,10000,10000,7400,7400,7400,7400,7400,7400,7400,7400,7400,7400,7400,7400,120,88800,0.00100634632819583,,
,1,,INR,NORTH,NEW DELHI,DEL02023,ANEVOLVE PRIVATE LIMITED,Automotive-EV,Charger,ANEVOLVE PRIVATE LIMITED,Automotive-EV,Charger,SURAJ PANDEY,Poonam Kashyap,AISHI,AISHI,,,EWK1CM101D11-T,,0.92,,8000,8000,8000,8000,8000,8000,8000,8000,8000,8000,8000,8000,7360,7360,7360,7360,7360,7360,7360,7360,7360,7360,7360,7360,96,88320,0.00100090661831369,,
A1517,,,INR,NORTH,NEW DELHI,DEL00072,NAPINO AUTO & ELECTRONICS LTD,Automotive,Fuel Injection System,,Automotive,Fuel Injection System,ARPIT SINGH,Abha,DIOTEC,DIOTEC,Adarsh,Prajwal,BC846B-Q,Existing,0.53,0.48,13500,13500,13500,13500,13500,13500,13500,13500,13500,,13500,13500,7155,7155,7155,7155,7155,7155,7155,7155,7155,0,7155,7155,148.5,78705,0.000891942429737081,,
A4922,5,5,INR,NORTH,GUJARAT,GUJ00520,SILVER CONSUMER ELECTRICALS LIMITED,Industrial,Solar Pumps,,Industrial,Solar Pumps,HARSH DOSHI,Poonam Kashyap,DIOTEC,DIOTEC,Adarsh,Prajwal,SK54SMC,Existing,4.7,4.14,1500,1500,1500,,,,,,,,1500,1500,7050,7050,7050,0,0,0,0,0,0,0,7050,7050,7.5,35250,0.000399478694469628,,
A1919,5,,INR,NORTH,NEW DELHI,DEL02023,ANEVOLVE PRIVATE LIMITED,Automotive-EV,Charger,ANEVOLVE PRIVATE LIMITED,Automotive-EV,Charger,SURAJ PANDEY,Poonam Kashyap,DIOTEC,DIOTEC,Adarsh,Prajwal,SK310,Existing,7,6.13,,,1000,,,,1000,,1000,,1000,1000,0,0,7000,0,0,0,7000,0,7000,0,7000,7000,5,35000,0.000396645512239347,,
,1,,INR,NORTH,NEW DELHI,DEL02023,ANEVOLVE PRIVATE LIMITED,Automotive-EV,Charger,ANEVOLVE PRIVATE LIMITED,Automotive-EV,Charger,SURAJ PANDEY,Poonam Kashyap,AISHI,AISHI,,,EWK1HM100D11-T,,0.86,,8000,8000,8000,8000,8000,8000,8000,8000,8000,8000,8000,8000,6880,6880,6880,6880,6880,6880,6880,6880,6880,6880,6880,6880,96,82560,0.000935630099728015,,
A3676,5,,INR,NORTH,AHMEDABAD,AMD00009,LUBI ELECTRONICS,Industrial,Automation,,Industrial,Automation,HARSH DOSHI,Poonam Kashyap,DIOTEC,DIOTEC,Adarsh,Prajwal,USL1J,Existing,2.65,2.28,2500,2500,2500,2500,2500,2500,2500,2500,2500,2500,2500,2500,6625,6625,6625,6625,6625,6625,6625,6625,6625,6625,6625,6625,30,79500,0.000900951949229375,,
A1216,5,,INR,NORTH,NEW DELHI,DEL01942,JNS INSTRUMENTS LIMITED,Automotive-EV,Cluster,,Automotive-EV,Cluster,ARPIT SINGH,Prakash,PANASONIC,PANASONIC,Vikram,Anbarasu,ERJB2AJ221V,Existing,0.65,0.6267,10000,10000,10000,10000,10000,10000,10000,10000,10000,10000,10000,10000,6500,6500,6500,6500,6500,6500,6500,6500,6500,6500,6500,6500,120,78000,0.000883952855847688,,
A3016,5,,INR,NORTH,NEW DELHI,DEL01942,JNS INSTRUMENTS LIMITED,Automotive-EV,Cluster,,Automotive-EV,Cluster,ARPIT SINGH,Prakash,PANASONIC,PANASONIC,Vikram,Anbarasu,ERJB2AJ391V,Existing,0.65,0.6267,10000,10000,10000,10000,10000,10000,10000,10000,10000,10000,10000,10000,6500,6500,6500,6500,6500,6500,6500,6500,6500,6500,6500,6500,120,78000,0.000883952855847688,,
A3699,5,,INR,NORTH,NEW DELHI,DEL01942,JNS INSTRUMENTS LIMITED,Automotive-EV,Cluster,,Automotive-EV,Cluster,ARPIT SINGH,Prakash,PANASONIC,PANASONIC,Vikram,Anbarasu,ERJB2AJ511V,Existing,0.65,0.6267,10000,10000,10000,10000,10000,10000,10000,10000,10000,10000,10000,10000,6500,6500,6500,6500,6500,6500,6500,6500,6500,6500,6500,6500,120,78000,0.000883952855847688,,
A6429,,,INR,NORTH,NEW DELHI,DEL01895,WYNNCOM DIGITAL DEVICES PVT. LTD.,Industrial,Automation,,Industrial,Automation,ARPIT SINGH,Neha Chauhan,DIOTEC,DIOTEC,Adarsh,Prajwal,ESD3B12WS,Existing,2.07,1.88,,,3000,,,,,,,,,,0,0,6210,0,0,0,0,0,0,0,0,0,3,6210,7.03762466001813e-05,,
,1,,INR,NORTH,NEW DELHI,DEL02023,ANEVOLVE PRIVATE LIMITED,Automotive-EV,Charger,ANEVOLVE PRIVATE LIMITED,Automotive-EV,Charger,SURAJ PANDEY,Poonam Kashyap,AISHI,AISHI,,,EWK1EM100D11-T,,0.76,,8000,8000,8000,8000,8000,8000,8000,8000,8000,8000,8000,8000,6080,6080,6080,6080,6080,6080,6080,6080,6080,6080,6080,6080,96,72960,0.000826835902085222,,
,1,,INR,NORTH,NEW DELHI,DEL02023,ANEVOLVE PRIVATE LIMITED,Automotive-EV,Charger,ANEVOLVE PRIVATE LIMITED,Automotive-EV,Charger,SURAJ PANDEY,Poonam Kashyap,AISHI,AISHI,,,EWK1CM100D11-T,,0.73,,8000,8000,8000,8000,8000,8000,8000,8000,8000,8000,8000,8000,5840,5840,5840,5840,5840,5840,5840,5840,5840,5840,5840,5840,96,70080,0.000794197642792385,,
A5039,,,INR,NORTH,NEW DELHI,DEL00072,NAPINO AUTO & ELECTRONICS LTD,Automotive,Fuel Injection System,,Automotive,Fuel Injection System,ARPIT SINGH,Abha,DEKI,DEKI,Vikram,Prajwal,13 103 K 2G 1A,Existing,1.45,1.32,4000,4000,4000,4000,4000,4000,4000,4000,4000,4000,4000,4000,5800,5800,5800,5800,5800,5800,5800,5800,5800,5800,5800,5800,48,69600,0.000788757932910245,,
,1,,USD,NORTH,NEW DELHI,,LUMAX ALPS ALPINE,,,,,,MAHESH KUMAR MITTAL,,,TSC,,,SMBJ24CAH,New,0.0554,,,,,,,,10000,,,,,,0,0,0,0,0,0,554,0,0,0,0,0,10,554,0.000554,,
,1,,USD,NORTH,NEW DELHI,,LUMAX ALPS ALPINE,,,,,,MAHESH KUMAR MITTAL,,,TSC,,,S1MLWH,New,0.0168,,,,,,,,10000,,,,,,0,0,0,0,0,0,168,0,0,0,0,0,10,168,0.000168,,
,1,,USD,NORTH,NEW DELHI,,LUMAX ALPS ALPINE,,,,,,MAHESH KUMAR MITTAL,,,TSC,,,TQM2N7002KCU,New,0.0151,,,,,,,,10000,,,,,,0,0,0,0,0,0,151,0,0,0,0,0,10,151,0.000151,,
,1,,USD,NORTH,NEW DELHI,,LUMAX ALPS ALPINE,,,,,,MAHESH KUMAR MITTAL,,,TSC,,,BC817-25H,New,0.0157,,,,,,,,8000,,,,,,0,0,0,0,0,0,125.6,0,0,0,0,0,8,125.6,0.0001256,,
,1,,USD,NORTH,NEW DELHI,,LUMAX ALPS ALPINE,,,,,,MAHESH KUMAR MITTAL,,,TSC,,,RS1GLWH,New,0.0185,,,,,,,,5000,,,,,,0,0,0,0,0,0,92.5,0,0,0,0,0,5,92.5,9.25e-05,,
A2925,5,,INR,NORTH,NEW DELHI,DEL01824,EXICOM TELE-SYSTEMS LIMITED,Telecom,Base Station,,Telecom,Base Station,MAHESH KUMAR MITTAL,Vinny,DIOTEC,DIOTEC,Adarsh,Prajwal,BCW66F,Existing,0.94,0.828,6000,6000,6000,,6000,6000,6000,6000,6000,6000,6000,6000,5640,5640,5640,0,5640,5640,5640,5640,5640,5640,5640,5640,66,62040,0.000703082502266546,,
A9595,5,,USD,NORTH,NEW DELHI,DEL00061,LUMAX INDUSTRIES LIMITED,Automotive,Automotive Lighting,,Automotive,Automotive Lighting,MAHESH KUMAR MITTAL,Prakash,TAIWAN SEMI,TAIWAN SEMI,Gaurav,Prajwal,TSCR420CX6H RFG,Existing,0.079,0.066,300000,300000,300000,300000,300000,300000,300000,300000,300000,300000,300000,300000,23700,23700,23700,23700,23700,23700,23700,23700,23700,23700,23700,23700,3600,284400,0.2844,,
A8090,5,,INR,NORTH,NEW DELHI,DEL00233,BENTEC INDIA LIMITED,Energy Meter,Three Phase,,Energy Meter,Three Phase,ARPIT SINGH,Neha Chauhan,DIOTEC,DIOTEC,Adarsh,Prajwal,BC847B,Existing,0.55,0,10000,10000,10000,10000,10000,10000,10000,10000,10000,10000,10000,10000,5500,5500,5500,5500,5500,5500,5500,5500,5500,5500,5500,5500,120,66000,0.000747960108794198,,
A4474,5,,INR,NORTH,GUJARAT,GUJ00520,SILVER CONSUMER ELECTRICALS LIMITED,Industrial,Solar Pumps,,Industrial,Solar Pumps,HARSH DOSHI,Poonam Kashyap,EVE,EVE,Manju N,Kiran Bhamshetty,CR2032 - PLAIN,Existing,11,0.085,500,500,500,,,,,,,600,600,0,5500,5500,5500,0,0,0,0,0,0,6600,6600,0,2.7,29700,0.000336582048957389,,
A6375,5,,INR,NORTH,NEW DELHI,DEL01824,EXICOM TELE-SYSTEMS LIMITED,Telecom,Base Station,,Telecom,Base Station,MAHESH KUMAR MITTAL,Vinny,DIOTEC,DIOTEC,Adarsh,Prajwal,1N4148WS,Existing,0.6,0.53,9000,,9000,9000,,9000,9000,9000,9000,,9000,9000,5400,0,5400,5400,0,5400,5400,5400,5400,0,5400,5400,81,48600,0.000550770625566637,,
A4412,5,,INR,NORTH,NEW DELHI,DEL01364,KAYNES TECHNOLOGY INDIA PVT LTD- HIMACHAL PRADESH,Others,EMS,,Others,EMS,ARPIT SINGH,Abha,DIOTEC,DIOTEC,Adarsh,Prajwal,"M7, T/R",Existing,0.45,0.39,12000,,12000,,,12000,,,12000,,,12000,5400,0,5400,0,0,5400,0,0,5400,0,0,5400,60,27000,0.000305983680870354,,
A2990,,,INR,NORTH,NEW DELHI,DEL00072,NAPINO AUTO & ELECTRONICS LTD,Automotive,Fuel Injection System,,Automotive,Fuel Injection System,ARPIT SINGH,Abha,YAGEO,YAGEO,Abhinandan,Navya,AC1206JR-072K7L,Existing,0.21,0.0019,25000,25000,25000,25000,25000,25000,25000,25000,25000,25000,25000,25000,5250,5250,5250,5250,5250,5250,5250,5250,5250,5250,5250,5250,300,63000,0.000713961922030825,,
A2783,5,,INR,NORTH,NEW DELHI,DEL01317,HMCMM AUTO LTD,Automotive,Fuel Injection System,,Automotive,Fuel Injection System,ARPIT SINGH,Palak,PANASONIC,PANASONIC,Vikram,Anbarasu,ERJPA2F1003X,Existing,0.51,0.453,10000,,10000,,10000,,10000,,10000,,10000,,5100,0,5100,0,5100,0,5100,0,5100,0,5100,0,60,30600,0.000346781504986401,,
A5501,5,,INR,NORTH,NEW DELHI,DEL00057,KAYNES TECHNOLOGY INDIA LIMITED-DELHI,Others,EMS,,Others,EMS,ARPIT SINGH,Abha,DIOTEC,DIOTEC,Adarsh,Prajwal,BAT54WS-Q,Existing,1.02,0.82,5000,5000,5000,5000,5000,5000,5000,5000,5000,5000,5000,5000,5100,5100,5100,5100,5100,5100,5100,5100,5100,5100,5100,5100,60,61200,0.000693563009972802,,
A6255,5,,INR,NORTH,NEW DELHI,DEL00057,KAYNES TECHNOLOGY INDIA LIMITED-DELHI,Others,EMS,,Others,EMS,ARPIT SINGH,Abha,DIOTEC,DIOTEC,Adarsh,Prajwal,MMBT7002K-Q,Existing,1.02,0.87,5000,5000,5000,5000,5000,5000,5000,5000,5000,5000,5000,5000,5100,5100,5100,5100,5100,5100,5100,5100,5100,5100,5100,5100,60,61200,0.000693563009972802,,
A9168,5,,USD,NORTH,NEW DELHI,DEL00061,LUMAX INDUSTRIES LIMITED,Automotive,Automotive Lighting,,Automotive,Automotive Lighting,MAHESH KUMAR MITTAL,Prakash,TDK,TDK,Karthik,Mangalagowri,CGA5L1X7R1H106KT0Y0N,Existing,0.131,0.114,50000,50000,50000,50000,50000,50000,50000,50000,50000,50000,50000,50000,6550,6550,6550,6550,6550,6550,6550,6550,6550,6550,6550,6550,600,78600,0.0786,,
A9597,5,,USD,NORTH,NEW DELHI,DEL00061,LUMAX INDUSTRIES LIMITED,Automotive,Automotive Lighting,,Automotive,Automotive Lighting,MAHESH KUMAR MITTAL,Prakash,TDK,TDK,Karthik,Mangalagowri,CGA4J3X7R1H225KT000N,Existing,0.05,0.0438,50000,50000,50000,50000,50000,50000,50000,50000,50000,50000,50000,50000,2500,2500,2500,2500,2500,2500,2500,2500,2500,2500,2500,2500,600,30000,0.03,,
A5118,5,,INR,NORTH,NEW DELHI,DEL01992,ANEVOLVE PRIVATE LIMITED,Automotive-EV,Charger,ANEVOLVE PRIVATE LIMITED,Automotive-EV,Charger,SURAJ PANDEY,Poonam Kashyap,DIOTEC,DIOTEC,Adarsh,Prajwal,1N4148W,Existing,0.61,0.53,8000,8000,8000,8000,8000,8000,8000,8000,8000,8000,8000,8000,4880,4880,4880,4880,4880,4880,4880,4880,4880,4880,4880,4880,96,58560,0.000663644605621034,,
A6385,5,,INR,NORTH,NEW DELHI,DEL01824,EXICOM TELE-SYSTEMS LIMITED,Telecom,Base Station,,Telecom,Base Station,MAHESH KUMAR MITTAL,Vinny,DIOTEC,DIOTEC,Adarsh,Prajwal,S2M,Existing,1.5,1.34,3000,3000,3000,3000,3000,3000,3000,3000,3000,3000,,,4500,4500,4500,4500,4500,4500,4500,4500,4500,4500,0,0,30,45000,0.000509972801450589,,
,1,,INR,NORTH,NEW DELHI,DEL02023,ANEVOLVE PRIVATE LIMITED,Automotive-EV,Charger,ANEVOLVE PRIVATE LIMITED,Automotive-EV,Charger,SURAJ PANDEY,Poonam Kashyap,DIOTEC,DIOTEC,,,LDI1117-05H,,4.3,,,,1000,,,,1000,,1000,,1000,1000,0,0,4300,0,0,0,4300,0,4300,0,4300,4300,5,21500,0.00024365367180417,,
A13717,5,,USD,NORTH,NEW DELHI,DEL00061,LUMAX INDUSTRIES LIMITED,Automotive,Automotive Lighting,,,,MAHESH KUMAR MITTAL,Prakash,TDK,TDK,Karthik,Mangalagowri,CGA6M3X7R1H225K200AB,Existing,0.089,0,20000,20000,20000,20000,,20000,20000,20000,,20000,20000,20000,1780,1780,1780,1780,0,1780,1780,1780,0,1780,1780,1780,200,17800,0.0178,,
A10334,5,,USD,NORTH,NEW DELHI,DEL00061,LUMAX INDUSTRIES LIMITED,Automotive,Automotive Lighting,,Automotive,Automotive Lighting,MAHESH KUMAR MITTAL,Prakash,TDK,TDK,Karthik,Mangalagowri,ACT45C-510-2P-TL000,Existing,0.157,0.14,30000,30000,30000,30000,30000,,,,,,,,4710,4710,4710,4710,4710,0,0,0,0,0,0,0,150,23550,0.02355,,
,1,,USD,,NEW DELHI,DEL00061,LUMAX INDUSTRIES LIMITED,,,,,,MAHESH KUMAR MITTAL,Prakash,,TDK,,,CGA4F3X7S2A224K085AE,Existing,0.0644,,12000,12000,12000,12000,12000,12000,12000,12000,12000,12000,12000,12000,772.8,772.8,772.8,772.8,772.8,772.8,772.8,772.8,772.8,772.8,772.8,772.8,144,9273.6,0.0092736,,
,1,,USD,,NEW DELHI,DEL00061,LUMAX INDUSTRIES LIMITED,,,,,,MAHESH KUMAR MITTAL,Prakash,,Panasonic,,,CGA4F3X7S2A224K085AE,Existing,0.0644,,12000,12000,12000,12000,12000,12000,12000,12000,12000,12000,12000,12000,772.8,772.8,772.8,772.8,772.8,772.8,772.8,772.8,772.8,772.8,772.8,772.8,144,9273.6,0.0092736,,
A14112,5,,USD,NORTH,NEW DELHI,DEL00061,LUMAX INDUSTRIES LIMITED,Automotive,Automotive Lighting,,,,MAHESH KUMAR MITTAL,Prakash,TAIWAN SEMI,TAIWAN SEMI,Gaurav,Prajwal,SS110LWH,Existing,0.0265,0,,,,30000,,,30000,,,,30000,30000,0,0,0,795,0,0,795,0,0,0,795,795,120,3180,0.00318,,
,1,,INR,,NEW DELHI,,LAN Engineering and technology,,,,,,ABHISHEKH CHOUDHARY,Palak,,NICHICON,UCS2W330MHDFZX,0.21,UCS2W330MHDFZX,,0.21,,,,20000,,,20000,,,20000,,,20000,0,0,4200,0,0,4200,0,0,4200,0,0,4200,80,16800,0.000190389845874887,,
,1,,INR,NORTH,NEW DELHI,DEL02023,ANEVOLVE PRIVATE LIMITED,Automotive-EV,Charger,ANEVOLVE PRIVATE LIMITED,Automotive-EV,Charger,SURAJ PANDEY,Poonam Kashyap,DIOTEC,DIOTEC,,,SL1D,,4.05,,,,1000,,,,1000,,1000,,1000,1000,0,0,4050,0,0,0,4050,0,4050,0,4050,4050,5,20250,0.000229487760652765,,
A9169,5,,USD,NORTH,NEW DELHI,DEL00061,LUMAX INDUSTRIES LIMITED,Automotive,Automotive Lighting,,Automotive,Automotive Lighting,MAHESH KUMAR MITTAL,Prakash,ROHM,ROHM,Vivek,Mangalagowri,BD9G401EFJ-ME2,Existing,0.28,0.186,30000,30000,30000,,,,,,,,,,8400,8400,8400,0,0,0,0,0,0,0,0,0,90,25200,0.0252,,
A13785,5,,USD,NORTH,NEW DELHI,DEL00061,LUMAX INDUSTRIES LIMITED,Automotive,Automotive Lighting,,,,MAHESH KUMAR MITTAL,Prakash,TDK,TDK,Karthik,Mangalagowri,ACT1210-101-2P-TL00,Existing,0.168,0,6000,6000,6000,6000,6000,6000,6000,6000,6000,6000,6000,6000,1008,1008,1008,1008,1008,1008,1008,1008,1008,1008,1008,1008,72,12096,0.012096,,
A3438,5,,INR,NORTH,NEW DELHI,DEL02051,RIOT LABZ PRIVATE LIMITED,Energy Meter,Smart Meter,,Energy Meter,Smart Meter,ABHISHEKH CHOUDHARY,Poonam Kashyap,NICHICON,NICHICON,Abhinandan,Shraddha,UUL1E100MCL1GS,Existing,4.04,0.038,,,1000,,,,,,,,,,0,0,4040,0,0,0,0,0,0,0,0,0,1,4040,4.57842248413418e-05,,
A8469,5,,USD,NORTH,NEW DELHI,DEL00061,LUMAX INDUSTRIES LIMITED,Automotive,Automotive Lighting,,Automotive,Automotive Lighting,MAHESH KUMAR MITTAL,Prakash,ROHM,ROHM,Vivek,Mangalagowri,2SCR574D3FRATL,Existing,0.132,0.1221,20000,20000,20000,,,,,,,,,,2640,2640,2640,0,0,0,0,0,0,0,0,0,60,7920,0.00792,,
,1,,USD,,NEW DELHI,DEL00061,LUMAX INDUSTRIES LIMITED,,,,,,MAHESH KUMAR MITTAL,Prakash,,NICHICON,,,UCH1V221MCL1GS,Existing,0.2,,,,,,,,10000,10000,10000,10000,10000,,0,0,0,0,0,0,2000,2000,2000,2000,2000,0,50,10000,0.01,,
,1,,USD,,NEW DELHI,DEL00061,LUMAX INDUSTRIES LIMITED,,,,,,MAHESH KUMAR MITTAL,Prakash,,NICHICON,,,UCM1K680MNL1GS,Existing,0.139,,,,,,,,10000,10000,10000,10000,10000,,0,0,0,0,0,0,1390,1390,1390,1390,1390,0,50,6950,0.00695,,
,1,,USD,,NEW DELHI,DEL00061,LUMAX INDUSTRIES LIMITED,,,,,,MAHESH KUMAR MITTAL,Prakash,,NICHICON,,,UCZ1C101MCL6GS,Existing,0.112,,,,,,,,10000,10000,10000,10000,10000,,0,0,0,0,0,0,1120,1120,1120,1120,1120,0,50,5600,0.0056,,
,1,,USD,,NEW DELHI,DEL00061,LUMAX INDUSTRIES LIMITED,,,,,,MAHESH KUMAR MITTAL,Prakash,,EPCOS,,,B72510E0250K062,Existing,0.0437,,,,,,,,20000,,,,20000,,0,0,0,0,0,0,874,0,0,0,874,0,40,1748,0.001748,,
,1,,USD,,NEW DELHI,DEL00061,LUMAX INDUSTRIES LIMITED,,,,,,MAHESH KUMAR MITTAL,Prakash,,TDK,,,CGA3E2X7R1H104K080AE,Existing,0.0102,,,,,,,,20000,,,,20000,,0,0,0,0,0,0,204,0,0,0,204,0,40,408,0.000408,,
,1,,USD,,NEW DELHI,DEL00061,LUMAX INDUSTRIES LIMITED,,,,,,MAHESH KUMAR MITTAL,Prakash,,TDK,,,CGA2B3X7R1H103K050BB,Existing,0.0036,,,,,,,,20000,,,,20000,,0,0,0,0,0,0,72,0,0,0,72,0,40,144,0.000144,,
,1,,INR,,NEW DELHI,,LAN Engineering and technology,,,,,,ABHISHEKH CHOUDHARY,Palak,,NICHICON,UCY2W220MHD,0.191,UCY2W220MHD,,0.191,,,,20000,,,20000,,,20000,,,20000,0,0,3820,0,0,3820,0,0,3820,0,0,3820,80,15280,0.000173164097914778,,
A8328,,,INR,NORTH,NEW DELHI,DEL00072,NAPINO AUTO & ELECTRONICS LTD,Automotive,Fuel Injection System,,Automotive,Fuel Injection System,ARPIT SINGH,Neha Chauhan,PANASONIC,PANASONIC,Vikram,Anbarasu,ERJ2RKF4531X,New,0.0751,0,50000,50000,50000,50000,50000,50000,50000,50000,50000,50000,50000,50000,3755,3755,3755,3755,3755,3755,3755,3755,3755,3755,3755,3755,600,45060,0.000510652765185857,,
,1,,INR,,NEW DELHI,DEL00061,LUMAX INDUSTRIES LIMITED,,,,,,MAHESH KUMAR MITTAL,Prakash,,PANASONIC,,,EXB38V102JV,Existing,1.21,,3000,3000,3000,3000,3000,3000,3000,3000,3000,3000,3000,3000,3630,3630,3630,3630,3630,3630,3630,3630,3630,3630,3630,3630,36,43560,0.000493653671804171,,
A9621,5,,USD,NORTH,NEW DELHI,DEL00061,LUMAX INDUSTRIES LIMITED,Automotive,Automotive Lighting,,Automotive,Automotive Lighting,MAHESH KUMAR MITTAL,Prakash,ROHM,ROHM,Vivek,Mangalagowri,PTZTFTE2512B,Existing,0.046,0.04144,5000,5000,5000,,,,,,,,,,230,230,230,0,0,0,0,0,0,0,0,0,15,690,0.00069,,
,1,,USD,,NEW DELHI,DEL00061,LUMAX INDUSTRIES LIMITED,,,,,,MAHESH KUMAR MITTAL,Prakash,,NICHICON,,,UCM1H220MCL1GS,Existing,0.058,,,,,,,,2000,2000,2000,2000,2000,,0,0,0,0,0,0,116,116,116,116,116,0,10,580,0.00058,,
A9116,5,,USD,NORTH,NEW DELHI,DEL00061,LUMAX INDUSTRIES LIMITED,Automotive,Automotive Lighting,,Automotive,Automotive Lighting,MAHESH KUMAR MITTAL,Prakash,ROHM,ROHM,Vivek,Mangalagowri,RBR15BM60AFHTL,Existing,0.246,0.22624,2500,2500,2500,,,,,,,,,,615,615,615,0,0,0,0,0,0,0,0,0,7.5,1845,0.001845,,
,1,,USD,,NEW DELHI,DEL00061,LUMAX INDUSTRIES LIMITED,,,,,,MAHESH KUMAR MITTAL,Prakash,,TDK,,,ZCAT08V-BK,Existing,1.725,,,,,,,,500,,,,500,,0,0,0,0,0,0,862.5,0,0,0,862.5,0,1,1725,0.001725,,
,5,,USD,,NEW DELHI,DEL00061,LUMAX INDUSTRIES LIMITED,,,,,,MAHESH KUMAR MITTAL,Prakash,,TDK,,,ZCAT12V-BK,Existing,1.725,,,,,,,,500,,,,500,,0,0,0,0,0,0,862.5,0,0,0,862.5,0,1,1725,0.001725,,
,1,,INR,,NEW DELHI,DEL00072,NAPINO AUTO & ELECTRONICS LTD,,,,,,ARPIT SINGH,Abha,,PANASONIC,,,EXB38V332JV,New,1.21,,3000,3000,3000,3000,3000,3000,3000,3000,3000,3000,3000,3000,3630,3630,3630,3630,3630,3630,3630,3630,3630,3630,3630,3630,36,43560,0.000493653671804171,,
,1,,INR,,NEW DELHI,DEL00758,NEOLITE ZKW LIGHTINGS PRIVATE LIMITED,,,,,,MAHESH KUMAR MITTAL,Poonam Kashyap,,DIOTEC,,,SL1M-Q,New,1.175,,3000,,3000,,3000,,3000,,3000,,3000,,3525,0,3525,0,3525,0,3525,0,3525,0,3525,0,18,21150,0.000239687216681777,,
A13703,,,USD,NORTH,NEW DELHI,DEL00062,LUMINOUS POWER TECHNOLOGIES HP,Industrial,TRACKER,,,,KULDEEP KUMAR,Vinny,RENESAS,RENESAS,Uma,Manju PJ,R5F104FCGFP#50,Existing,0.34,0,30000,30000,30000,30000,30000,30000,30000,30000,30000,30000,30000,30000,10200,10200,10200,10200,10200,10200,10200,10200,10200,10200,10200,10200,360,122400,0.1224,,
A9294,5,,USD,NORTH,NEW DELHI,DEL00062,LUMINOUS POWER TECHNOLOGIES HP,Industrial,TRACKER,LUMINOUS POWER TECHNOLOGIES HP,Industrial,TRACKER,KULDEEP KUMAR,Vinny,RENESAS,RENESAS,Uma,Manju PJ,R5F523T3AGFL#50,Existing,0.63,0.591,15000,15000,15000,15000,15000,15000,15000,15000,15000,15000,15000,15000,9450,9450,9450,9450,9450,9450,9450,9450,9450,9450,9450,9450,180,113400,0.1134,,
,1,,INR,NORTH,NEW DELHI,,Deva Autotronics,,,,,,MAHESH KUMAR MITTAL,,,NICHICON,,,UWT1H2R2MCR1GB,New,3.45,,1000,1000,1000,1000,1000,,1000,1000,1000,,1000,1000,3450,3450,3450,3450,3450,0,3450,3450,3450,0,3450,3450,10,34500,0.000390979147778785,,
A9350,5,,USD,NORTH,NEW DELHI,DEL00063,M S ELECTROVISION PVT LTD HARYANA,Consumer,White Goods,M S ELECTROVISION PVT LTD HARYANA,Consumer,White Goods,ABHISHEKH CHOUDHARY,Neha,RENESAS,RENESAS,Uma,Manju PJ,R5F100ACASP#50,Existing,0.3,0.263,10000,10000,10000,10000,10000,10000,10000,10000,10000,10000,10000,10000,3000,3000,3000,3000,3000,3000,3000,3000,3000,3000,3000,3000,120,36000,0.036,,
A10639,5,,USD,NORTH,NEW DELHI,DEL00063,M S ELECTROVISION PVT LTD HARYANA,Consumer,White Goods,,Consumer,White Goods,ABHISHEKH CHOUDHARY,Neha,TDK,TDK,Karthik,Mangalagowri,PS1240P02B2,Existing,0.063,0.06,,,25000,,,25000,,,25000,,,,0,0,1575,0,0,1575,0,0,1575,0,0,0,75,4725,0.004725,,
A13385,,,USD,NORTH,NEW DELHI,DEL02269,M/S POWER TECHNOLOGIES CORPORATION,Consumer,Lighting-Consumer,,Consumer,Lighting-Consumer,SURAJ PANDEY,Neha Chauhan,VISHAY,VISHAY,Mahesha,Tanuja,MAL504518229E3,Existing,0.035,0.033,,,,25000,,,,,20000,,,,0,0,0,875,0,0,0,0,700,0,0,0,45,1575,0.001575,,
A11022,,,USD,NORTH,NEW DELHI,DEL02269,M/S POWER TECHNOLOGIES CORPORATION,Consumer,Lighting-Consumer,,Consumer,Lighting-Consumer,SURAJ PANDEY,Neha Chauhan,VISHAY,VISHAY,Mahesha,Tanuja,MAL504518109E3,Existing,0.029,0.0265,,,,25000,,,,,20000,,,,0,0,0,725,0,0,0,0,580,0,0,0,45,1305,0.001305,,
A10057,,,USD,NORTH,NEW DELHI,DEL02269,M/S POWER TECHNOLOGIES CORPORATION,Consumer,Lighting-Consumer,,Consumer,Lighting-Consumer,SURAJ PANDEY,Neha Chauhan,VISHAY,VISHAY,Mahesha,Tanuja,MAL215946101E3,Existing,0.88,0.81,,,,6000,,,,,6000,,,,0,0,0,5280,0,0,0,0,5280,0,0,0,12,10560,0.01056,,
,1,,INR,NORTH,NEW DELHI,DEL02023,ANEVOLVE PRIVATE LIMITED,Automotive-EV,Charger,ANEVOLVE PRIVATE LIMITED,Automotive-EV,Charger,SURAJ PANDEY,Poonam Kashyap,DIOTEC,DIOTEC,,,DI78L05UAB,,3.38,,,,1000,,,,1000,,1000,,1000,1000,0,0,3380,0,0,0,3380,0,3380,0,3380,3380,5,16900,0.000191523118766999,,
A4338,,5,INR,NORTH,NEW DELHI,DEL00091,SUNRISE EMBEDDED SOLUTIONS PVT LTD,Industrial,Panel Meter,,Industrial,Panel Meter,ABHISHEKH CHOUDHARY,Abha,DIOTEC,DIOTEC,Adarsh,Prajwal,"M7, T/R",Existing,0.45,0.38,,,7500,,,,,7500,,,,,0,0,3375,0,0,0,0,3375,0,0,0,0,15,6750,7.64959202175884e-05,,
A3189,,,INR,NORTH,NEW DELHI,DEL01992,ANEVOLVE PRIVATE LIMITED,Automotive-EV,Charger,ANEVOLVE PRIVATE LIMITED,Automotive-EV,Charger,SURAJ PANDEY,Poonam Kashyap,DIOTEC,DIOTEC,Adarsh,Prajwal,NUP2105L,Existing,3.35,2.91,,,1000,,,,1000,,1000,,1000,1000,0,0,3350,0,0,0,3350,0,3350,0,3350,3350,5,16750,0.00018982320942883,,
A7344,5,,INR,NORTH,AHMEDABAD,AMD00001,ALFA INSTRUMENTS,Industrial,Panel Meter,,Industrial,Panel Meter,HARSH DOSHI,Poonam Kashyap,DIOTEC,DIOTEC,Adarsh,Prajwal,LL4148,Existing,0.41,0.36,8000,8000,8000,8000,8000,8000,8000,8000,8000,8000,8000,8000,3280,3280,3280,3280,3280,3280,3280,3280,3280,3280,3280,3280,96,39360,0.000446056210335449,,
A8327,,,INR,NORTH,NEW DELHI,DEL00072,NAPINO AUTO & ELECTRONICS LTD,Automotive,Fuel Injection System,,Automotive,Fuel Injection System,ARPIT SINGH,Abha,PANASONIC,PANASONIC,Vikram,Anbarasu,ERJ2GEJ122X,New,0.065,0,50000,50000,50000,50000,50000,50000,50000,50000,50000,50000,50000,50000,3250,3250,3250,3250,3250,3250,3250,3250,3250,3250,3250,3250,600,39000,0.000441976427923844,,
,5,,USD,NORTH,AHMEDABAD,,Mantra Softech (I) PVT LTD,,,,,,HARSH DOSHI,,BOSCH,BOSCH,,,BMI323,,0.79,,0,0,5000,,,,,,,,,,0,0,3950,0,0,0,0,0,0,0,0,0,5,3950,0.00395,,
,1,,INR,NORTH,NEW DELHI,DEL02023,ANEVOLVE PRIVATE LIMITED,Automotive-EV,Charger,ANEVOLVE PRIVATE LIMITED,Automotive-EV,Charger,SURAJ PANDEY,Poonam Kashyap,Diotec,Diotec,,,SK210,,2.8,,,,1000,,,,1000,,1000,,1000,1000,0,0,2800,0,0,0,2800,0,2800,0,2800,2800,5,14000,0.000158658204895739,,
A14184,5,,DIRECT,NORTH,GUJARAT,GUJ00241,MATRIX COMSEC PVT LTD,,Others,MATRIX COMSEC PVT LTD,,Others,HARSH DOSHI,Poonam Kashyap,SEIKO INSTRUMENTS,SEIKO INSTRUMENTS,Anita,Priyanka N,MS412FE-FL26E,Existing,0.316,0.27,30000,30000,20000,30000,20000,30000,20000,30000,30000,20000,10000,10000,9480,9480,6320,9480,6320,9480,6320,9480,9480,6320,3160,3160,280,88480,0.08848,,
A14212,5,,DIRECT,NORTH,GUJARAT,GUJ00241,MATRIX COMSEC PVT LTD,,Others,MATRIX COMSEC PVT LTD,,Others,HARSH DOSHI,Poonam Kashyap,SEIKO INSTRUMENTS,SEIKO INSTRUMENTS,Anita,Priyanka N,MS920SE-FL27E,Existing,0.52,0.43,15000,15000,15000,15000,15000,15000,15000,15000,15000,15000,15000,15000,7800,7800,7800,7800,7800,7800,7800,7800,7800,7800,7800,7800,180,93600,0.0936,,
A14195,5,,DIRECT,NORTH,GUJARAT,GUJ00241,MATRIX COMSEC PVT LTD,,Others,MATRIX COMSEC PVT LTD,,Others,HARSH DOSHI,Poonam Kashyap,SEIKO INSTRUMENTS,SEIKO INSTRUMENTS,Anita,Priyanka N,S-35390A-T8T1U,Existing,0.335,0.306,10000,10000,10000,10000,,10000,,10000,10000,,10000,10000,3350,3350,3350,3350,0,3350,0,3350,3350,0,3350,3350,90,30150,0.03015,,
A14225,5,,DIRECT,NORTH,GUJARAT,GUJ00241,MATRIX COMSEC PVT LTD,,Others,MATRIX COMSEC PVT LTD,,Others,HARSH DOSHI,Poonam Kashyap,SEIKO INSTRUMENTS,SEIKO INSTRUMENTS,Anita,Priyanka N,ML414H IV01E,Existing,0.4,0.358,4000,4000,4000,4000,4000,4000,4000,4000,4000,4000,4000,4000,1600,1600,1600,1600,1600,1600,1600,1600,1600,1600,1600,1600,48,19200,0.0192,,
A14211,5,,DIRECT,NORTH,GUJARAT,GUJ00241,MATRIX COMSEC PVT LTD,,Others,MATRIX COMSEC PVT LTD,,Others,HARSH DOSHI,Poonam Kashyap,SEIKO INSTRUMENTS,SEIKO INSTRUMENTS,Anita,Priyanka N,MS621T-FL11E,Existing,0.48,0.444,2000,2000,2000,2000,2000,2000,,2000,2000,2000,2000,2000,960,960,960,960,960,960,0,960,960,960,960,960,22,10560,0.01056,,
A14292,1,,DIRECT,NORTH,GUJARAT,GUJ00241,MATRIX COMSEC PVT LTD,,Others,MATRIX COMSEC PVT LTD,,Others,HARSH DOSHI,Poonam Kashyap,SEIKO INSTRUMENTS,SEIKO INSTRUMENTS,Anita,Priyanka N,MS920T-FL27E,Existing,0.73,0.65,2000,2000,2000,2000,,2000,,2000,2000,,2000,2000,1460,1460,1460,1460,0,1460,0,1460,1460,0,1460,1460,18,13140,0.01314,,
A10990,,,USD,NORTH,AHMEDABAD,AMD00028,MATTER MOTOR WORKS PVT. LTD.,Industrial,Others-Industrial,,Industrial,Others-Industrial,HARSH DOSHI,Poonam Kashyap,NICHICON,NICHICON,Abhinandan,Shraddha,UCS2C331MHD,Existing,0.57,0.52,,20000,,,30000,,,20000,,,,,0,11400,0,0,17100,0,0,11400,0,0,0,0,70,39900,0.0399,,
A13268,,,USD,NORTH,AHMEDABAD,AMD00028,MATTER MOTOR WORKS PVT. LTD.,Industrial,Others-Industrial,,Industrial,Others-Industrial,HARSH DOSHI,Poonam Kashyap,NICHICON,NICHICON,Abhinandan,Shraddha,ULD1H100MDD1TD,Existing,0.034,0.0308,,,30000,,,,20000,,,,,,0,0,1020,0,0,0,680,0,0,0,0,0,50,1700,0.0017,,
A5759,,,INR,NORTH,NEW DELHI,DEL02023,ANEVOLVE PRIVATE LIMITED,Automotive-EV,Charger,ANEVOLVE PRIVATE LIMITED,Automotive-EV,Charger,SURAJ PANDEY,Poonam Kashyap,DIOTEC,DIOTEC,Adarsh,Prajwal,SK220SMA,Existing,2.77,2.43,,,1000,,,,1000,,1000,,1000,1000,0,0,2770,0,0,0,2770,0,2770,0,2770,2770,5,13850,0.00015695829555757,,
A4698,,5,INR,NORTH,NEW DELHI,DEL00369,ELECTROFUSION TECHNOLOGIES,Industrial,Invertor,,Industrial,Invertor,ABHISHEKH CHOUDHARY,Abha,DIOTEC,DIOTEC,Adarsh,Prajwal,SK810-3G,Existing,9.1,7.67,,,300,,,,3000,,,,,,0,0,2730,0,0,0,27300,0,0,0,0,0,3.3,30030,0.00034032184950136,,
,1,,INR,NORTH,NEW DELHI,DEL02023,ANEVOLVE PRIVATE LIMITED,Automotive-EV,Charger,ANEVOLVE PRIVATE LIMITED,Automotive-EV,Charger,SURAJ PANDEY,Poonam Kashyap,DIOTEC,DIOTEC,,,ESDB12C ,,2.71,,,,1000,,,,1000,,1000,,1000,1000,0,0,2710,0,0,0,2710,0,2710,0,2710,2710,5,13550,0.000153558476881233,,
A6381,5,5,INR,NORTH,GUJARAT,GUJ00520,SILVER CONSUMER ELECTRICALS LIMITED,Industrial,Solar Pumps,,Industrial,Solar Pumps,HARSH DOSHI,Poonam Kashyap,DIOTEC,DIOTEC,Adarsh,Prajwal,ABS15M,Existing,1.8,0.53,0,,1500,0,1500,,0,1500,0,0,1500,0,0,0,2700,0,2700,0,0,2700,0,0,2700,0,6,10800,0.000122393472348141,,
,1,,INR,NORTH,NEW DELHI,DEL02023,ANEVOLVE PRIVATE LIMITED,Automotive-EV,Charger,ANEVOLVE PRIVATE LIMITED,Automotive-EV,Charger,SURAJ PANDEY,Poonam Kashyap,AISHI,AISHI,,,ERS1VM101E12OT,,2.57,,,,1000,,,,1000,,1000,,1000,1000,0,0,2570,0,0,0,2570,0,2570,0,2570,2570,5,12850,0.000145625566636446,,
,1,,INR,,NEW DELHI,DEL00072,NAPINO AUTO & ELECTRONICS LTD,,,,,,ARPIT SINGH,Abha,,Diotec,,,S1MQ,New,0.84,,3000,3000,3000,3000,3000,3000,3000,3000,3000,3000,3000,3000,2520,2520,2520,2520,2520,2520,2520,2520,2520,2520,2520,2520,36,30240,0.000342701722574796,,
,1,,INR,,NEW DELHI,,LAN Engineering and technology,,,,,,ABHISHEKH CHOUDHARY,Palak,,NICHICON,ULD1J470MPD,0.108,ULD1J470MPD,,0.108,,,,20000,,,20000,,,20000,,,20000,0,0,2160,0,0,2160,0,0,2160,0,0,2160,80,8640,9.79147778785132e-05,,
,1,,INR,NORTH,NEW DELHI,DEL02023,ANEVOLVE PRIVATE LIMITED,Automotive-EV,Charger,ANEVOLVE PRIVATE LIMITED,Automotive-EV,Charger,SURAJ PANDEY,Poonam Kashyap,DIOTEC,DIOTEC,,,SMF200A ,,2.13,,,,1000,,,,1000,,1000,,1000,1000,0,0,2130,0,0,0,2130,0,2130,0,2130,2130,5,10650,0.000120693563009973,,
,5,,INR,NORTH,NEW DELHI,DEL02023,ANEVOLVE PRIVATE LIMITED,Automotive-EV,Charger,ANEVOLVE PRIVATE LIMITED,Automotive-EV,Charger,SURAJ PANDEY,Poonam Kashyap,BETTERFUSE,BETTERFUSE,Bharath,N Priya,4772300200,New,1.8,,,,1000,,,,1000,,1000,,1000,1000,0,0,1800,0,0,0,1800,0,1800,0,1800,1800,5,9000,0.000101994560290118,,
A2603,5,,INR,NORTH,NEW DELHI,DEL00052,INDICATION INSTRUMENTS LTD,Automotive-EV,Cluster,,Automotive-EV,Cluster,MAHESH KUMAR MITTAL,Prakash,YAGEO,YAGEO,Abhinandan,Navya,RC0805FR-07180RL,Existing,0.17,0.00137,10000,10000,10000,10000,10000,10000,10000,10000,,,,,1700,1700,1700,1700,1700,1700,1700,1700,0,0,0,0,80,13600,0.000154125113327289,,
,1,,INR,,NEW DELHI,,LAN Engineering and technology,,,,,,ABHISHEKH CHOUDHARY,Palak,,NICHICON,UHW1C102MPD,0.077,UHW1C102MPD,,0.077,,,,20000,,,20000,,,20000,,,20000,0,0,1540,0,0,1540,0,0,1540,0,0,1540,80,6160,6.98096101541251e-05,,
A6892,,,INR,NORTH,NEW DELHI,DEL00072,NAPINO AUTO & ELECTRONICS LTD,Automotive,Fuel Injection System,,Automotive,Fuel Injection System,ARPIT SINGH,Abha,YAGEO,YAGEO,Abhinandan,Navya,AC0402JR-070RL,Existing,0.18,0.00031,8000,8000,8000,8000,8000,8000,8000,8000,8000,8000,8000,8000,1440,1440,1440,1440,1440,1440,1440,1440,1440,1440,1440,1440,96,17280,0.000195829555757026,,
,1,,INR,,NEW DELHI,,LAN Engineering and technology,,,,,,ABHISHEKH CHOUDHARY,Palak,,NICHICON,UHW1E471MPD,0.063,UHW1E471MPD,,0.063,,,,20000,,,20000,,,20000,,,20000,0,0,1260,0,0,1260,0,0,1260,0,0,1260,80,5040,5.7116953762466e-05,,
,1,,INR,,NEW DELHI,,LAN Engineering and technology,,,,,,ABHISHEKH CHOUDHARY,Palak,,NICHICON,UCW1C101MCL1GS,0.0432,UCW1C101MCL1GS,,0.0432,,,,20000,,,20000,,,20000,,,20000,0,0,864,0,0,864,0,0,864,0,0,864,80,3456,3.91659111514053e-05,,
,1,,INR,NORTH,NEW DELHI,DEL02023,ANEVOLVE PRIVATE LIMITED,Automotive-EV,Charger,ANEVOLVE PRIVATE LIMITED,Automotive-EV,Charger,SURAJ PANDEY,Poonam Kashyap,DIOTEC,DIOTEC,,,ES1D,,0.85,,,,1000,,,,1000,,1000,,1000,1000,0,0,850,0,0,0,850,0,850,0,850,850,5,4250,4.81640979147779e-05,,
A2965,,,INR,NORTH,NEW DELHI,DEL00072,NAPINO AUTO & ELECTRONICS LTD,Automotive,Fuel Injection System,,Automotive,Fuel Injection System,ARPIT SINGH,Abha,YAGEO,YAGEO,Abhinandan,Navya,AC0402JR-0710RL,Existing,0.06,0.0006,10000,10000,10000,10000,10000,10000,10000,10000,10000,10000,10000,10000,600,600,600,600,600,600,600,600,600,600,600,600,120,7200,8.15956482320943e-05,,
,1,,INR,NORTH,NEW DELHI,DEL00012,A.Paul Software Systems Private Limited,Industrial,Security & Surveillance,A.Paul Software Systems Private Limited,Industrial,Security & Surveillance,SURAJ PANDEY,Abha,RENESAS,RENESAS,,,R7FA4E10D2CFM#AA0,New,180,,,1280,,,,,,,,,,,0,230400,0,0,0,0,0,0,0,0,0,0,1.28,230400,0.00261106074342702,,
A6659,5,,INR,NORTH,AHMEDABAD,AMD00340,AARVI ELECTRONIC AND CONTROL,Industrial,Panel Meter,,Industrial,Panel Meter,HARSH DOSHI,Poonam Kashyap,RENESAS,RENESAS,Uma,Manju PJ,R7FA2L1A93CFL#AA0,Existing,106,0.935,1600,,,,1600,,,,1600,,,,169600,0,0,0,169600,0,0,0,169600,0,0,0,4.8,508800,0.005766092475068,,
,1,,INR,NORTH,GUJARAT,DEL01419,ACCESS COMPUTECH PVT LTD,,,,,,HARSH DOSHI,,QUECTEL,QUECTEL,Ram Mohan,Lavanya,Y4SRZ0MA0AA,New,1000,3.9,,,,,100,,,,,,,,0,0,0,0,100000,0,0,0,0,0,0,0,0.1,100000,0.00113327289211242,,
,1,,USD,NORTH,NEW DELHI,,MINDA CORPORATION LTD,Automotive-EV,Keyfob-EV,ATHER ENERGY LIMITED,Automotive-EV,Keyfob-EV,MAHESH KUMAR MITTAL,,SUMIDA,SUMIDA,Karthik,Prajwal,CAS13D31B-472,New,2,1.8,,,1200,,,2500,,,2500,,,2500,0,0,2400,0,0,5000,0,0,5000,0,0,5000,8.7,17400,0.0174,,
,1,,USD,NORTH,NEW DELHI,DEL00069,MINDA CORPORATION LTD,,,,,,MAHESH KUMAR MITTAL,Abha,,YAGEO,,,CGA5L1X7R1H106K160AC,New,0.1419,,,2000,,,,,,2000,,,,2000,0,283.8,0,0,0,0,0,283.8,0,0,0,283.8,6,851.4,0.0008514,,
,1,,USD,,NEW DELHI,,Minda Switch,,,,,,ARPIT SINGH,,Injonic,Injonic,,,IP6520_Q1,New,0.3,,,,,,,,,20000,20000,20000,20000,20000,0,0,0,0,0,0,0,6000,6000,6000,6000,6000,100,30000,0.03,,
,1,,USD,,NEW DELHI,,Minda Switch,,,,,,ARPIT SINGH,,TSC,TSC,,,SLD8S22,New,0.3,,,,,,,,,20000,20000,20000,20000,20000,0,0,0,0,0,0,0,6000,6000,6000,6000,6000,100,30000,0.03,,
,1,,INR,NORTH,GUJARAT,DEL01419,ACCESS COMPUTECH PVT LTD,,,,,,HARSH DOSHI,,QUECTEL,QUECTEL,Ram Mohan,Lavanya,LC79HALMD,New,465,3.43,,,,,100,,,,,,,,0,0,0,0,46500,0,0,0,0,0,0,0,0.1,46500,0.000526971894832276,,
A8436,,,USD,NORTH,NEW DELHI,DEL00070,MKM TECHNOLOGIES PVT LTD,Others,Others,MKM TECHNOLOGIES PVT LTD,Others,Others,MAHESH KUMAR MITTAL,Neha,RENESAS,RENESAS,Uma,Manju PJ,R5F104BAAFP#10,Existing,0.5,0.46,30000,30000,20000,10000,10000,30000,40000,40000,40000,40000,40000,40000,15000,15000,10000,5000,5000,15000,20000,20000,20000,20000,20000,20000,370,185000,0.185,,
A8826,,,USD,NORTH,NEW DELHI,DEL00070,MKM TECHNOLOGIES PVT LTD,Others,Others,MKM TECHNOLOGIES PVT LTD,Others,Others,MAHESH KUMAR MITTAL,Neha,RENESAS,RENESAS,Uma,Manju PJ,R5F104BCAFP#10,Existing,0.53,0.482,10000,10000,10000,10000,10000,10000,10000,10000,10000,10000,10000,10000,5300,5300,5300,5300,5300,5300,5300,5300,5300,5300,5300,5300,120,63600,0.0636,,
A10648,,,USD,NORTH,NEW DELHI,DEL00070,MKM TECHNOLOGIES PVT LTD,Others,Others,,Others,Others,MAHESH KUMAR MITTAL,Neha,Dialog -RENESAS,Dialog -RENESAS,Uma,Manju PJ,iW248-00,Existing,0.766,0.689,3000,3000,3000,3000,3000,3000,3000,3000,3000,3000,3000,3000,2298,2298,2298,2298,2298,2298,2298,2298,2298,2298,2298,2298,36,27576,0.027576,,
A9021,,,USD,NORTH,NEW DELHI,DEL00070,MKM TECHNOLOGIES PVT LTD,Others,Others,MKM TECHNOLOGIES PVT LTD,Others,Others,MAHESH KUMAR MITTAL,Neha,RENESAS,RENESAS,Uma,Manju PJ,R5F10268ASP#55,Existing,0.344,0.314,3000,3000,3000,3000,3000,3000,3000,3000,3000,3000,3000,3000,1032,1032,1032,1032,1032,1032,1032,1032,1032,1032,1032,1032,36,12384,0.012384,,
A10392,,,USD,NORTH,NEW DELHI,DEL00070,MKM TECHNOLOGIES PVT LTD,Others,Others,MKM TECHNOLOGIES PVT LTD,Others,Others,MAHESH KUMAR MITTAL,Neha,INTERSIL-RENESAS,INTERSIL-RENESAS,Uma,Manju PJ,RAA2231814GSP#HA0,Existing,0.33,0.304,3000,3000,3000,3000,3000,3000,3000,3000,3000,3000,3000,3000,990,990,990,990,990,990,990,990,990,990,990,990,36,11880,0.01188,,
,1,,INR,,JAIPUR,,ACCUMET SOLUTIONS,,,,,,KULDEEP KUMAR,,,DIOTEC,,,1N4007,NEW,0.79,,,,,5000,,,,,,,,,0,0,0,3950,0,0,0,0,0,0,0,0,5,3950,4.47642792384406e-05,,
,1,,USD,,NEW DELHI,DEL00070,MKM TECHNOLOGIES PVT LTD,,,,,,MAHESH KUMAR MITTAL,Neha,,RENESAS,,,R7F0C002G2DFB,Existing,,,,,,,,5000,5000,5000,5000,5000,5000,5000,0,0,0,0,0,0,0,0,0,0,0,0,35,0,0,,
A13171,,,USD,NORTH,NEW DELHI,DEL00070,MKM TECHNOLOGIES PVT LTD,Others,Others,,Others,Others,MAHESH KUMAR MITTAL,Neha,KODENSHI AUK,KODENSHI AUK,Vikram,Shraddha,R2102TC-5AD,Existing,0.169,0.1426,2000,2000,2000,2000,2000,2000,2000,2000,2000,2000,2000,5000,338,338,338,338,338,338,338,338,338,338,338,845,27,4563,0.004563,,
A13369,,,USD,NORTH,NEW DELHI,DEL00070,MKM TECHNOLOGIES PVT LTD,Others,Others,,Others,Others,MAHESH KUMAR MITTAL,Neha,KODENSHI AUK,KODENSHI AUK,Vikram,Shraddha,R903V1-5P,Existing,0.117,0.1032,0,0,0,5000,0,5000,0,5000,0,5000,0,5000,0,0,0,585,0,585,0,585,0,585,0,585,25,2925,0.002925,,
,1,,INR,,JAIPUR,,ACCUMET SOLUTIONS,,,,,,KULDEEP KUMAR,,,DIOTEC,,,BAT54C,NEW,0.85,,,,,3000,,,,,,,,,0,0,0,2550,0,0,0,0,0,0,0,0,3,2550,2.88984587488667e-05,,
A10043,,,USD,NORTH,NEW DELHI,DEL00070,MKM TECHNOLOGIES PVT LTD,Others,Others,MKM TECHNOLOGIES PVT LTD,Others,Others,MAHESH KUMAR MITTAL,Neha,RENESAS,RENESAS,Uma,Manju PJ,R5F10WLDAFB#10,Existing,0.585,0.552,2000,2000,2000,2000,2000,2000,2000,2000,2000,2000,2000,2000,1170,1170,1170,1170,1170,1170,1170,1170,1170,1170,1170,1170,24,14040,0.01404,,
A6898,5,,INR,NORTH,AHMEDABAD,AMD00035,ADCO CONTROLS,Industrial,Panel Meter,,Industrial,Panel Meter,HARSH DOSHI,Poonam Kashyap,CT MICRO,CT MICRO,Karthik,Prajwal,CT817C(SL)(T1)-H,Existing,1.73,0.0145,15000,15000,,,15000,,,15000,15000,,15000,15000,25950,25950,0,0,25950,0,0,25950,25950,0,25950,25950,105,181650,0.00205859020852221,,
A12013,,,USD,NORTH,NEW DELHI,DEL00070,MKM TECHNOLOGIES PVT LTD,Others,Others,,Others,Others,MAHESH KUMAR MITTAL,Neha,KODENSHI AUK,KODENSHI AUK,Vikram,Shraddha,R903S9-4P,Existing,0.1465,0.1344,2000,2000,2000,2000,2000,2000,2000,2000,2000,2000,2000,2000,293,293,293,293,293,293,293,293,293,293,293,293,24,3516,0.003516,,
,1,,INR,NORTH,NEW DELHI,,Aggressive EMS,,,,,,MAHESH KUMAR MITTAL,,,TDK,,,ERJ-3EKF1002V,New,0.307,,,,,30000,,,,,,,,,0,0,0,9210,0,0,0,0,0,0,0,0,30,9210,0.000104374433363554,,
A13825,,,USD,NORTH,NEW DELHI,DEL00070,MKM TECHNOLOGIES PVT LTD,Others,Others,,,,MAHESH KUMAR MITTAL,Neha,RENESAS,RENESAS,Uma,Manju PJ,R5F100ACASP#50,Existing,0.4,0,5000,,,5000,,,5000,,,5000,,,2000,0,0,2000,0,0,2000,0,0,2000,0,0,20,8000,0.008,,
A10263,,,USD,NORTH,NEW DELHI,DEL00070,MKM TECHNOLOGIES PVT LTD,Others,Others,MKM TECHNOLOGIES PVT LTD,Others,Others,MAHESH KUMAR MITTAL,Neha,ROHM,ROHM,Vivek,Mangalagowri,BR24G256FJ-3GTE2,Existing,0.09,0.0763,3000,3000,3000,3000,,,,,,,,,270,270,270,270,0,0,0,0,0,0,0,0,12,1080,0.00108,,
A8676,,,USD,NORTH,NEW DELHI,DEL00070,MKM TECHNOLOGIES PVT LTD,Others,Others,MKM TECHNOLOGIES PVT LTD,Others,Others,MAHESH KUMAR MITTAL,Neha,RENESAS,RENESAS,Uma,Manju PJ,R7F0C001G2DFB-C#BA0,Existing,0.448,0.396,,2000,,,2000,,,2000,,,2000,,0,896,0,0,896,0,0,896,0,0,896,0,8,3584,0.003584,,
,1,,INR,NORTH,NEW DELHI,,Aggressive EMS,,,,,,MAHESH KUMAR MITTAL,,,TDK,,,ERJ-3GEY0R00V,New,0.22,,,,,25000,,,,,,,,,0,0,0,5500,0,0,0,0,0,0,0,0,25,5500,6.23300090661831e-05,,
,1,,INR,NORTH,NEW DELHI,,Aggressive EMS,,,,,,MAHESH KUMAR MITTAL,,,TDK,,,ERJ-3EKF4701V,New,0.307,,,,,20000,,,,,,,,,0,0,0,6140,0,0,0,0,0,0,0,0,20,6140,6.95829555757026e-05,,
,1,,INR,NORTH,NEW DELHI,,Aggressive EMS,,,,,,MAHESH KUMAR MITTAL,,,TDK,,,ERJ-3EKF1003V,New,0.307,,,,,15000,,,,,,,,,0,0,0,4605,0,0,0,0,0,0,0,0,15,4605,5.2187216681777e-05,,
,1,,INR,NORTH,NEW DELHI,,Aggressive EMS,,,,,,MAHESH KUMAR MITTAL,,,MURATA,,,ERJ-3EKF1000V,New,0.307,,,,,10000,,,,,,,,,0,0,0,3070,0,0,0,0,0,0,0,0,10,3070,3.47914777878513e-05,,
,1,,INR,NORTH,NEW DELHI,,Aggressive EMS,,,,,,MAHESH KUMAR MITTAL,,,TDK,,,ERJ-3EKF33R0V,New,0.307,,,,,10000,,,,,,,,,0,0,0,3070,0,0,0,0,0,0,0,0,10,3070,3.47914777878513e-05,,
,1,,INR,NORTH,NEW DELHI,,Aggressive EMS,,,,,,MAHESH KUMAR MITTAL,,,TDK,,,ERJ-3GEYJ122V,New,0.222,,,,,10000,,,,,,,,,0,0,0,2220,0,0,0,0,0,0,0,0,10,2220,2.51586582048957e-05,,
,1,,INR,NORTH,NEW DELHI,,Aggressive EMS,,,,,,MAHESH KUMAR MITTAL,,,PANASONIC,,,ERJ-3GEYJ103V,New,0.22,,,,,10000,,,,,,,,,0,0,0,2200,0,0,0,0,0,0,0,0,10,2200,2.49320036264733e-05,,
,1,,INR,NORTH,NEW DELHI,,Aggressive EMS,,,,,,MAHESH KUMAR MITTAL,,,PANASONIC,,,ERA-3AEB3163V,New,2.55,,,,,5000,,,,,,,,,0,0,0,12750,0,0,0,0,0,0,0,0,5,12750,0.000144492293744334,,
,1,,INR,NORTH,NEW DELHI,,Aggressive EMS,,,,,,MAHESH KUMAR MITTAL,,,PANASONIC,,,ERA-3AEB333V,New,2.55,,,,,5000,,,,,,,,,0,0,0,12750,0,0,0,0,0,0,0,0,5,12750,0.000144492293744334,,
,1,,INR,NORTH,NEW DELHI,,Aggressive EMS,,,,,,MAHESH KUMAR MITTAL,,,PANASONIC,,,ERA-3AEB202V,New,2.55,,,,,5000,,,,,,,,,0,0,0,12750,0,0,0,0,0,0,0,0,5,12750,0.000144492293744334,,
,1,,INR,NORTH,NEW DELHI,,Aggressive EMS,,,,,,MAHESH KUMAR MITTAL,,,PANASONIC,,,ERJ-3EKF2003V,New,0.307,,,,,5000,,,,,,,,,0,0,0,1535,0,0,0,0,0,0,0,0,5,1535,1.73957388939257e-05,,
,1,,INR,NORTH,NEW DELHI,,Aggressive EMS,,,,,,MAHESH KUMAR MITTAL,,,PANASONIC,,,ERJ-3EKF1692V,New,0.307,,,,,5000,,,,,,,,,0,0,0,1535,0,0,0,0,0,0,0,0,5,1535,1.73957388939257e-05,,
,1,,INR,NORTH,NEW DELHI,,Aggressive EMS,,,,,,MAHESH KUMAR MITTAL,,,PANASONIC,,,ERJ-3EKF3300V,New,0.307,,,,,5000,,,,,,,,,0,0,0,1535,0,0,0,0,0,0,0,0,5,1535,1.73957388939257e-05,,
,1,,INR,NORTH,NEW DELHI,,Aggressive EMS,,,,,,MAHESH KUMAR MITTAL,,,PANASONIC,,,ERJ-3EKF4302V,New,0.307,,,,,5000,,,,,,,,,0,0,0,1535,0,0,0,0,0,0,0,0,5,1535,1.73957388939257e-05,,
,1,,INR,NORTH,NEW DELHI,,Aggressive EMS,,,,,,MAHESH KUMAR MITTAL,,,PANASONIC,,,ERJ-3EKF4533V,New,0.307,,,,,5000,,,,,,,,,0,0,0,1535,0,0,0,0,0,0,0,0,5,1535,1.73957388939257e-05,,
,1,,INR,NORTH,NEW DELHI,,Aggressive EMS,,,,,,MAHESH KUMAR MITTAL,,,PANASONIC,,,EEE-FN1H680XP,New,5.33,,,,,4500,,,,,,,,,0,0,0,23985,0,0,0,0,0,0,0,0,4.5,23985,0.000271815503173164,,
A5819,5,,INR,NORTH,NEW DELHI,DEL00005,AHUJA RADIOS,Industrial,Automation,,Industrial,Automation,KULDEEP KUMAR,Neha,DIOTEC,DIOTEC,Adarsh,Prajwal,"M7, T/R",Existing,0.36,0.99,100000,,,,,,,,,100000,,40000,36000,0,0,0,0,0,0,0,0,36000,0,14400,240,86400,0.000979147778785132,,
,1,,INR,,CHANDIGARH,DEL00103,Allengers Global Healthcare  Derabassi,,,,,,MAHESH KUMAR MITTAL,,,SEIKO INSTRUMENTS,,,MS621FE-FL11E,New,180,,,,,,,,,1000,,,,,0,0,0,0,0,0,0,180000,0,0,0,0,1,180000,0.00203989120580236,,
,1,,INR,NORTH,NEW DELHI,DEL00010,ALLIED ENGINEERING WORKS LIMITED,Energy Meter,Smart Meter,ALLIED ENGINEERING WORKS LIMITED,Energy Meter,Smart Meter,SURAJ PANDEY,Palak,AOS,AOS,Adarsh,Shraddha,AOTF4N90,New,0.223,,,,,50000,50000,50000,50000,50000,50000,50000,50000,50000,0,0,0,11150,11150,11150,11150,11150,11150,11150,11150,11150,450,100350,0.00113723934723481,,
,1,,INR,NORTH,NEW DELHI,DEL00010,ALLIED ENGINEERING WORKS LIMITED,Energy Meter,Smart Meter,ALLIED ENGINEERING WORKS LIMITED,Energy Meter,Smart Meter,SURAJ PANDEY,Palak,JODING,JODING,,KALA,JBD505920AG1C,New,0.062,,40000,,,40000,,,40000,,,40000,,,2480,0,0,2480,0,0,2480,0,0,2480,0,0,160,9920,0.000112420670897552,,
A9885,5,,USD,NORTH,AHMEDABAD,AMD00013,MULTISPAN CONTROL INSTRUMENTS PVT. LTD.,Industrial,Others-Industrial,MULTISPAN CONTROL INSTRUMENTS PVT. LTD.,Industrial,Others-Industrial,HARSH DOSHI,Poonam Kashyap,RENESAS,RENESAS,Uma,Manju PJ,R5F100ACASP#50,Existing,0.27,0.256,100000,50000,50000,50000,100000,50000,100000,100000,100000,50000,50000,100000,27000,13500,13500,13500,27000,13500,27000,27000,27000,13500,13500,27000,900,243000,0.243,,
A1199,5,,INR,NORTH,NEW DELHI,DEL01891,ALLIED MEDICAL LIMITED,Medical,Patient Monitoring Systems,,Medical,Patient Monitoring Systems,SURAJ PANDEY,Neha Chauhan,HONEYWELL,HONEYWELL,Veeranagouda,Tanuja,ASDXRRX001PDAA5,Existing,1528,1324.99,,500,,,,,500,,,,,500,0,764000,0,0,0,0,764000,0,0,0,0,764000,1.5,2292000,0.0259746146872167,,
A5729,5,,INR,NORTH,NEW DELHI,DEL01891,ALLIED MEDICAL LIMITED,Medical,Patient Monitoring Systems,,Medical,Patient Monitoring Systems,SURAJ PANDEY,Neha Chauhan,HONEYWELL,HONEYWELL,Veeranagouda,Tanuja,ABPDANN001PGAA5,Existing,878,760,,500,,,,,500,,,,,500,0,439000,0,0,0,0,439000,0,0,0,0,439000,1.5,1317000,0.0149252039891206,,
A3759,5,,INR,NORTH,NEW DELHI,DEL01891,ALLIED MEDICAL LIMITED,Medical,Patient Monitoring Systems,,Medical,Patient Monitoring Systems,SURAJ PANDEY,Neha Chauhan,HONEYWELL,HONEYWELL,Veeranagouda,Tanuja,ABP2MNNT150PAAA3XX,Existing,512,410,,500,,,,,500,,,,,500,0,256000,0,0,0,0,256000,0,0,0,0,256000,1.5,768000,0.00870353581142339,,
A8073,5,,INR,NORTH,AHMEDABAD,AMD00002,AMBILIN INCORPORATE,Industrial,Panel Meter,,Industrial,Panel Meter,HARSH DOSHI,Neha Chauhan,RENESAS,RENESAS,Uma,Manju PJ,R5F102A8ASP#10,Existing,46,34,,500,,500,500,500,500,500,500,500,500,500,0,23000,0,23000,23000,23000,23000,23000,23000,23000,23000,23000,5,230000,0.00260652765185857,,
A1108,5,,INR,NORTH,AHMEDABAD,AMD00002,AMBILIN INCORPORATE,Industrial,Panel Meter,,Industrial,Panel Meter,HARSH DOSHI,Poonam Kashyap,RENESAS,RENESAS,Uma,Manju PJ,R5F10268ASP#55,Existing,39,0.312,500,500,,500,,500,500,500,500,500,500,500,19500,19500,0,19500,0,19500,19500,19500,19500,19500,19500,19500,5,195000,0.00220988213961922,,
A4848,5,,INR,NORTH,GUJARAT,GUJ00004,AMTECH ELECTRONICS (INDIA) LTD,Industrial,Automation,,Industrial,Automation,HARSH DOSHI,Poonam Kashyap,RENESAS,RENESAS,Uma,Manju PJ,2SK2225-E,Existing,138,1.197,,3000,,,,,,,,,,,0,414000,0,0,0,0,0,0,0,0,0,0,3,414000,0.00469174977334542,,
A1885,5,,INR,NORTH,GUJARAT,GUJ00004,AMTECH ELECTRONICS (INDIA) LTD,Industrial,Automation,,Industrial,Automation,HARSH DOSHI,Poonam Kashyap,DIOTEC,DIOTEC,Adarsh,Prajwal,BAV99,Existing,0.69,0.59,3000,,,,,,,,,,,,2070,0,0,0,0,0,0,0,0,0,0,0,3,2070,2.34587488667271e-05,,
A1758,,,INR,NORTH,GUJARAT,GUJ00004,AMTECH ELECTRONICS (INDIA) LTD,Industrial,Automation,,Industrial,Automation,HARSH DOSHI,Poonam Kashyap,TIANMA,TIANMA,Nagendra,Bhavya,TM12864A8CCWGWA#03,Existing,473,2.87,,,,200,200,200,200,200,200,200,200,200,0,0,0,94600,94600,94600,94600,94600,94600,94600,94600,94600,1.8,851400,0.00964868540344515,,
A7187,5,,INR,NORTH,GUJARAT,GUJ00004,AMTECH ELECTRONICS (INDIA) LTD,Industrial,Automation,,Industrial,Automation,HARSH DOSHI,Poonam Kashyap,TAIWAN SEMI,TAIWAN SEMI,Gaurav,Prajwal,MBRS10H200CT,Existing,25.2,0.2247,0,,,,,1600,,,0,0,0,0,0,0,0,0,0,40320,0,0,0,0,0,0,1.6,40320,0.000456935630099728,,
A7681,5,,INR,NORTH,GUJARAT,GUJ00004,AMTECH ELECTRONICS (INDIA) LTD,Industrial,Automation,,Industrial,Automation,HARSH DOSHI,Poonam Kashyap,RENESAS,RENESAS,Uma,Manju PJ,R5F100JLAFA#10,Existing,150,1.207,,1280,,,,,,,,,,,0,192000,0,0,0,0,0,0,0,0,0,0,1.28,192000,0.00217588395285585,,
,5,,INR,NORTH,AHMEDABAD,,AMTECH ELECTRONICS (INDIA) LTD,,,,,,HARSH DOSHI,Poonam Kashyap,RENESAS,RENESAS,,,R5F100ACASP#10,,63,,,,,1000,,,,,,,,,0,0,0,63000,0,0,0,0,0,0,0,0,1,63000,0.000713961922030825,,
A4284,,,INR,NORTH,GUJARAT,GUJ00004,AMTECH ELECTRONICS (INDIA) LTD,Industrial,Automation,,Industrial,Automation,HARSH DOSHI,Poonam Kashyap,EVE,EVE,Manju N,Kiran Bhamshetty,CR2032 - PLAIN,Existing,8.25,0.085,100,,,,,,,,,,,,825,0,0,0,0,0,0,0,0,0,0,0,0.1,825,9.34950135992747e-06,,
A3376,5,,INR,NORTH,NEW DELHI,DEL00011,ANERGY INSTRUMENTS PVT LTD,Industrial,Data Logger,,Industrial,Data Logger,SURAJ PANDEY,Neha Chauhan,Bosch,RENESAS,Uma,Manju PJ,R5F10268ASP#55,Existing,58.8,0.312,300,,,300,,,,300,,,300,,17640,0,0,17640,0,0,0,17640,0,0,17640,0,1.2,70560,0.000799637352674524,,
A2361,5,,INR,NORTH,NEW DELHI,DEL00011,ANERGY INSTRUMENTS PVT LTD,Industrial,Data Logger,,Industrial,Data Logger,SURAJ PANDEY,Neha Chauhan,Renesas,RENESAS,Uma,Manju PJ,R5F21276SNFP#V2,Existing,109.18,0.998,200,,,200,,,,200,,,200,,21836,0,0,21836,0,0,0,21836,0,0,21836,0,0.8,87344,0.000989845874886673,,
A2657,,,INR,NORTH,NEW DELHI,DEL02023,ANEVOLVE PRIVATE LIMITED,Automotive-EV,Charger,ANEVOLVE PRIVATE LIMITED,Automotive-EV,Charger,SURAJ PANDEY,Poonam Kashyap,DIOTEC,DIOTEC,Adarsh,Prajwal,MMFTN3402,Existing,2.79,2.44,,,,,,150000,,,,,,,0,0,0,0,0,418500,0,0,0,0,0,0,150,418500,0.00474274705349048,,
,1,,INR,NORTH,NEW DELHI,,AUTOMETERS ALLIANCE LTD,,,,,,MAHESH KUMAR MITTAL,,,PANASONIC,,,ALQ305,New,38.5,,,,,,,,1000,,,,1000,,0,0,0,0,0,0,38500,0,0,0,38500,0,2,77000,0.000872620126926564,,
,1,,USD,NORTH,AHMEDABAD,AMD00013,MULTISPAN CONTROL INSTRUMENTS PVT. LTD.,Industrial,Panel Meter,,Industrial,Panel Meter,HARSH DOSHI,,,FUJITSU,,,FTR-F3CA024E-X,New,0.61,,,,5000,5000,5000,5000,5000,,5000,5000,5000,5000,0,0,3050,3050,3050,3050,3050,0,3050,3050,3050,3050,45,27450,0.02745,,
A6202,5,,INR,NORTH,NEW DELHI,DEL00222,AXIS ELECTRONICS UTTARAKHAND,Others,OEM,,Others,OEM,SURAJ PANDEY,Neha Chauhan,RENESAS,RENESAS,Uma,Manju PJ,R5F100ACASP#50,Existing,42.58,0.275,5000,,,,,,5000,,,,,5000,212900,0,0,0,0,0,212900,0,0,0,0,212900,15,638700,0.00723821396192203,,
A5693,5,,USD,NORTH,AHMEDABAD,AMD00013,MULTISPAN CONTROL INSTRUMENTS PVT. LTD.,Industrial,Panel Meter,,Industrial,Panel Meter,HARSH DOSHI,Poonam Kashyap,RENESAS,RENESAS,Uma,Manju PJ,R5F100GGAFB#10,Existing,0.67,0.689,3000,3000,3000,3000,3000,3000,3000,3000,3000,3000,3000,3000,2010,2010,2010,2010,2010,2010,2010,2010,2010,2010,2010,2010,36,24120,0.02412,,
,1,,INR,NORTH,NEW DELHI,DEL00019,BCH ELECTRIC LIMITED,Industrial,Automation,,Industrial,Automation,SURAJ PANDEY,Neha Chauhan,RENESAS,RENESAS,Uma,Manju PJ,R5F12008ASN#90,New,14,,,,,,,,,,5600,,,,0,0,0,0,0,0,0,0,78400,0,0,0,5.6,78400,0.000888485947416138,,
A2204,,,INR,NORTH,NEW DELHI,DEL00233,BENTEC INDIA LIMITED,Energy Meter,Three Phase,,Energy Meter,Three Phase,ARPIT SINGH,Neha Chauhan,DIOTEC,DIOTEC,Adarsh,Prajwal,S1W,Existing,2.15,1.38,,7500,,,,,,7500,,,,,0,16125,0,0,0,0,0,16125,0,0,0,0,15,32250,0.000365480507706256,,
,1,,INR,,NEW DELHI,DEL00233,BENTEC INDIA LIMITED,,,,,,ARPIT SINGH,Neha Chauhan,DIOTEC,DIOTEC,,,SK320SMB ,New,4.89,,,3000,,,,,,,,,,,0,14670,0,0,0,0,0,0,0,0,0,0,3,14670,0.000166251133272892,,
A4237,,,INR,NORTH,NEW DELHI,DEL00023,C & S ELECTRIC LTD,Industrial,Automation,,Industrial,Automation,ARPIT SINGH,Abha,EVE,EVE,Manju N,Kiran Bhamshetty,ER14250/Plain,Existing,59.36,0.39,,,,5000,,,,5000,,,5000,,0,0,0,296800,0,0,0,296800,0,0,296800,0,15,890400,0.010090661831369,,
A1182,,,INR,NORTH,NEW DELHI,DEL00023,C & S ELECTRIC LTD,Industrial,Automation,,Industrial,Automation,ARPIT SINGH,Abha,EVE,EVE,Manju N,Kiran Bhamshetty,CR2032AKW,Existing,11.3,0.085,,,,5000,,,,5000,,,5000,,0,0,0,56500,0,0,0,56500,0,0,56500,0,15,169500,0.00192089755213055,,
,5,,INR,NORTH,AHMEDABAD,GUJ00492,CATHODE POWER PVT LTD,Industrial,Power Convertors,,Industrial,Power Convertors,HARSH DOSHI,Poonam Kashyap,NICHICON,NICHICON,Abhinandan,Shraddha,LGX2W681MELHNS,New,225,2.18,2000,2000,,,2000,2000,,2000,2000,,2000,2000,450000,450000,0,0,450000,450000,0,450000,450000,0,450000,450000,16,3600000,0.0407978241160472,,
A3611,5,,INR,NORTH,CHANDIGARH,DEL00024,CLARITY MEDICAL PVT LTD,Medical,Diagnostic Equipments,,Medical,Diagnostic Equipments,MAHESH KUMAR MITTAL,Abha,EVE,EVE,Manju N,Kiran Bhamshetty,CR2032AKW,Existing,12.5,0,500,,,500,,500,,,500,,,,6250,0,0,6250,0,6250,0,0,6250,0,0,0,2,25000,0.000283318223028105,,
A8040,5,,INR,NORTH,NEW DELHI,DEL00027,CRYSTAL SMART SOLUTIONS,Telecom,Routers,,Telecom,Routers,ARPIT SINGH,Neha,RENESAS,RENESAS,Uma,Manju PJ,R5F56318CDFP#10,Existing,412.18,380.42,,,,270,1440,,,360,360,720,270,,0,0,0,111288.6,593539.2,0,0,148384.8,148384.8,296769.6,111288.6,0,3.42,1409655.6,0.0159752447869447,,
A5005,5,,INR,NORTH,NEW DELHI,DEL00027,CRYSTAL SMART SOLUTIONS,Telecom,Routers,,Telecom,Routers,ARPIT SINGH,Palak,RENESAS,RENESAS,Uma,Manju PJ,R5F100MFAFB#10,Existing,157.55,1.15,952,,,952,,,,952,,,,,149987.6,0,0,149987.6,0,0,0,149987.6,0,0,0,0,2.856,449962.8,0.00509930643699003,,
A2366,,,INR,NORTH,CHANDIGARH,CHG00001,CYBER LABS PVT LTD,Consumer,Lighting,,Consumer,Lighting,MAHESH KUMAR MITTAL,Abha,RENESAS,RENESAS,Uma,Manju PJ,R5F100GEAFB#10,Existing,72.76,0.489,,952,,952,,952,,952,,952,,952,0,69267.52,0,69267.52,0,69267.52,0,69267.52,0,69267.52,0,69267.52,5.712,415605.12,0.0047099401631913,,
A8099,5,,USD,NORTH,AHMEDABAD,AMD00013,MULTISPAN CONTROL INSTRUMENTS PVT. LTD.,Industrial,Panel Meter,,Industrial,Panel Meter,HARSH DOSHI,Poonam Kashyap,TIANMA,TIANMA,Nagendra,Bhavya,TM035KBH02-09,Existing,9.6,742,,,,,1000,,,,,1000,,,0,0,0,0,9600,0,0,0,0,9600,0,0,2,19200,0.0192,,
A7672,,,INR,NORTH,CHANDIGARH,CHG00001,CYBER LABS PVT LTD,Consumer,Lighting,,Consumer,Lighting,MAHESH KUMAR MITTAL,Abha,RENESAS,RENESAS,Uma,Manju PJ,R5F10268ASP#55,Existing,35,0.312,,1000,,,1000,,,,1000,,,1000,0,35000,0,0,35000,0,0,0,35000,0,0,35000,4,140000,0.00158658204895739,,
A8566,,,USD,NORTH,NEW DELHI,BLR02741,NAPINO AUTO & ELECTRONICS LIMITED KRISHNAGIRI PLANT,Automotive,Lighting,NAPINO AUTO & ELECTRONICS LIMITED KRISHNAGIRI PLANT,Automotive,Lighting,ARPIT SINGH,Abha,ROHM,ROHM,Vivek,Mangalagowri,2SC4081U3HZGT106R,Existing,0.0094,0.0088,1506700,1506700,,0,0,0,0,0,0,0,0,0,14162.98,14162.98,0,0,0,0,0,0,0,0,0,0,3013.4,28325.96,0.02832596,,
A13001,,,USD,NORTH,NEW DELHI,BLR02741,NAPINO AUTO & ELECTRONICS LIMITED KRISHNAGIRI PLANT,Automotive,Lighting,NAPINO AUTO & ELECTRONICS LIMITED KRISHNAGIRI PLANT,Automotive,Lighting,ARPIT SINGH,Abha,ROHM,ROHM,Vivek,Mangalagowri,BV1LD080EFJ-CE2,Existing,0.15,0.14,30000,30000,30000,0,0,0,0,0,0,0,0,0,4500,4500,4500,0,0,0,0,0,0,0,0,0,90,13500,0.0135,,
,1,,USD,,NEW DELHI,DEL00072,NAPINO AUTO & ELECTRONICS LTD,,,,,,ARPIT SINGH,Abha,,Taiwan Semi,,,S1JM-08HMSG,New,0.009,,4788100,4788100,4788100,4788100,4788100,4788100,4788100,4788100,4788100,4788100,4788100,4788100,43092.9,43092.9,43092.9,43092.9,43092.9,43092.9,43092.9,43092.9,43092.9,43092.9,43092.9,43092.9,57457.2,517114.8,0.5171148,,
,1,,USD,NORTH,NEW DELHI,DEL00072,NAPINO AUTO & ELECTRONICS LTD,,,,,,ARPIT SINGH,,TAIWAN SEMI,TAIWAN SEMI,Gaurav,Prajwal,S1GLWH-02,New,0.01523,,500000,500000,500000,500000,500000,500000,500000,500000,,500000,500000,,7615,7615,7615,7615,7615,7615,7615,7615,0,7615,7615,0,5000,76150,0.07615,,
A4503,,5,INR,NORTH,NEW DELHI,DEL02284,DAKSH ELECTRONICS PVT. LTD,Automotive,Lighting,,Automotive,Lighting,ABHISHEKH CHOUDHARY,Abha,VISHAY,VISHAY,Mahesha,Tanuja,BPV10NF,Existing,16.75,13.96,,,,8000,,,,8000,,,8000,,0,0,0,134000,0,0,0,134000,0,0,134000,0,24,402000,0.00455575702629193,,
A8433,,,USD,NORTH,NEW DELHI,DEL00072,NAPINO AUTO & ELECTRONICS LTD,Automotive,Others-Automotive,,Automotive,Others-Automotive,ARPIT SINGH,Abha,ROHM,ROHM,Vivek,Mangalagowri,2SA1576U3HZGT106R,Existing,0.0094,0.0088,1127300,1127300,1127300,,,,,,,,,,10596.62,10596.62,10596.62,0,0,0,0,0,0,0,0,0,3381.9,31789.86,0.03178986,,
A9129,,,USD,NORTH,NEW DELHI,DEL00072,NAPINO AUTO & ELECTRONICS LTD,Automotive,Others-Automotive,,Automotive,Others-Automotive,ARPIT SINGH,Abha,TAIWAN SEMI,TAIWAN SEMI,Gaurav,Prajwal,ES1JFL-01,Existing,0.0085,0.00756,200000,200000,200000,200000,200000,200000,200000,200000,200000,200000,200000,200000,1700,1700,1700,1700,1700,1700,1700,1700,1700,1700,1700,1700,2400,20400,0.0204,,
A14109,,,USD,NORTH,NEW DELHI,DEL00072,NAPINO AUTO & ELECTRONICS LTD,Automotive,Others-Automotive,,,,ARPIT SINGH,Abha,TAIWAN SEMI,TAIWAN SEMI,Gaurav,Prajwal,SMAJ30CAH,Existing,0.0285,0,200000,200000,200000,200000,200000,200000,200000,,200000,200000,200000,200000,5700,5700,5700,5700,5700,5700,5700,0,5700,5700,5700,5700,2200,62700,0.0627,,
A8560,,,USD,NORTH,NEW DELHI,DEL00072,NAPINO AUTO & ELECTRONICS LTD,Automotive,Others-Automotive,,Automotive,Others-Automotive,ARPIT SINGH,Abha,ROHM,ROHM,Vivek,Mangalagowri,ESR18EZPF1002,Existing,0.0058,0.0052,625000,625000,625000,,,,,,,,,,3625,3625,3625,0,0,0,0,0,0,0,0,0,1875,10875,0.010875,,
A8785,,,USD,NORTH,NEW DELHI,DEL00072,NAPINO AUTO & ELECTRONICS LTD,Automotive,Others-Automotive,,Automotive,Others-Automotive,ARPIT SINGH,Abha,ROHM,ROHM,Vivek,Mangalagowri,ESR10EZPF4701,Existing,0.0044,0,706200,,706200,,,,,,,,,,3107.28,0,3107.28,0,0,0,0,0,0,0,0,0,1412.4,6214.56,0.00621456,,
A11305,,,USD,NORTH,NEW DELHI,DEL00072,NAPINO AUTO & ELECTRONICS LTD,Automotive,Others-Automotive,,Automotive,Others-Automotive,ARPIT SINGH,Abha,ROHM,ROHM,Vivek,Mangalagowri,ESR10EZPF6801,Existing,0.0044,0.0041,356200,356200,356200,,,,,,,,,,1567.28,1567.28,1567.28,0,0,0,0,0,0,0,0,0,1068.6,4701.84,0.00470184,,
A11308,,,USD,NORTH,NEW DELHI,DEL00072,NAPINO AUTO & ELECTRONICS LTD,Automotive,Others-Automotive,,Automotive,Others-Automotive,ARPIT SINGH,Abha,ROHM,ROHM,Vivek,Mangalagowri,ESR10EZPF1002,Existing,0.0044,0.0041,353100,353100,353100,,,,,,,,,,1553.64,1553.64,1553.64,0,0,0,0,0,0,0,0,0,1059.3,4660.92,0.00466092,,
A11718,,,USD,NORTH,NEW DELHI,DEL00072,NAPINO AUTO & ELECTRONICS LTD,Automotive,Others-Automotive,,Automotive,Others-Automotive,ARPIT SINGH,Abha,ROHM,ROHM,Vivek,Mangalagowri,ESR10EZPF1202,Existing,0.0044,0,353100,353100,353100,,,,,,,,,,1553.64,1553.64,1553.64,0,0,0,0,0,0,0,0,0,1059.3,4660.92,0.00466092,,
,1,,INR,,NEW DELHI,,De Diamond Electric India Pvt Ltd,,,,,,SURAJ PANDEY,,,HARVATEK,,,HV-57G3004D-Z1,,3.2,,20000,,,,20000,,,20000,,,,,64000,0,0,0,64000,0,0,64000,0,0,0,0,60,192000,0.00217588395285585,,
A8474,,,USD,NORTH,NEW DELHI,DEL00072,NAPINO AUTO & ELECTRONICS LTD,Automotive,Others-Automotive,,Automotive,Others-Automotive,ARPIT SINGH,Abha,ROHM,ROHM,Vivek,Mangalagowri,DAP202UT106,Existing,0.0158,0.0147,353300,,353300,,,,,,,,,,5582.14,0,5582.14,0,0,0,0,0,0,0,0,0,706.6,11164.28,0.01116428,,
,1,,INR,,NEW DELHI,,De Diamond Electric India Pvt Ltd,,,,,,SURAJ PANDEY,,,HARVATEK,,,HV-61O3004D-Z1,,3.5,,10000,,,,10000,,,10000,,,,,35000,0,0,0,35000,0,0,35000,0,0,0,0,30,105000,0.00118993653671804,,
,1,,INR,,NEW DELHI,,De Diamond Electric India Pvt Ltd,,,,,,SURAJ PANDEY,,,HARVATEK,,,HV-62R3004D-Z1,,3.5,,10000,,,,10000,,,10000,,,,,35000,0,0,0,35000,0,0,35000,0,0,0,0,30,105000,0.00118993653671804,,
A14113,,,USD,NORTH,NEW DELHI,DEL00072,NAPINO AUTO & ELECTRONICS LTD,Automotive,Others-Automotive,,,,ARPIT SINGH,Abha,TAIWAN SEMI,TAIWAN SEMI,Gaurav,Prajwal,SS1H10LWH,Existing,0.021,0,50000,50000,50000,50000,50000,50000,50000,50000,50000,50000,50000,50000,1050,1050,1050,1050,1050,1050,1050,1050,1050,1050,1050,1050,600,12600,0.0126,,
A1991,,5,INR,NORTH,NEW DELHI,DEL01307,DE DIAMOND ELECTRIC INDIA PVT LTD,Consumer,White Goods,,Consumer,White Goods,SURAJ PANDEY,Vinny,TE CONNECTIVITY,TE CONNECTIVITY,Bharath,Milana,1376357-8,Existing,48.9,42.299,,,,2000,2000,2000,2000,,2000,2000,2000,,0,0,0,97800,97800,97800,97800,0,97800,97800,97800,0,14,684600,0.00775838621940163,,
,1,,INR,,NEW DELHI,,DE DIAMOND ELECTRIC INDIA PVT LTD,,,,,,SURAJ PANDEY,,,TE Connectivity,,,1376357-8,,48.9,,2500,,,,2500,,,2500,,,,,122250,0,0,0,122250,0,0,122250,0,0,0,0,7.5,366750,0.0041562783318223,,
,1,,INR,NORTH,NEW DELHI,,Deva Autotronics,,,,,,MAHESH KUMAR MITTAL,,,NICHICON,,,UUX2A220MNL1GS,New,6.67,,,,,,,,5000,,,,5000,,0,0,0,0,0,0,33350,0,0,0,33350,0,10,66700,0.000755893019038985,,
A11169,,,USD,NORTH,NEW DELHI,DEL00072,NAPINO AUTO & ELECTRONICS LTD,Automotive,Others-Automotive,,Automotive,Others-Automotive,ARPIT SINGH,Abha,ROHM,ROHM,Vivek,Mangalagowri,ESR18EZPF9100,Existing,0.0058,0.0051,200000,200000,200000,,,,,,,,,,1160,1160,1160,0,0,0,0,0,0,0,0,0,600,3480,0.00348,,
A12364,,,USD,NORTH,NEW DELHI,DEL00072,NAPINO AUTO & ELECTRONICS LTD,Automotive,Others-Automotive,,Automotive,Others-Automotive,ARPIT SINGH,Abha,ROHM,ROHM,Vivek,Mangalagowri,ESR10EZPF60R4,Existing,0.0044,0.0041,200000,200000,200000,,,,,,,,,,880,880,880,0,0,0,0,0,0,0,0,0,600,2640,0.00264,,
,1,,INR,NORTH,NEW DELHI,,Deva Autotronics,,,,,,MAHESH KUMAR MITTAL,,,NICHICON,,,UCD1C221MCL1GS,New,6.4,,,,,,,,5000,,,,5000,,0,0,0,0,0,0,32000,0,0,0,32000,0,10,64000,0.000725294650951949,,
,1,,INR,NORTH,NEW DELHI,,Deva Autotronics,,,,,,MAHESH KUMAR MITTAL,,,NICHICON,,,UPJ1J221MHD,New,12.65,,1000,1000,,1000,1000,1000,,1000,1000,1000,,1000,12650,12650,0,12650,12650,12650,0,12650,12650,12650,0,12650,9,113850,0.00129023118766999,,
,1,,INR,NORTH,NEW DELHI,,Deva Autotronics,,,,,,MAHESH KUMAR MITTAL,,,NICHICON,,,UWT1H2R2MCL1GB,New,3.45,,,1000,,,1000,,,1000,,1000,1000,,0,3450,0,0,3450,0,0,3450,0,3450,3450,0,5,17250,0.000195489573889393,,
A8611,,,USD,NORTH,NEW DELHI,DEL00072,NAPINO AUTO & ELECTRONICS LTD,Automotive,Others-Automotive,,Automotive,Others-Automotive,ARPIT SINGH,Abha,ROHM,ROHM,Vivek,Mangalagowri,ESR18EZPF8201,Existing,0.0058,0.0052,,404200,,,,,,,,,,,0,2344.36,0,0,0,0,0,0,0,0,0,0,404.2,2344.36,0.00234436,,
,1,,USD,,NEW DELHI,DEL00072,NAPINO AUTO & ELECTRONICS LTD,,,,,,ARPIT SINGH,Abha,,Taiwan Semi,,,UGF10JH,New,0.115,,,,,,,50000,50000,50000,50000,50000,50000,50000,0,0,0,0,0,5750,5750,5750,5750,5750,5750,5750,350,40250,0.04025,,
A7180,,5,INR,NORTH,NEW DELHI,DEL00031,DIGITALS INDIA SECURITY PRODUCTS PVT LTD,Industrial,Security & Surveillance,,Industrial,Security & Surveillance,ABHISHEKH CHOUDHARY,Abha,RENESAS,RENESAS,Uma,Manju PJ,R5F100GGAFB#10,Existing,90,0.63,,3000,,,3000,,,3000,,,,3000,0,270000,0,0,270000,0,0,270000,0,0,0,270000,12,1080000,0.0122393472348141,,
A6299,,5,INR,NORTH,NEW DELHI,DEL00031,DIGITALS INDIA SECURITY PRODUCTS PVT LTD,Industrial,Security & Surveillance,,Industrial,Security & Surveillance,ABHISHEKH CHOUDHARY,Abha,TDK,TDK,Karthik,Mangalagowri,PS1740P02CE,Existing,24,0.2,0,0,0,0,0,3000,0,0,0,0,0,0,0,0,0,0,0,72000,0,0,0,0,0,0,3,72000,0.000815956482320943,,
A3645,,5,INR,NORTH,NEW DELHI,DEL00031,DIGITALS INDIA SECURITY PRODUCTS PVT LTD,Industrial,Security & Surveillance,,Industrial,Security & Surveillance,ABHISHEKH CHOUDHARY,Abha,RENESAS,RENESAS,Uma,Manju PJ,R5F21258SNFP#V2,Existing,160.91,1.38,180,,,180,,,,180,,,,,28963.8,0,0,28963.8,0,0,0,28963.8,0,0,0,0,0.54,86891.4,0.000984716681776972,,
A12151,,,USD,NORTH,NEW DELHI,DEL00072,NAPINO AUTO & ELECTRONICS LTD,Automotive,Others-Automotive,,Automotive,Others-Automotive,ARPIT SINGH,Abha,ROHM,ROHM,Vivek,Mangalagowri,ESR18EZPF1001,Existing,0.0058,0.0052,100000,100000,,,,,,,,,,,580,580,0,0,0,0,0,0,0,0,0,0,200,1160,0.00116,,
A6803,,5,INR,NORTH,NEW DELHI,DEL02210,EI EMS INDIA PRIVATE LIMITED-DEL,Industrial,Security & Surveillance,,Industrial,Security & Surveillance,ABHISHEKH CHOUDHARY,Neha,KORCHIP,KORCHIP,Vikram,Anbarasu,DCM5R5104HF,Existing,27.85,0.25,,,,,4000,,,,,,,,0,0,0,0,111400,0,0,0,0,0,0,0,4,111400,0.00126246600181324,,
A2622,,5,INR,NORTH,NEW DELHI,DEL01412,ELECTRIC INDUSTRIES,Railways,Signals & Communication,,Railways,Signals & Communication,ABHISHEKH CHOUDHARY,Palak,DIOTEC,DIOTEC,Adarsh,Prajwal,US1M,Existing,1.05,0.92,,,,,,,5000,,,5000,,,0,0,0,0,0,0,5250,0,0,5250,0,0,10,10500,0.000118993653671804,,
A1131,,5,INR,NORTH,NEW DELHI,DEL01412,ELECTRIC INDUSTRIES,Railways,Signals & Communication,,Railways,Signals & Communication,ABHISHEKH CHOUDHARY,Palak,DIOTEC,DIOTEC,Adarsh,Prajwal,GBI35M,Existing,28.95,24.13,,,,,,,1000,,,1000,,,0,0,0,0,0,0,28950,0,0,28950,0,0,2,57900,0.000656165004533092,,
A1174,,5,INR,NORTH,NEW DELHI,DEL01412,ELECTRIC INDUSTRIES,Railways,Signals & Communication,,Railways,Signals & Communication,ABHISHEKH CHOUDHARY,Palak,NICHICON,NICHICON,Abhinandan,Shraddha,LGG2E102MELB40,Existing,115,1.1,,200,,,200,200,,,,,,,0,23000,0,0,23000,23000,0,0,0,0,0,0,0.6,69000,0.00078195829555757,,
A8990,,,USD,NORTH,NEW DELHI,DEL00072,NAPINO AUTO & ELECTRONICS LTD,Automotive,Others-Automotive,,Automotive,Others-Automotive,ARPIT SINGH,Abha,ROHM,ROHM,Vivek,Mangalagowri,ESR18EZPF3002,Existing,0.0058,0.0052,51000,51000,51000,,,,,,,,,,295.8,295.8,295.8,0,0,0,0,0,0,0,0,0,153,887.4,0.0008874,,
A5411,,5,INR,NORTH,NEW DELHI,DEL00369,ELECTROFUSION TECHNOLOGIES,Industrial,Invertor,,Industrial,Invertor,ABHISHEKH CHOUDHARY,Abha,DIOTEC,DIOTEC,Adarsh,Prajwal,SK310SMB,Existing,4.3,3.71,,,,,,,6000,,,,,,0,0,0,0,0,0,25800,0,0,0,0,0,6,25800,0.000292384406165005,,
A3525,,,INR,NORTH,CHANDIGARH,DEL00373,ELECTROWAVES ELECTRONICS PVT. LTD,Industrial,Drives,,Industrial,Drives,MAHESH KUMAR MITTAL,Abha,NICHICON,NICHICON,Abhinandan,Shraddha,LGG2W681MELHZS,Existing,262.65,2.23,,400,,,,400,,,400,,,,0,105060,0,0,0,105060,0,0,105060,0,0,0,1.2,315180,0.00357184950135993,,
A2714,5,,INR,NORTH,AHMEDABAD,AMD00292,ELLICO CONTROLS PRIVATE LIMITED,Industrial,Panel Meter,,Industrial,Panel Meter,HARSH DOSHI,Poonam Kashyap,EVE,EVE,Manju N,Kiran Bhamshetty,CR2032AKW,Existing,12,0.0805,,1000,,,1000,,,1000,,,1000,,0,12000,0,0,12000,0,0,12000,0,0,12000,0,4,48000,0.000543970988213962,,
,1,,INR,,JAIPUR,,ENERTRAK INSTRUMENTS PRIVATE LTD,,,,,,KULDEEP KUMAR,,,FIRSTOHM,,,SM52F2K20TKRTR2K0,,1.19,,,,,,,,,,75000,,,,0,0,0,0,0,0,0,0,89250,0,0,0,75,89250,0.00101144605621034,,
,1,,INR,,JAIPUR,,ENERTRAK INSTRUMENTS PRIVATE LTD,,,,,,KULDEEP KUMAR,,,FIRSTOHM,,,SM52F5K10TKRTR2K0,,1.06,,,,,8000,12000,,,,,,,,0,0,0,8480,12720,0,0,0,0,0,0,0,20,21200,0.000240253853127833,,
,1,,USD,,NEW DELHI,DEL00072,NAPINO AUTO & ELECTRONICS LTD,,,,,,ARPIT SINGH,,,Taiwan Semi,,,P4SMA27CAH,New,0.03451,,12000,12000,12000,12000,12000,,12000,,12000,12000,12000,12000,414.12,414.12,414.12,414.12,414.12,0,414.12,0,414.12,414.12,414.12,414.12,120,4141.2,0.0041412,,
,,,INR,,JAIPUR,,ENERTRAK INSTRUMENTS PRIVATE LTD,,,,,,KULDEEP KUMAR,,,DIOTEC,,,Z1SMA13,,2.51,,,,,,7500,,,,,,,,0,0,0,0,18825,0,0,0,0,0,0,0,7.5,18825,0.000213338621940163,,
A5234,5,,INR,NORTH,JAIPUR,JPR00001,ENERTRAK INSTRUMENTS PRIVATE LTD,Industrial,Panel Meter,,Industrial,Panel Meter,KULDEEP KUMAR,Neha Chauhan,DIOTEC,DIOTEC,Adarsh,Prajwal,RGP30M,Existing,4.66,2.95,,,,,3400,,,,,,,,0,0,0,0,15844,0,0,0,0,0,0,0,3.4,15844,0.000179555757026292,,
A9742,,,USD,NORTH,NEW DELHI,DEL00072,NAPINO AUTO & ELECTRONICS LTD,Automotive,Others-Automotive,,Automotive,Others-Automotive,ARPIT SINGH,Abha,ROHM,ROHM,Vivek,Mangalagowri,ESR18EZPF2701,Existing,0.0058,0.0052,38600,38600,38600,,,,,,,,,,223.88,223.88,223.88,0,0,0,0,0,0,0,0,0,115.8,671.64,0.00067164,,
A8648,,,USD,NORTH,NEW DELHI,DEL00072,NAPINO AUTO & ELECTRONICS LTD,Automotive,Others-Automotive,,Automotive,Others-Automotive,ARPIT SINGH,Abha,ROHM,ROHM,Vivek,Mangalagowri,ESR25JZPF3001,Existing,0.013,0.012,37000,37000,37000,,,,,,,,,,481,481,481,0,0,0,0,0,0,0,0,0,111,1443,0.001443,,
A11665,,,USD,NORTH,NEW DELHI,DEL00072,NAPINO AUTO & ELECTRONICS LTD,Automotive,Others-Automotive,,Automotive,Others-Automotive,ARPIT SINGH,Abha,ROHM,ROHM,Vivek,Mangalagowri,ESR25JZPF1001,Existing,0.013,0.012,37000,37000,37000,,,,,,,,,,481,481,481,0,0,0,0,0,0,0,0,0,111,1443,0.001443,,
A9195,,,USD,NORTH,NEW DELHI,DEL00072,NAPINO AUTO & ELECTRONICS LTD,Automotive,Others-Automotive,,Automotive,Others-Automotive,ARPIT SINGH,Abha,ROHM,ROHM,Vivek,Mangalagowri,ESR18EZPF7502,Existing,0.0058,0.0052,37000,37000,37000,,,,,,,,,,214.6,214.6,214.6,0,0,0,0,0,0,0,0,0,111,643.8,0.0006438,,
,1,,INR,,NEW DELHI,,EPPELTONE ENGINEERS LIMITED,,,,,,KULDEEP KUMAR,,,QUECTEL,,,EC200UCNAD-N05-SNNSI,,400,,500,,,10000,,,10000,,,10000,,,200000,0,0,4000000,0,0,4000000,0,0,4000000,0,0,30.5,12200000,0.138259292837715,,
A6464,5,5,INR,NORTH,JAIPUR,JPR00014,EPSILON HEALTHCARE SOLUTIONS PVT LTD,Medical,Diagnostic Equipments,,Medical,Diagnostic Equipments,SURAJ PANDEY,Poonam Kashyap,DIOTEC,DIOTEC,Adarsh,Prajwal,1N4148 Diotec,Existing,0.4,0.33,,,,,7500,,,,7500,,,7500,0,0,0,0,3000,0,0,0,3000,0,0,3000,22.5,9000,0.000101994560290118,,
A4725,5,5,INR,NORTH,JAIPUR,JPR00014,EPSILON HEALTHCARE SOLUTIONS PVT LTD,Medical,Diagnostic Equipments,,Medical,Diagnostic Equipments,SURAJ PANDEY,Poonam Kashyap,EPCOS,EPCOS,Karthik,Mangalagowri,B32922C3224MN1,Existing,3.37,2.9,0,0,0,0,5000,0,0,0,5000,0,0,5000,0,0,0,0,16850,0,0,0,16850,0,0,16850,15,50550,0.000572869446962829,,
A8738,,,USD,NORTH,NEW DELHI,DEL00072,NAPINO AUTO & ELECTRONICS LTD,Automotive,Others-Automotive,,Automotive,Others-Automotive,ARPIT SINGH,Abha,ROHM,ROHM,Vivek,Mangalagowri,ESR18EZPF6201,Existing,0.0058,0.0052,36900,36900,,,,,,,,,,,214.02,214.02,0,0,0,0,0,0,0,0,0,0,73.8,428.04,0.00042804,,
A8647,,,USD,NORTH,NEW DELHI,DEL00072,NAPINO AUTO & ELECTRONICS LTD,Automotive,Others-Automotive,,Automotive,Others-Automotive,ARPIT SINGH,Abha,ROHM,ROHM,Vivek,Mangalagowri,ESR18EZPF3902,Existing,0.0058,0.0052,34000,,34000,,,,,,,,,,197.2,0,197.2,0,0,0,0,0,0,0,0,0,68,394.4,0.0003944,,
A7297,5,5,INR,NORTH,JAIPUR,JPR00014,EPSILON HEALTHCARE SOLUTIONS PVT LTD,Medical,Diagnostic Equipments,,Medical,Diagnostic Equipments,SURAJ PANDEY,Poonam Kashyap,NICHICON,NICHICON,Abhinandan,Shraddha,LGG2D471MELZ25,Existing,122,1.11,,,,,1000,,,,1000,,,1000,0,0,0,0,122000,0,0,0,122000,0,0,122000,3,366000,0.00414777878513146,,
,1,,INR,NORTH,NEW DELHI,DEL01425,EULER MOTORS PRIVATE LIMITED,Automotive,VCU,EULER MOTORS PRIVATE LIMITED,Automotive,VCU,SURAJ PANDEY,,LOTES,LOTES,Karthik,Masila,AAUT0219-K001C,New,67,0.58,0,0,0,0,0,0,500,,500,,500,,0,0,0,0,0,0,33500,0,33500,0,33500,0,1.5,100500,0.00113893925657298,,
A8991,,,USD,NORTH,NEW DELHI,DEL00072,NAPINO AUTO & ELECTRONICS LTD,Automotive,Others-Automotive,,Automotive,Others-Automotive,ARPIT SINGH,Abha,ROHM,ROHM,Vivek,Mangalagowri,2SA1576AT106R,Existing,0.0094,0.0088,17300,17300,17300,,,,,,,,,,162.62,162.62,162.62,0,0,0,0,0,0,0,0,0,51.9,487.86,0.00048786,,
A10240,,,USD,NORTH,NEW DELHI,DEL00072,NAPINO AUTO & ELECTRONICS LTD,Automotive,Others-Automotive,,Automotive,Others-Automotive,ARPIT SINGH,Abha,ROHM,ROHM,Vivek,Mangalagowri,ESR03EZPF2200,Existing,0.00463,0.0041,16480,16480,16480,,,,,,,,,,76.3024,76.3024,76.3024,0,0,0,0,0,0,0,0,0,49.44,228.9072,0.0002289072,,
A2350,5,,INR,NORTH,NEW DELHI,DEL01946,EULER MOTORS PRIVATE LIMITED-TOPLINE,Automotive-EV,Vehicle Control Unit,,Automotive-EV,Vehicle Control Unit,SURAJ PANDEY,Poonam Kashyap,PANASONIC,PANASONIC,Vikram,Anbarasu,AECN51012 XXX,Existing,495,200,,150,,,,,,150,,,,150,0,74250,0,0,0,0,0,74250,0,0,0,74250,0.45,222750,0.00252436536718042,,
A10450,,,USD,NORTH,NEW DELHI,DEL00072,NAPINO AUTO & ELECTRONICS LTD,Automotive,Others-Automotive,,Automotive,Others-Automotive,ARPIT SINGH,Abha,ROHM,ROHM,Vivek,Mangalagowri,ESR25JZPF1000,Existing,0.013,0.012,16000,16000,16000,,,,,,,,,,208,208,208,0,0,0,0,0,0,0,0,0,48,624,0.000624,,
A8615,,,USD,NORTH,NEW DELHI,DEL00072,NAPINO AUTO & ELECTRONICS LTD,Automotive,Others-Automotive,,Automotive,Others-Automotive,ARPIT SINGH,Abha,ROHM,ROHM,Vivek,Mangalagowri,ESR18EZPF2002,Existing,0.0058,0.0052,15000,15000,15000,,,,,,,,,,87,87,87,0,0,0,0,0,0,0,0,0,45,261,0.000261,,
A8442,,,USD,NORTH,NEW DELHI,DEL00072,NAPINO AUTO & ELECTRONICS LTD,Automotive,Others-Automotive,,Automotive,Others-Automotive,ARPIT SINGH,Abha,ROHM,ROHM,Vivek,Mangalagowri,ESR03EZPF1001,Existing,0.004633,0.0041,15000,15000,15000,,,,,,,,,,69.495,69.495,69.495,0,0,0,0,0,0,0,0,0,45,208.485,0.000208485,,
A8578,,,USD,NORTH,NEW DELHI,DEL00072,NAPINO AUTO & ELECTRONICS LTD,Automotive,Others-Automotive,,Automotive,Others-Automotive,ARPIT SINGH,Abha,ROHM,ROHM,Vivek,Mangalagowri,ESR25JZPF5100,Existing,0.013,0.012,13000,13000,13000,,,,,,,,,,169,169,169,0,0,0,0,0,0,0,0,0,39,507,0.000507,,
A2068,,,INR,NORTH,GUJARAT,GUJ00008,EXCELTECH INDIA PVT LTD,Industrial,Panel Meter,,Industrial,Panel Meter,HARSH DOSHI,Poonam Kashyap,RENESAS,RENESAS,Uma,Manju PJ,R5F100ACASP#50,Existing,55,0.256,,2500,,2500,2500,,2500,,,2500,,2500,0,137500,0,137500,137500,0,137500,0,0,137500,0,137500,15,825000,0.00934950135992747,,
A4823,5,,INR,NORTH,NEW DELHI,DEL01824,EXICOM TELE-SYSTEMS LIMITED,Telecom,Base Station,,Telecom,Base Station,MAHESH KUMAR MITTAL,Vinny,DIOTEC,DIOTEC,Adarsh,Prajwal,US1M,Existing,1.32,1,45000,45000,,45000,45000,45000,,45000,,45000,45000,45000,59400,59400,0,59400,59400,59400,0,59400,0,59400,59400,59400,405,534600,0.006058476881233,,
A9954,,,USD,NORTH,NEW DELHI,DEL00072,NAPINO AUTO & ELECTRONICS LTD,Automotive,Others-Automotive,,Automotive,Others-Automotive,ARPIT SINGH,Abha,ROHM,ROHM,Vivek,Mangalagowri,MNR14E0APJ472,Existing,0.0034,0.0031,12000,12000,12000,,,,,,,,,,40.8,40.8,40.8,0,0,0,0,0,0,0,0,0,36,122.4,0.0001224,,
A9193,,,USD,NORTH,NEW DELHI,DEL00072,NAPINO AUTO & ELECTRONICS LTD,Automotive,Others-Automotive,,Automotive,Others-Automotive,ARPIT SINGH,Abha,ROHM,ROHM,Vivek,Mangalagowri,1SS355VMFHTE-17,Existing,0.0122,0.0089,10000,10000,10000,,,,,,,,,,122,122,122,0,0,0,0,0,0,0,0,0,30,366,0.000366,,
A9691,,,USD,NORTH,NEW DELHI,DEL00072,NAPINO AUTO & ELECTRONICS LTD,Automotive,Others-Automotive,,Automotive,Others-Automotive,ARPIT SINGH,Abha,ROHM,ROHM,Vivek,Mangalagowri,2SC4081T106R,Existing,0.0094,0.0088,9700,9700,9700,,,,,,,,,,91.18,91.18,91.18,0,0,0,0,0,0,0,0,0,29.1,273.54,0.00027354,,
A8477,,,USD,NORTH,NEW DELHI,DEL00072,NAPINO AUTO & ELECTRONICS LTD,Automotive,Others-Automotive,,Automotive,Others-Automotive,ARPIT SINGH,Abha,ROHM,ROHM,Vivek,Mangalagowri,ESR18EZPJ470,Existing,0.0048,0.0045,8320,8320,8320,,,,,,,,,,39.936,39.936,39.936,0,0,0,0,0,0,0,0,0,24.96,119.808,0.000119808,,
A8965,,,USD,NORTH,NEW DELHI,DEL00072,NAPINO AUTO & ELECTRONICS LTD,Automotive,Others-Automotive,,Automotive,Others-Automotive,ARPIT SINGH,Abha,ROHM,ROHM,Vivek,Mangalagowri,KDZVTFTR2.7B,Existing,0.046,0.0429,8000,8000,8000,,,,,,,,,,368,368,368,0,0,0,0,0,0,0,0,0,24,1104,0.001104,,
A8930,,,USD,NORTH,NEW DELHI,DEL00072,NAPINO AUTO & ELECTRONICS LTD,Automotive,Others-Automotive,,Automotive,Others-Automotive,ARPIT SINGH,Abha,ROHM,ROHM,Vivek,Mangalagowri,ESR10EZPF1001,Existing,0.0044,0.0041,7500,7500,7500,,,,,,,,,,33,33,33,0,0,0,0,0,0,0,0,0,22.5,99,9.9e-05,,
A9271,,,USD,NORTH,NEW DELHI,DEL00072,NAPINO AUTO & ELECTRONICS LTD,Automotive,Others-Automotive,,Automotive,Others-Automotive,ARPIT SINGH,Abha,ROHM,ROHM,Vivek,Mangalagowri,2SD1484KT146R,Existing,0.0289,0.026,7000,7000,7000,,,,,,,,,,202.3,202.3,202.3,0,0,0,0,0,0,0,0,0,21,606.9,0.0006069,,
,1,,USD,,NEW DELHI,DEL00072,NAPINO AUTO & ELECTRONICS LTD,,,,,,ARPIT SINGH,Abha,,Taiwan Semi,,,BZT52B24SH RRG,New,0.014,,,,,,,,10000,,,,10000,,0,0,0,0,0,0,140,0,0,0,140,0,20,280,0.00028,,
A9210,,,USD,NORTH,NEW DELHI,DEL00072,NAPINO AUTO & ELECTRONICS LTD,Automotive,Others-Automotive,,Automotive,Others-Automotive,ARPIT SINGH,Abha,ROHM,ROHM,Vivek,Mangalagowri,MCR10EZPF1001,Existing,0.0017,0.0015,6500,6500,6500,,,,,,,,,,11.05,11.05,11.05,0,0,0,0,0,0,0,0,0,19.5,33.15,3.315e-05,,
A9744,,,USD,NORTH,NEW DELHI,DEL00072,NAPINO AUTO & ELECTRONICS LTD,Automotive,Others-Automotive,,Automotive,Others-Automotive,ARPIT SINGH,Abha,ROHM,ROHM,Vivek,Mangalagowri,MCR10EZPF4300,Existing,0.0017,0.0015,6500,6500,6500,,,,,,,,,,11.05,11.05,11.05,0,0,0,0,0,0,0,0,0,19.5,33.15,3.315e-05,,
A8932,,,USD,NORTH,NEW DELHI,DEL00072,NAPINO AUTO & ELECTRONICS LTD,Automotive,Others-Automotive,,Automotive,Others-Automotive,ARPIT SINGH,Abha,ROHM,ROHM,Vivek,Mangalagowri,MCR03EZPFX1502,Existing,0.00094,0.00086,6500,6500,6500,,,,,,,,,,6.11,6.11,6.11,0,0,0,0,0,0,0,0,0,19.5,18.33,1.833e-05,,
A8672,,,USD,NORTH,NEW DELHI,DEL00072,NAPINO AUTO & ELECTRONICS LTD,Automotive,Others-Automotive,,Automotive,Others-Automotive,ARPIT SINGH,Abha,ROHM,ROHM,Vivek,Mangalagowri,ESR18EZPF3601,Existing,0.0066,0.0052,6400,6400,6400,,,,,,,,,,42.24,42.24,42.24,0,0,0,0,0,0,0,0,0,19.2,126.72,0.00012672,,
A9011,,,USD,NORTH,NEW DELHI,DEL00072,NAPINO AUTO & ELECTRONICS LTD,Automotive,Others-Automotive,,Automotive,Others-Automotive,ARPIT SINGH,Abha,ROHM,ROHM,Vivek,Mangalagowri,TFZGTR16B,Existing,0.0211,0.0193,5800,5800,5800,,,,,,,,,,122.38,122.38,122.38,0,0,0,0,0,0,0,0,0,17.4,367.14,0.00036714,,
A9402,,,USD,NORTH,NEW DELHI,DEL00072,NAPINO AUTO & ELECTRONICS LTD,Automotive,Others-Automotive,,Automotive,Others-Automotive,ARPIT SINGH,Abha,ROHM,ROHM,Vivek,Mangalagowri,BD4843G-TR,Existing,0.0495,0.0432,5000,5000,5000,,,,,,,,,,247.5,247.5,247.5,0,0,0,0,0,0,0,0,0,15,742.5,0.0007425,,
,1,,USD,,NEW DELHI,DEL00072,NAPINO AUTO & ELECTRONICS LTD,,,,,,ARPIT SINGH,Abha,,Diotec,,,P6SMB27CAH,New,0.03451,,1000,1000,1000,1000,1000,1000,1000,1000,1000,1000,1000,1000,34.51,34.51,34.51,34.51,34.51,34.51,34.51,34.51,34.51,34.51,34.51,34.51,12,414.12,0.00041412,,
A9675,,,USD,NORTH,NEW DELHI,DEL00072,NAPINO AUTO & ELECTRONICS LTD,Automotive,Others-Automotive,,Automotive,Others-Automotive,ARPIT SINGH,Abha,ROHM,ROHM,Vivek,Mangalagowri,ESR18EZPF5100,Existing,0.0058,0.0052,6000,6000,,,,,,,,,,,34.8,34.8,0,0,0,0,0,0,0,0,0,0,12,69.6,6.96e-05,,
A8838,,,USD,NORTH,NEW DELHI,DEL00072,NAPINO AUTO & ELECTRONICS LTD,Automotive,Others-Automotive,,Automotive,Others-Automotive,ARPIT SINGH,Abha,ROHM,ROHM,Vivek,Mangalagowri,MCR01MZPJ100,Existing,0.00066,0.00056,4000,4000,4000,,,,,,,,,,2.64,2.64,2.64,0,0,0,0,0,0,0,0,0,12,7.92,7.92e-06,,
A8476,,,USD,NORTH,NEW DELHI,DEL00072,NAPINO AUTO & ELECTRONICS LTD,Automotive,Others-Automotive,,Automotive,Others-Automotive,ARPIT SINGH,Abha,ROHM,ROHM,Vivek,Mangalagowri,TFZGTR7.5B,Existing,0.0211,0.0193,3300,3300,3300,,,,,,,,,,69.63,69.63,69.63,0,0,0,0,0,0,0,0,0,9.9,208.89,0.00020889,,
A11117,,,USD,NORTH,NEW DELHI,DEL00072,NAPINO AUTO & ELECTRONICS LTD,Automotive,Others-Automotive,,Automotive,Others-Automotive,ARPIT SINGH,Abha,ROHM,ROHM,Vivek,Mangalagowri,BD18395EFV-ME2,Existing,0.5735,0.534,3000,3000,3000,,,,,,,,,,1720.5,1720.5,1720.5,0,0,0,0,0,0,0,0,0,9,5161.5,0.0051615,,
A9196,,,USD,NORTH,NEW DELHI,DEL00072,NAPINO AUTO & ELECTRONICS LTD,Automotive,Others-Automotive,,Automotive,Others-Automotive,ARPIT SINGH,Abha,ROHM,ROHM,Vivek,Mangalagowri,UDZSNPTE-17 39B,Existing,0.0117,0.0109,3000,3000,3000,,,,,,,,,,35.1,35.1,35.1,0,0,0,0,0,0,0,0,0,9,105.3,0.0001053,,
A11697,,,USD,NORTH,NEW DELHI,DEL00072,NAPINO AUTO & ELECTRONICS LTD,Automotive,Others-Automotive,,Automotive,Others-Automotive,ARPIT SINGH,Abha,ROHM,ROHM,Vivek,Mangalagowri,MCR03EZPFX2701,Existing,0.00095,0.00086,2500,2500,2500,,,,,,,,,,2.375,2.375,2.375,0,0,0,0,0,0,0,0,0,7.5,7.125,7.125e-06,,
A11804,,,USD,NORTH,NEW DELHI,DEL00072,NAPINO AUTO & ELECTRONICS LTD,Automotive,Others-Automotive,,Automotive,Others-Automotive,ARPIT SINGH,Abha,ROHM,ROHM,Vivek,Mangalagowri,ESR10EZPF2001,Existing,0.0044,0.0041,2000,2000,2000,,,,,,,,,,8.8,8.8,8.8,0,0,0,0,0,0,0,0,0,6,26.4,2.64e-05,,
A9679,,,USD,NORTH,NEW DELHI,DEL00072,NAPINO AUTO & ELECTRONICS LTD,Automotive,Others-Automotive,,Automotive,Others-Automotive,ARPIT SINGH,Abha,ROHM,ROHM,Vivek,Mangalagowri,2SK3018T106,Existing,0.052,0.0154,625,625,625,,,,,,,,,,32.5,32.5,32.5,0,0,0,0,0,0,0,0,0,1.875,97.5,9.75e-05,,
A10858,,,USD,NORTH,NEW DELHI,DEL00072,NAPINO AUTO & ELECTRONICS LTD,Automotive,Others-Automotive,,Automotive,Others-Automotive,ARPIT SINGH,Abha,ROHM,ROHM,Vivek,Mangalagowri,AG502ELD3HRBTL,Existing,0.225,0.205,250,250,250,,,,,,,,,,56.25,56.25,56.25,0,0,0,0,0,0,0,0,0,0.75,168.75,0.00016875,,
A8836,,,USD,NORTH,NEW DELHI,DEL00072,NAPINO AUTO & ELECTRONICS LTD,Automotive,Others-Automotive,,Automotive,Others-Automotive,ARPIT SINGH,Abha,ROHM,ROHM,Vivek,Mangalagowri,1SS355TE-17,Existing,0.0103,0.01,220,220,220,,,,,,,,,,2.266,2.266,2.266,0,0,0,0,0,0,0,0,0,0.66,6.798,6.798e-06,,
A4977,5,,INR,NORTH,NEW DELHI,DEL01824,EXICOM TELE-SYSTEMS LIMITED,Telecom,Base Station,,Telecom,Base Station,MAHESH KUMAR MITTAL,Vinny,DIOTEC,DIOTEC,Adarsh,Prajwal,P4SMAJ13CA,Existing,2.45,2.18,7500,7500,,,7500,,7500,7500,7500,7500,,7500,18375,18375,0,0,18375,0,18375,18375,18375,18375,0,18375,60,147000,0.00166591115140526,,
A3931,5,,INR,NORTH,NEW DELHI,DEL01824,EXICOM TELE-SYSTEMS LIMITED,Telecom,Base Station,,Telecom,Base Station,MAHESH KUMAR MITTAL,Vinny,DIOTEC,DIOTEC,Adarsh,Prajwal,SMF20CA,Existing,2.72,2.45,6000,6000,,6000,6000,6000,,6000,,6000,6000,,16320,16320,0,16320,16320,16320,0,16320,0,16320,16320,0,48,130560,0.00147960108794198,,
,1,,INR,NORTH,NEW DELHI,DEL01824,EXICOM TELE-SYSTEMS LIMITED,,,,,,MAHESH KUMAR MITTAL,Poonam Kashyap,,MURATA,,,DR3R0106 (10x30),Existing,16.8,,,,,,,,,10000,,,,10000,0,0,0,0,0,0,0,168000,0,0,0,168000,20,336000,0.00380779691749773,,
A3453,5,,INR,NORTH,NEW DELHI,DEL00042,FIEM INDUSTRIES LTD-ALWAR,Automotive,Lighting,,Automotive,Lighting,KULDEEP KUMAR,Palak,PANASONIC,PANASONIC,Vikram,Anbarasu,ETQ-P5M4R7YFM,Existing,29.05,26.18978,,,,,2000,,,,,2000,,,0,0,0,0,58100,0,0,0,0,58100,0,0,4,116200,0.00131686310063463,,
,1,,INR,,NEW DELHI,,FIEM INDUSTRIES LTD-ALWAR,Automotive,Lighting,,Automotive,Lighting,KULDEEP KUMAR,Palak,,VISHAY,,,SQD50N10-8M9L_GE3,New,28.07,,,,,,4000,,,,,,,,0,0,0,0,112280,0,0,0,0,0,0,0,4,112280,0.00127243880326383,,
A12033,5,,USD,NORTH,NEW DELHI,DEL02283,NETWEB TECHNOLOGIES INDIA LIMITED,Industrial,IOT,,Industrial,IOT,ARPIT SINGH,Neha Chauhan,LOTES,LOTES,Karthik,Masila,AAA-BAT-029-P52,Existing,0.7,0.5,500,,,,500,,,,,,500,,350,0,0,0,350,0,0,0,0,0,350,0,1.5,1050,0.00105,,
A11023,5,,USD,NORTH,NEW DELHI,DEL02283,NETWEB TECHNOLOGIES INDIA LIMITED,Industrial,IOT,,Industrial,IOT,ARPIT SINGH,Neha Chauhan,LOTES,LOTES,Karthik,Masila,AWAFA115-P001A11C,Existing,1.4,1,350,,,,350,,,,,,350,,490,0,0,0,490,0,0,0,0,0,490,0,1.05,1470,0.00147,,
A10058,5,,USD,NORTH,NEW DELHI,DEL02283,NETWEB TECHNOLOGIES INDIA LIMITED,Industrial,IOT,,Industrial,IOT,ARPIT SINGH,Neha Chauhan,LOTES,LOTES,Karthik,Masila,APOW0092-P002A11,Existing,1.7,1.2,300,,,,300,,,,,,300,,510,0,0,0,510,0,0,0,0,0,510,0,0.9,1530,0.00153,,
A13386,5,,USD,NORTH,NEW DELHI,DEL02283,NETWEB TECHNOLOGIES INDIA LIMITED,Industrial,IOT,,Industrial,IOT,ARPIT SINGH,Neha Chauhan,LOTES,LOTES,Karthik,Masila,ACA-SPI-006-P06,Existing,2.8,2,200,,,,200,,,,,,200,,560,0,0,0,560,0,0,0,0,0,560,0,0.6,1680,0.00168,,
,1,,USD,NORTH,NEW DELHI,,Nidec India,,,,,,MAHESH KUMAR MITTAL,,,NICHICON,,,UCM1E101MCL1GS,NEW,0.047,,,,,100000,,,100000,,,,,100000,0,0,0,4700,0,0,4700,0,0,0,0,4700,300,14100,0.0141,,
,1,,USD,NORTH,NEW DELHI,,Nidec India,,,,,,MAHESH KUMAR MITTAL,,,MURATA,,,GRM1555C1H121JA01D,NEW,0.00147,,,,,10000,,,10000,,,,,10000,0,0,0,14.7,0,0,14.7,0,0,0,0,14.7,30,44.1,4.41e-05,,
A8591,,,USD,NORTH,NEW DELHI,DEL01439,NIPPON AUDIOTRONIX PVT LTD,Automotive,Others-Automotive,NIPPON AUDIOTRONIX PVT LTD,Automotive,Others-Automotive,ARPIT SINGH,Poonam Kashyap,MURATA,MURATA,Anita,Shraddha,GCM21BR72A104KA37L,Existing,0.01274,0.00853,0,0,0,0,0,66000,0,0,0,0,0,0,0,0,0,0,0,840.84,0,0,0,0,0,0,66,840.84,0.00084084,,
A12481,,,USD,NORTH,NEW DELHI,DEL01439,NIPPON AUDIOTRONIX PVT LTD,Automotive,Others-Automotive,NIPPON AUDIOTRONIX PVT LTD,Automotive,Others-Automotive,ARPIT SINGH,Poonam Kashyap,MURATA,MURATA,Anita,Shraddha,GCM1885C2A240JA16D,Existing,0.005096,0.00411,0,0,0,0,0,20000,0,0,0,0,0,0,0,0,0,0,0,101.92,0,0,0,0,0,0,20,101.92,0.00010192,,
A5643,5,,INR,NORTH,UTTAR PRADESH,DEL00043,FILM ELECTRONICS PVT LTD,Others,OEM,,Others,OEM,DHIRENDER PANDEY,Poonam Kashyap,DIOTEC,DIOTEC,Adarsh,Prajwal,MMBTA06,Existing,1.28,1.15,100000,,,100000,,,100000,,,,100000,,128000,0,0,128000,0,0,128000,0,0,0,128000,0,400,512000,0.00580235720761559,,
A5588,5,,INR,NORTH,NEW DELHI,DEL02342,GANTECH E TECHNOLOGIES PRIVATE LIMITED,Industrial,Security & Surveillance,,Industrial,Security & Surveillance,SURAJ PANDEY,Palak,MACRONIX,MACRONIX,Pavan,Manju PJ,MX35LF1GE4AB-Z4I,New,75,58,,,,,,,,,2000,,,,0,0,0,0,0,0,0,0,150000,0,0,0,2,150000,0.00169990933816863,,
,5,,INR,NORTH,AHMEDABAD,,GELCO ELECTRONICS PVT LTD,Industrial,Panel Meter,,Industrial,Panel Meter,HARSH DOSHI,Poonam Kashyap,EVE,EVE,Vijayakumar,Manju PJ,R5F1212BCGFP,,30,,,,,2000,,,3000,,,2000,,3000,0,0,0,60000,0,0,90000,0,0,60000,0,90000,10,300000,0.00339981867633726,,
A4436,,,INR,NORTH,JAIPUR,DEL00046,GENUS POWER INFRASTRUCTURES LTD,Energy Meter,Smart Meter,,Energy Meter,Smart Meter,KULDEEP KUMAR,Prakash,DIOTEC,DIOTEC,Adarsh,Prajwal,MMSZ5234B,Existing,0.98,0.87,100000,,,,100000,,,100000,,,100000,,98000,0,0,0,98000,0,0,98000,0,0,98000,0,400,392000,0.00444242973708069,,
A3658,,,INR,NORTH,JAIPUR,DEL00046,GENUS POWER INFRASTRUCTURES LTD,Energy Meter,Smart Meter,,Energy Meter,Smart Meter,KULDEEP KUMAR,Prakash,DIOTEC,DIOTEC,Adarsh,Prajwal,1N4148WS,Existing,0.5,0.35,,3000,,,3000,,,3000,,,3000,,0,1500,0,0,1500,0,0,1500,0,0,1500,0,12,6000,6.79963735267453e-05,,
A5170,5,,INR,NORTH,JAIPUR,JPR00003,GENUS POWER JAIPUR,Energy Meter,Smart Meter,,Energy Meter,Smart Meter,KULDEEP KUMAR,Prakash,DIOTEC,DIOTEC,Adarsh,Prajwal,LDI559-3.6EN,Existing,2.6,2.4,,,,,,60000,,,,,,60000,0,0,0,0,0,156000,0,0,0,0,0,156000,120,312000,0.00353581142339075,,
A4454,,,INR,NORTH,JAIPUR,JPR00003,GENUS POWER JAIPUR,Energy Meter,Smart Meter,,Energy Meter,Smart Meter,KULDEEP KUMAR,Prakash,DIOTEC,DIOTEC,Adarsh,Prajwal,BZT52C75,Existing,1.89,1.64,,15000,,,15000,,,15000,,,15000,,0,28350,0,0,28350,0,0,28350,0,0,28350,0,60,113400,0.00128513145965549,,
A4604,,,INR,NORTH,JAIPUR,JPR00003,GENUS POWER JAIPUR,Energy Meter,Smart Meter,,Energy Meter,Smart Meter,KULDEEP KUMAR,Prakash,DIOTEC,DIOTEC,Adarsh,Prajwal,1N4148WS,Existing,0.5,0.35,,1500,,,1500,,,1500,,,1500,,0,750,0,0,750,0,0,750,0,0,750,0,6,3000,3.39981867633726e-05,,
A4661,5,,INR,NORTH,NEW DELHI,DEL02078,HASHSTUDIOZ TECHNOLOGIES PRIVATE LIMITED,Industrial,IOT,HASHSTUDIOZ TECHNOLOGIES PRIVATE LIMITED,Industrial,IOT,SURAJ PANDEY,Neha Chauhan,LINK-PP,LINK-PP,Anita,Masila,LP1188-ZY,Existing,18.23,0.135,1500,,,0,0,0,1500,0,0,0,,1500,27345,0,0,0,0,0,27345,0,0,0,0,27345,4.5,82035,0.000929680417044424,,
,5,,USD,NORTH,JAIPUR,JPR00057,POLARIS GRIDS PRIVATE LIMITED,Energy_Meter,Meter & Measurement,POLARIS GRIDS PRIVATE LIMITED,Industrial,Meter & Measurement,KULDEEP KUMAR,Neha,TIANMA,TIANMA,Nagendra,Bhavya,TJMS5900,New,0.297,0.27,,,,20000,20000,20000,20000,20000,20000,20000,20000,20000,0,0,0,5940,5940,5940,5940,5940,5940,5940,5940,5940,180,53460,0.05346,,
A6886,5,,INR,NORTH,NEW DELHI,DEL02078,HASHSTUDIOZ TECHNOLOGIES PRIVATE LIMITED,Industrial,IOT,HASHSTUDIOZ TECHNOLOGIES PRIVATE LIMITED,Industrial,IOT,SURAJ PANDEY,Neha Chauhan,LINK-PP,LINK-PP,Anita,Masila,LPJE101-0BG-ZY,Existing,16.74,0.124,1500,0,0,0,,0,1500,0,0,0,0,1500,25110,0,0,0,0,0,25110,0,0,0,0,25110,4.5,75330,0.000853694469628286,,
A4720,5,,INR,NORTH,UTTAR PRADESH,DEL01737,HINDUSTAN AERONAUTICS LIMITED,Aerospace & Defence,Avionics,,Aerospace & Defence,Avionics,SURAJ PANDEY,Neha Chauhan,HONEYWELL,HONEYWELL,Veeranagouda,Tanuja,JS-152,Existing,1040,800,,,,,,,400,400,400,400,,400,0,0,0,0,0,0,416000,416000,416000,416000,0,416000,2,2080000,0.0235720761559384,,
,1,,INR,NORTH,UTTAR PRADESH,DEL01737,HINDUSTAN AERONAUTICS LIMITED,Aerospace & Defence,Avionics,,Aerospace & Defence,Avionics,SURAJ PANDEY,,HONEYWELL,HONEYWELL,Veeranagouda,Tanuja,411SX21-T,New,926,750.61,700,,,,,,,,,,,,648200,0,0,0,0,0,0,0,0,0,0,0,0.7,648200,0.00734587488667271,,
,1,,INR,NORTH,UTTAR PRADESH,DEL01737,HINDUSTAN AERONAUTICS LIMITED,Aerospace & Defence,Avionics,,Aerospace & Defence,Avionics,SURAJ PANDEY,,HONEYWELL,HONEYWELL,Veeranagouda,Tanuja,413SX21-T,New,1470,1158,600,,,,,,,,,,,,882000,0,0,0,0,0,0,0,0,0,0,0,0.6,882000,0.00999546690843155,,
,5,,INR,NORTH,UTTAR PRADESH,DEL01737,HINDUSTAN AERONAUTICS LIMITED,Aerospace & Defence,Avionics,,Aerospace & Defence,Avionics,SURAJ PANDEY,,HONEYWELL,HONEYWELL,Veeranagouda,Tanuja,V3-1001,New,1012,858,,,,,,,90,60,60,,120,,0,0,0,0,0,0,91080,60720,60720,0,121440,0,0.33,333960,0.00378467815049864,,
A1646,5,,INR,NORTH,UTTAR PRADESH,DEL01737,HINDUSTAN AERONAUTICS LIMITED,Aerospace & Defence,Avionics,,Aerospace & Defence,Avionics,SURAJ PANDEY,Neha Chauhan,HONEYWELL,HONEYWELL,Veeranagouda,Tanuja,2HM19-5,Existing,20350,19350,,50,,,50,,50,,50,,50,,0,1017500,0,0,1017500,0,1017500,0,1017500,0,1017500,0,0.25,5087500,0.0576552583862194,,
A14110,5,,USD,NORTH,JAIPUR,JPR00057,POLARISGRIDS PRIVATE LIMITED,Energy_Meter,Smart Meter,,,,KULDEEP KUMAR,Neha Chauhan,NICHICON,NICHICON,Abhinandan,Shraddha,UCS2W330MHDFZX,New,0.149,0.13,250000,,250000,,250000,,250000,,250000,150000,150000,150000,37250,0,37250,0,37250,0,37250,0,37250,22350,22350,22350,1700,253300,0.2533,,
,5,,INR,NORTH,UTTAR PRADESH,DEL01737,HINDUSTAN AERONAUTICS LIMITED,Aerospace & Defence,Avionics,,Aerospace & Defence,Avionics,SURAJ PANDEY,,HONEYWELL,HONEYWELL,Veeranagouda,Tanuja,17SX21T,New,1064,838,,,,,200,,,,,,,,0,0,0,0,212800,0,0,0,0,0,0,0,0.2,212800,0.00241160471441523,,
,1,,USD,NORTH,GUJARAT ,GUJ00565,"POLYCAB INDIA LIMITED-GUJARAT
 ",Energy_Meter,Meter & Measurement,"POLYCAB INDIA LIMITED-GUJARAT
 ",Industrial,Meter & Measurement,Harsh Doshi,Neha,TIANMA,TIANMA,Nagendra,Bhavya,LCD+32PIN,New,0.35,0.32,,,,2000,,2000,,2000,2000,,2000,,0,0,0,700,0,700,0,700,700,0,700,0,10,3500,0.0035,,
A3538,5,,INR,NORTH,UTTAR PRADESH,DEL01737,HINDUSTAN AERONAUTICS LIMITED,Aerospace & Defence,Avionics,,Aerospace & Defence,Avionics,SURAJ PANDEY,Neha Chauhan,HONEYWELL,HONEYWELL,Veeranagouda,Tanuja,11HM1,Existing,19663,15125,,,,,,,,10,,,,,0,0,0,0,0,0,0,196630,0,0,0,0,0.01,196630,0.00222835448776065,,
,1,,INR,,NEW DELHI,,HPL ELECTRIC & POWER GURGAON 132133,Energy Meter,Smart Meter,,Energy Meter,Smart Meter,KULDEEP KUMAR,Neha,,diotec,,,ABS15Y,New,6.55,,10000,,,10000,,,,,,,,,65500,0,0,65500,0,0,0,0,0,0,0,0,20,131000,0.00148458748866727,,
,1,,INR,,NEW DELHI,,HPL ELECTRIC & POWER GURGAON 132133,Energy Meter,Smart Meter,,Energy Meter,Smart Meter,KULDEEP KUMAR,Neha,,diotec,,,ZMM30B,New,1.2,,10000,,,10000,,,,,,,,,12000,0,0,12000,0,0,0,0,0,0,0,0,20,24000,0.000271985494106981,,
,1,,INR,,NEW DELHI,,HPL ELECTRIC & POWER GURGAON 132133,Energy Meter,Smart Meter,,Energy Meter,Smart Meter,KULDEEP KUMAR,Neha,,diotec,,,BAS20,New,0.83,,10000,,,10000,,,,,,,,,8300,0,0,8300,0,0,0,0,0,0,0,0,20,16600,0.000188123300090662,,
,1,,INR,,NEW DELHI,,HPL ELECTRIC & POWER GURGAON 132133,Energy Meter,Smart Meter,,Energy Meter,Smart Meter,KULDEEP KUMAR,Neha,,diotec,,,LL4448,New,0.55,,10000,,,10000,,,,,,,,,5500,0,0,5500,0,0,0,0,0,0,0,0,20,11000,0.000124660018132366,,
A5342,5,,INR,NORTH,NEW DELHI,DEL00049,HPL ELECTRIC & POWER GURGAON 132133,Energy Meter,Smart Meter,,Energy Meter,Smart Meter,KULDEEP KUMAR,Neha,QUECTEL,QUECTEL,Ram Mohan,Lavanya,BC65PB-04-STD,Existing,215,215,2000,,,10000,,,,,,,,,430000,0,0,2150000,0,0,0,0,0,0,0,0,12,2580000,0.0292384406165005,,
,1,,INR,NORTH,NEW DELHI,DEL00052,INDICATION INSTRUMENTS LTD,,,,Automotive-EV,Cluster,MAHESH KUMAR MITTAL,Palak,,TSC,,,ECS-.327-12.5-34QCN-TR,Existing,18,,,,,,10000,10000,10000,10000,10000,10000,10000,10000,0,0,0,0,180000,180000,180000,180000,180000,180000,180000,180000,80,1440000,0.0163191296464189,,
,1,,INR,NORTH,NEW DELHI,DEL00052,INDICATION INSTRUMENTS LTD,,,,Automotive-EV,Cluster,MAHESH KUMAR MITTAL,Palak,,NICHICON,,,BCP53-16Q ,Existing,3.62,,,,,,,,10000,,,,10000,,0,0,0,0,0,0,36200,0,0,0,36200,0,20,72400,0.000820489573889393,,
,1,,INR,NORTH,NEW DELHI,DEL00052,INDICATION INSTRUMENTS LTD,,,,Automotive-EV,Cluster,MAHESH KUMAR MITTAL,Palak,,NICHICON,,,MMFTN210A,Existing,2.54,,,,,,,,10000,,,,10000,,0,0,0,0,0,0,25400,0,0,0,25400,0,20,50800,0.00057570262919311,,
A7020,5,,INR,NORTH,GUJARAT,GUJ00113,INNOWEIGH EQUIPMENTS PVT LTD,others,OEM,,others,OEM,HARSH DOSHI,Poonam Kashyap,IDT-RENESAS,IDT-RENESAS,Uma,Manju PJ,HS3003,Existing,82,0.598,0,,,2500,,,,,,,2500,,0,0,0,205000,0,0,0,0,0,0,205000,0,5,410000,0.00464641885766093,,
A3296,5,,INR,NORTH,GUJARAT,GUJ00113,INNOWEIGH EQUIPMENTS PVT LTD,others,OEM,,others,OEM,HARSH DOSHI,Poonam Kashyap,EVE,EVE,Manju N,Kiran Bhamshetty,ER14250/Plain,Existing,57,0.39,500,,,,,500,,,,,500,,28500,0,0,0,0,28500,0,0,0,0,28500,0,1.5,85500,0.00096894832275612,,
A7453,,5,INR,NORTH,NEW DELHI,DEL00567,JNJ ELECTRONICS LTD,Energy Meter,Single Phase,,Energy Meter,Single Phase,ABHISHEKH CHOUDHARY,Abha,DIOTEC,DIOTEC,Adarsh,Prajwal,BAV70,Existing,0.75,0.61,,,,,,,,,10000,,,,0,0,0,0,0,0,0,0,7500,0,0,0,10,7500,8.49954669084316e-05,,
A2912,5,,INR,NORTH,NEW DELHI,DEL00057,KAYNES TECHNOLOGY INDIA LIMITED-DELHI,Others,EMS,,Others,EMS,ARPIT SINGH,Abha,DIOTEC,DIOTEC,Adarsh,Prajwal,1N4148WS,Existing,0.6,0.51,12000,12000,,12000,12000,,12000,12000,,12000,12000,,7200,7200,0,7200,7200,0,7200,7200,0,7200,7200,0,96,57600,0.000652765185856754,,
,1,,INR,NORTH,NEW DELHI,,"Kewintech, Hisar",,,,,,MAHESH KUMAR MITTAL,,,QUECTEL,,,EC200UCNAC-N05-SNNSA,New,590,,,250,,250,250,,250,,250,250,,250,0,147500,0,147500,147500,0,147500,0,147500,147500,0,147500,1.75,1032500,0.0117010426110607,,
,1,,INR,NORTH,NEW DELHI,,"Kewintech, Hisar",,,,,,MAHESH KUMAR MITTAL,,,RENESAS,,,R5F100MGAFA#V0,New,,,,250,,250,250,,250,,250,250,,250,0,0,0,0,0,0,0,0,0,0,0,0,1.75,0,0,,
A5996,,,INR,NORTH,NEW DELHI,DEL01976,KIMBAL PRIVATE LIMITED,Energy Meter,Smart Meter,,Energy Meter,Smart Meter,ARPIT SINGH,Prakash,AOS,AOS,Adarsh,Shraddha,AO3423,Existing,3.1,0.0219,,60000,,60000,,60000,,60000,,60000,,60000,0,186000,0,186000,0,186000,0,186000,0,186000,0,186000,360,1116000,0.0126473254759746,,
A2765,5,,INR,NORTH,NEW DELHI,DEL01976,KIMBAL PRIVATE LIMITED,Energy Meter,Smart Meter,,Energy Meter,Smart Meter,ARPIT SINGH,Prakash,RENESAS,RENESAS,Uma,Manju PJ,R5F10Y16ASP#V0,Existing,20.86,0.23,5000,,,,5000,,,,5000,,,5000,104300,0,0,0,104300,0,0,0,104300,0,0,104300,20,417200,0.00472801450589302,,
A8148,,,INR,NORTH,NEW DELHI,DEL01976,KIMBAL PRIVATE LIMITED,Energy Meter,Smart Meter,,Energy Meter,Smart Meter,ARPIT SINGH,Poonam Kashyap,NICHICON,NICHICON,Abhinandan,Shraddha,UUD1A331MNL1GS,Existing,9.75,0.09,,1000,,,1000,,,1000,,,,,0,9750,0,0,9750,0,0,9750,0,0,0,0,3,29250,0.000331482320942883,,
A4489,1,,INR,NORTH,NEW DELHI,DEL01976,KIMBAL PRIVATE LIMITED,Energy Meter,Smart Meter,,Energy Meter,Smart Meter,ARPIT SINGH,Prakash,RENESAS,RENESAS,Uma,Manju PJ,RTE0T0002LKCE00000R,Existing,5250,25.5,,,,50,,,,,,50,,,0,0,0,262500,0,0,0,0,0,262500,0,0,0.1,525000,0.00594968268359021,,
A8054,,,INR,NORTH,GUJARAT,GUJ00311,KRUSHI CONTROLS PRIVATE LIMITED,Industrial,Automation,,Industrial,Automation,HARSH DOSHI,Palak,RENESAS,RENESAS,Uma,Manju PJ,R5F10268ASP#35,Existing,37,0.24,,2000,,,2000,,,2000,,,2000,,0,74000,0,0,74000,0,0,74000,0,0,74000,0,8,296000,0.00335448776065277,,
A3832,5,,INR,NORTH,NEW DELHI,DEL00625,LAN Engineering and technology,Energy Meter,Smart Meter,,Energy Meter,Smart Meter,ABHISHEKH CHOUDHARY,Palak,EVE,EVE,Manju N,Kiran Bhamshetty,CR2032CKP,Existing,8.5,0.078,,,,50000,,50000,,50000,,,,50000,0,0,0,425000,0,425000,0,425000,0,0,0,425000,200,1700000,0.0192656391659112,,
,1,,INR,NORTH,NEW DELHI,,LAN Engineering and technology,,,,,,ABHISHEKH CHOUDHARY,,,EVE,,,CR2450CKP,,19.5,,,,,10000,,10000,,10000,,10000,,10000,0,0,0,195000,0,195000,0,195000,0,195000,0,195000,50,975000,0.0110494106980961,,
,5,,INR,NORTH,AHMEDABAD,,LEAFTRONIX ANALOGIC SOLUTIONS PVT LTD,Industrial,Panel Meter,,Industrial,Panel Meter,HARSH DOSHI,Poonam Kashyap,RENESAS,RENESAS,Uma,Manju PJ,RAA2113204GP,,14.25,,,2500,,,2500,,,2500,,,2500,,0,35625,0,0,35625,0,0,35625,0,0,35625,0,10,142500,0.0016149138712602,,
A8441,,,USD,NORTH,NEW DELHI,DEL00859,PROBUS SMART THINGS PRIVATE LIMITED,Others,TRACKER,PROBUS SMART THINGS PRIVATE LIMITED,Others,TRACKER,KULDEEP KUMAR,Abha,MURATA,MURATA,Anita,Shraddha,GRM188C81C106MA73D,Existing,0.0147,0.0127,0,0,0,0,0,0,300000,0,0,0,0,0,0,0,0,0,0,0,4410,0,0,0,0,0,300,4410,0.00441,,
A13456,,,USD,NORTH,NEW DELHI,DEL00859,PROBUS SMART THINGS PRIVATE LIMITED,Others,TRACKER,PROBUS SMART THINGS PRIVATE LIMITED,Others,TRACKER,KULDEEP KUMAR,Abha,MURATA,MURATA,Anita,Shraddha,GRM188C81C106MA73D,Existing,0.0147,0.0127,0,0,200000,0,0,0,0,0,0,0,0,0,0,0,2940,0,0,0,0,0,0,0,0,0,200,2940,0.00294,,
A12708,,,USD,NORTH,NEW DELHI,DEL00859,PROBUS SMART THINGS PRIVATE LIMITED,Others,TRACKER,PROBUS SMART THINGS PRIVATE LIMITED,Others,TRACKER,KULDEEP KUMAR,Abha,MURATA,MURATA,Anita,Shraddha,GRM188R60J106KE47D,Existing,0.0047,0.0042,0,0,0,0,0,0,200000,0,0,0,0,0,0,0,0,0,0,0,940,0,0,0,0,0,200,940,0.00094,,
,5,,USD,,NEW DELHI,,PROBUS SMART THINGS PRIVATE LIMITED,KULDEEP KUMAR,Abha,LUYOUFA,,,KULDEEP KUMAR,Abha,LUYOUFA,LUYOUFA,,,1225-2207CNG0R258T02,new,0.056,0.051,,50000,,,50000,,,,,,50000,,0,2800,0,0,2800,0,0,0,0,0,2800,0,150,8400,0.0084,,
A10783,5,,USD,NORTH,NEW DELHI,DEL00859,PROBUS SMART THINGS PRIVATE LIMITED,Others,TRACKER,PROBUS SMART THINGS PRIVATE LIMITED,Others,TRACKER,KULDEEP KUMAR,Abha,LUYOUFA,LUYOUFA,Anita,Priyanka N,1225-2207CNG0R205T01,Existing,0.056,0.051,,30000,,,50000,,,,,,50000,0,0,1680,0,0,2800,0,0,0,0,0,2800,0,130,7280,0.00728,,
,1,,USD,,NEW DELHI,,PROBUS SMART THINGS PRIVATE LIMITED,,,,,,KULDEEP KUMAR,Abha,,LUYOUFA,,,CS-315-07137PW ,New,0.118,0.085,10000,10000,10000,10000,10000,10000,10000,10000,10000,10000,10000,10000,1180,1180,1180,1180,1180,1180,1180,1180,1180,1180,1180,1180,120,14160,0.01416,,
A11160,,,USD,NORTH,NEW DELHI,DEL00859,PROBUS SMART THINGS PRIVATE LIMITED,Others,TRACKER,PROBUS SMART THINGS PRIVATE LIMITED,Others,TRACKER,KULDEEP KUMAR,Abha,MURATA,MURATA,Anita,Shraddha,GRM188R60J106KE47D,Existing,0.0047,0.0042,0,0,100000,0,0,0,0,0,0,0,0,0,0,0,470,0,0,0,0,0,0,0,0,0,100,470,0.00047,,
A8370,,,INR,NORTH,AHMEDABAD,AMD00009,LUBI ELECTRONICS,Industrial,Automation,,Industrial,Automation,HARSH DOSHI,Prakash,DIOTEC,DIOTEC,Adarsh,Prajwal,P6KE30A,Existing,4.45,0,,,,,,,,2500,,,,,0,0,0,0,0,0,0,11125,0,0,0,0,2.5,11125,0.000126076609247507,,
,1,,INR,NORTH,AHMEDABAD,,MATTER MOTOR WORKS PVT. LTD.,,,,,,HARSH DOSHI,Poonam Kashyap,TAIWAN SEMI,TAIWAN SEMI,,Prajwal,1SMA5934H,,3.2,,,,,4000,,10000,,,4000,,4000,,0,0,0,12800,0,32000,0,0,12800,0,12800,0,22,70400,0.000797824116047144,,
,1,,INR,NORTH,AHMEDABAD,,MATTER MOTOR WORKS PVT. LTD.,,,,,,HARSH DOSHI,Poonam Kashyap,TAIWAN SEMI,TAIWAN SEMI,,Prajwal,PE4DCH,,8,,,,,2000,,10000,,,2000,,2000,,0,0,0,16000,0,80000,0,0,16000,0,16000,0,16,128000,0.0014505893019039,,
,1,,INR,NORTH,AHMEDABAD,,MATTER MOTOR WORKS PVT. LTD.,,,,,,HARSH DOSHI,Poonam Kashyap,HIROSE,HIROSE,,,GT25H2-32DP-2.2H(10),,81,,,,,,2000,,,2000,,,5000,,0,0,0,0,162000,0,0,162000,0,0,405000,0,9,729000,0.00826155938349955,,
,1,,INR,NORTH,AHMEDABAD,,MATTER MOTOR WORKS PVT. LTD.,,,,,,HARSH DOSHI,Poonam Kashyap,TIANMA,TIANMA,Manju N,Bhavya,A0700WXF2MAAADBA1 (AF + AG),,5475,,,,,1000,,,,1000,,,,,0,0,0,5475000,0,0,0,5475000,0,0,0,0,2,10950000,0.12409338168631,,
A3463,,5,INR,NORTH,NEW DELHI,DEL01714,MAXOMTECHNOVATION,Energy Meter,Smart Meter,,Energy Meter,Smart Meter,ABHISHEKH CHOUDHARY,Abha,QUECTEL,QUECTEL,Ram Mohan,Lavanya,YF0022AA,Existing,35,0.25,,,,,,50,,,,,,,0,0,0,0,0,1750,0,0,0,0,0,0,0.05,1750,1.98322756119674e-05,,
A1975,,5,INR,NORTH,NEW DELHI,DEL01714,MAXOMTECHNOVATION,Energy Meter,Smart Meter,,Energy Meter,Smart Meter,ABHISHEKH CHOUDHARY,Abha,QUECTEL,QUECTEL,Ram Mohan,Lavanya,EC200UCNAC-N05-SNNSA,Existing,580,4.75,,,,,,10,,,,,,,0,0,0,0,0,5800,0,0,0,0,0,0,0.01,5800,6.57298277425204e-05,,
A2766,,,INR,NORTH,JAIPUR,JPR00005,MAXWELL INDIA,Energy Meter,Smart Meter,,Energy Meter,Smart Meter,KULDEEP KUMAR,Neha Chauhan,DIOTEC,DIOTEC,Adarsh,Prajwal,BAT54A,Existing,1,0.78,,,,,25000,,,,,25000,,,0,0,0,0,25000,0,0,0,0,25000,0,0,50,50000,0.00056663644605621,,
,5,,INR,NORTH,AHMEDABAD,,MEHTA EXPAI TECHNOLOGIES PRIVATE LIMITED,Industrial,Automation,,Industrial,Automation,HARSH DOSHI,Poonam Kashyap,RENESAS,RENESAS,Uma,Manju PJ,R5F100GEAFB#10,New,75,,,2000,,,,2000,,,2000,,,,0,150000,0,0,0,150000,0,0,150000,0,0,0,6,450000,0.00509972801450589,,
A6979,,,INR,NORTH,CHANDIGARH,DEL00689,MICRO INSTRUMENTS CO.,Industrial,Motor Control Units,,Industrial,Motor Control Units,MAHESH KUMAR MITTAL,Neha Chauhan,AOS,AOS,Adarsh,Shraddha,AGD8252B1,Existing,37.48,0.266,,,,,,,,,,,,3000,0,0,0,0,0,0,0,0,0,0,0,112440,3,112440,0.00127425203989121,,
,1,,USD,NORTH,NEW DELHI,,Rapadise,,,,,,MAHESH KUMAR MITTAL,,,QUALCOMM,,,QCS-6490-1-PSP1287-TR-00-0A,NEW,,,,,,,,2500,,,,,,,0,0,0,0,0,0,0,0,0,0,0,0,2.5,0,0,,
,1,,USD,NORTH,NEW DELHI,,Rapadise,,,,,,MAHESH KUMAR MITTAL,,,QUALCOMM,,,PM-7350C-0-FOWNSP-143-HR-02-0,NEW,,,,,,,,2500,,,,,,,0,0,0,0,0,0,0,0,0,0,0,0,2.5,0,0,,
,1,,USD,NORTH,NEW DELHI,,Rapadise,,,,,,MAHESH KUMAR MITTAL,,,QUALCOMM,,,PM-7325-0FOWPSP120B-TR-0-00,NEW,,,,,,,,2500,,,,,,,0,0,0,0,0,0,0,0,0,0,0,0,2.5,0,0,,
,1,,USD,NORTH,NEW DELHI,,Rapadise,,,,,,MAHESH KUMAR MITTAL,,,QUALCOMM,,,PM7250B-2-WLNSP-TR-0-00,NEW,,,,,,,,2500,,,,,,,0,0,0,0,0,0,0,0,0,0,0,0,2.5,0,0,,
,1,,USD,NORTH,NEW DELHI,,Rapadise,,,,,,MAHESH KUMAR MITTAL,,,QUALCOMM,,,WCN6750-0-PSP229-TR-01-0,NEW,,,,,,,,2500,,,,,,,0,0,0,0,0,0,0,0,0,0,0,0,2.5,0,0,,
,1,,USD,NORTH,NEW DELHI,,Rapadise,,,,,,MAHESH KUMAR MITTAL,,,QUALCOMM,,,PMK-7325-0-FOWPSP36-TR-01-0,NEW,,,,,,,,2500,,,,,,,0,0,0,0,0,0,0,0,0,0,0,0,2.5,0,0,,
,1,,USD,NORTH,NEW DELHI,,Rapadise,,,,,,MAHESH KUMAR MITTAL,,,QUALCOMM,,,EC25AFFDMINIPCIE,NEW,28.4,,220,,,,400,,,,,,,,6248,0,0,0,11360,0,0,0,0,0,0,0,0.62,17608,0.017608,,
A3737,,,INR,NORTH,CHANDIGARH,DEL00691,MICROMATION MOHALI E22,Industrial,IOT,MICROMATION MOHALI E22,Industrial,IOT,MAHESH KUMAR MITTAL,Abha,LUYOUFA,LUYOUFA,Anita,Priyanka N,1.0K-GL-30PB,Existing,29.68,0.188,0,0,0,0,1000,0,0,0,0,0,0,0,0,0,0,0,29680,0,0,0,0,0,0,0,1,29680,0.000336355394378967,,
A11932,5,,USD,NORTH,NEW DELHI,DEL02134,REXXAM DIXON ELECTRONICS PVT. LIMITED,Industrial,Others-Industrial,,Industrial,Others-Industrial,KULDEEP KUMAR,Palak,NICHICON,NICHICON,Abhinandan,Shraddha,LGX2G101MELADK,Existing,0.38,52.17,220000,220000,350000,220000,220000,400000,220000,220000,350000,220000,220000,400000,83600,83600,133000,83600,83600,152000,83600,83600,133000,83600,83600,152000,3260,1238800,1.2388,,
A3744,,,INR,NORTH,CHANDIGARH,DEL00691,MICROMATION MOHALI E22,Industrial,IOT,MICROMATION MOHALI E22,Industrial,IOT,MAHESH KUMAR MITTAL,Abha,LUYOUFA,LUYOUFA,Anita,Priyanka N,1.0K-GL-30PB,Existing,29.68,0.118,0,1000,0,0,0,0,0,0,0,0,0,0,0,29680,0,0,0,0,0,0,0,0,0,0,1,29680,0.000336355394378967,,
A5608,,,INR,NORTH,CHANDIGARH,DEL00691,MICROMATION MOHALI E22,Industrial,IOT,,Industrial,IOT,MAHESH KUMAR MITTAL,Abha,TIANMA,TIANMA,Nagendra,Bhavya,TM12864H6CCGWA-1,Existing,323.6,4.587,,100,,,,,100,,,,100,,0,32360,0,0,0,0,32360,0,0,0,32360,0,0.3,97080,0.00110018132366274,,
A7183,5,,INR,NORTH,GUJARAT,GUJ00025,MOBA MOBILE AUTOMATION I PVT LTD,Industrial,Automation,,Industrial,Automation,HARSH DOSHI,Poonam Kashyap,EVE,EVE,Manju N,Kiran Bhamshetty,ER34615C,Existing,689,3.8,1000,,,,,,,,1000,,,,689000,0,0,0,0,0,0,0,689000,0,0,0,2,1378000,0.0156165004533092,,
A8044,5,,INR,NORTH,NEW DELHI,DEL00071,Modern Transformers Pvt. Ltd,Energy Meter,Smart Meter,,Energy Meter,Smart Meter,KULDEEP KUMAR,Palak,EVE,EVE,Manju N,Kiran Bhamshetty,CR2032CKP,Existing,9,0.08,100000,,,100000,,,100000,,,100000,,,900000,0,0,900000,0,0,900000,0,0,900000,0,0,400,3600000,0.0407978241160472,,
A8045,5,,INR,NORTH,NEW DELHI,DEL00071,Modern Transformers Pvt. Ltd,Energy Meter,Smart Meter,,Energy Meter,Smart Meter,KULDEEP KUMAR,Palak,TIANMA,TIANMA,Nagendra,Bhavya,TJMS5760#02,Existing,40,28,10000,,,,,10000,,,15000,,,15000,400000,0,0,0,0,400000,0,0,600000,0,0,600000,50,2000000,0.0226654578422484,,
A5432,5,,INR,NORTH,NEW DELHI,DEL00071,Modern Transformers Pvt. Ltd,Energy Meter,Smart Meter,,Energy Meter,Smart Meter,KULDEEP KUMAR,Palak,NICHICON,NICHICON,Abhinandan,Shraddha,UHW1E102MPD,Existing,10.26,0.0986,10000,,,10000,,,,,10000,,,10000,102600,0,0,102600,0,0,0,0,102600,0,0,102600,40,410400,0.00465095194922938,,
A7726,5,,INR,NORTH,NEW DELHI,DEL00071,Modern Transformers Pvt. Ltd,Energy Meter,Smart Meter,,Energy Meter,Smart Meter,KULDEEP KUMAR,Palak,NICHICON,NICHICON,Abhinandan,Shraddha,UHW1E471MPD,Existing,9.02,0.0867,10000,,,10000,,,,,10000,,,10000,90200,0,0,90200,0,0,0,0,90200,0,0,90200,40,360800,0.00408884859474161,,
,2,,INR,,NEW DELHI,,Modern Transformers Pvt. Ltd,,,,,,KULDEEP KUMAR,Palak,,JODING,,,JBD506424AG1C,,8,,10000,,,10000,,,,,10000,,,10000,80000,0,0,80000,0,0,0,0,80000,0,0,80000,40,320000,0.00362647325475975,,
A5181,5,,INR,NORTH,NEW DELHI,DEL00071,Modern Transformers Pvt. Ltd,Energy Meter,Smart Meter,,Energy Meter,Smart Meter,KULDEEP KUMAR,Palak,NICHICON,NICHICON,Abhinandan,Shraddha,UHW1C471MPD,Existing,6.14,0.059,10000,,,10000,,,,,10000,,,10000,61400,0,0,61400,0,0,0,0,61400,0,0,61400,40,245600,0.00278331822302811,,
A3967,5,,INR,NORTH,NEW DELHI,DEL00071,Modern Transformers Pvt. Ltd,Energy Meter,Smart Meter,,Energy Meter,Smart Meter,KULDEEP KUMAR,Palak,NICHICON,NICHICON,Abhinandan,Shraddha,UCM1C101MCL1GS,Existing,5.17,0.0497,10000,,,10000,,,,,10000,,,10000,51700,0,0,51700,0,0,0,0,51700,0,0,51700,40,206800,0.00234360834088849,,
A8341,5,,INR,NORTH,NEW DELHI,DEL00071,Modern Transformers Pvt. Ltd,Energy Meter,Smart Meter,,Energy Meter,Smart Meter,KULDEEP KUMAR,Palak,NICHICON,NICHICON,Abhinandan,Shraddha,UCL1C470MCL6GS,New,5.08,0.05,10000,,,10000,,,,,10000,,,10000,50800,0,0,50800,0,0,0,0,50800,0,0,50800,40,203200,0.00230281051677244,,
A8340,5,,INR,NORTH,NEW DELHI,DEL00071,Modern Transformers Pvt. Ltd,Energy Meter,Smart Meter,,Energy Meter,Smart Meter,KULDEEP KUMAR,Palak,NICHICON,NICHICON,Abhinandan,Shraddha,UCD1H470MCL1GS,New,5,0.05,10000,,,10000,,,,,10000,,,10000,50000,0,0,50000,0,0,0,0,50000,0,0,50000,40,200000,0.00226654578422484,,
A6372,5,,INR,NORTH,NEW DELHI,DEL00071,Modern Transformers Pvt. Ltd,Energy Meter,Smart Meter,,Energy Meter,Smart Meter,KULDEEP KUMAR,Palak,NICHICON,NICHICON,Abhinandan,Shraddha,UCD1C100MCL1GS,Existing,4.91,0.048,10000,,,10000,,,,,10000,,,10000,49100,0,0,49100,0,0,0,0,49100,0,0,49100,40,196400,0.00222574796010879,,
A8365,5,,INR,NORTH,NEW DELHI,DEL00071,Modern Transformers Pvt. Ltd,Energy Meter,Smart Meter,,Energy Meter,Smart Meter,KULDEEP KUMAR,Palak,QUECTEL,QUECTEL,Ram Mohan,Lavanya,EC200NCNAD-N05-SNNSA,Existing,391,370,10000,,,10000,,,10000,,,,,,3910000,0,0,3910000,0,0,3910000,0,0,0,0,0,30,11730000,0.132932910244787,,
A8446,5,,USD,NORTH,UDAIPUR,DEL00083,SECURE METERS LIMITED,Others,TRACKER,,Others,TRACKER,SURAJ PANDEY,Vinny,MACRONIX,MACRONIX,Pavan,Manju PJ,MX25L6433FM2I-08G TAPE & REEL,Existing,0.358,0.33,286000,224000,216000,210000,180000,188000,286000,224000,216000,210000,180000,188000,102388,80192,77328,75180,64440,67304,102388,80192,77328,75180,64440,67304,2608,933664,0.933664,,
,1,,INR,NORTH,NEW DELHI,,Modern Transformers Pvt. Ltd,,,,,,KULDEEP KUMAR,,,EVE,,,ER14250,,45,,,10000,,,10000,,,,,10000,,,0,450000,0,0,450000,0,0,0,0,450000,0,0,30,1350000,0.0152991840435177,,
A14145,5,,DIRECT,NORTH,UDAIPUR,DEL00083,SECURE METERS LIMITED,,,,,,SURAJ PANDEY,Vinny,EVE,EVE,Manju N,Kiran Bhamshetty,ER14250 1/2AA 3.6V,Existing,0.4,0,100000,100000,100000,100000,100000,100000,100000,100000,100000,100000,100000,100000,40000,40000,40000,40000,40000,40000,40000,40000,40000,40000,40000,40000,1200,480000,0.48,,
A8684,5,,USD,NORTH,UDAIPUR,DEL00083,SECURE METERS LIMITED,Others,TRACKER,SECURE METERS LIMITED,Others,TRACKER,SURAJ PANDEY,Vinny,INTERSIL-RENESAS,INTERSIL-RENESAS,Uma,Manju PJ,ISL84714IHZ-T,Existing,0.165,0.157,66000,84000,45000,68663,80000,80000,66000,84000,45000,68663,80000,80000,10890,13860,7425,11329.395,13200,13200,10890,13860,7425,11329.395,13200,13200,847.326,139808.79,0.13980879,,
A8568,5,,USD,NORTH,UDAIPUR,DEL00083,SECURE METERS LIMITED,Others,TRACKER,,Others,TRACKER,SURAJ PANDEY,Vinny,MACRONIX,MACRONIX,Pavan,Manju PJ,MX25V4035FM1I,Existing,0.17,0.156,47500,82500,22500,55000,,72500,47500,82500,22500,55000,,72500,8075,14025,3825,9350,0,12325,8075,14025,3825,9350,0,12325,560,95200,0.0952,,
A14251,5,,DIRECT,NORTH,UDAIPUR,DEL00083,SECURE METERS LIMITED,,,,,,SURAJ PANDEY,Vinny,TIANMA,TIANMA,Nagendra,Bhavya,TJM5565#02,Existing,0.23,0.2185,60000,40000,6000,30000,30000,30000,30000,30000,30000,30000,30000,30000,13800,9200,1380,6900,6900,6900,6900,6900,6900,6900,6900,6900,376,86480,0.08648,,
A8984,5,,USD,NORTH,UDAIPUR,DEL00083,SECURE METERS LIMITED,Others,TRACKER,,Others,TRACKER,SURAJ PANDEY,Vinny,IGNION,IGNION,Ram Mohan,Lavanya,NN01-102,Existing,0.21,0.18,17500,25000,10000,25000,,27500,17500,25000,10000,25000,,27500,3675,5250,2100,5250,0,5775,3675,5250,2100,5250,0,5775,210,44100,0.0441,,
A14257,5,,DIRECT,NORTH,UDAIPUR,DEL00083,SECURE METERS LIMITED,,,,,,SURAJ PANDEY,Vinny,EVE,EVE,Manju N,Kiran Bhamshetty,ER14250/W,Existing,0.95,0.907,10000,20000,10000,10000,10000,10000,10000,10000,20000,10000,10000,10000,9500,19000,9500,9500,9500,9500,9500,9500,19000,9500,9500,9500,140,133000,0.133,,
A14157,5,,DIRECT,NORTH,UDAIPUR,DEL00083,SECURE METERS LIMITED,,,,,,SURAJ PANDEY,Vinny,TIANMA,TIANMA,Nagendra,Bhavya,TJMS5833,Existing,0.49,0.4655,10000,10000,10000,10000,10000,10000,10000,10000,10000,10000,10000,10000,4900,4900,4900,4900,4900,4900,4900,4900,4900,4900,4900,4900,120,58800,0.0588,,
A9363,5,,USD,NORTH,UDAIPUR,DEL00083,SECURE METERS LIMITED,Others,TRACKER,,Others,TRACKER,SURAJ PANDEY,Vinny,TDK,TDK,Karthik,Mangalagowri,MLG0603P5N1ST000,Existing,0.0061,0.00527,,15000,,15000,15000,,,15000,,15000,15000,,0,91.5,0,91.5,91.5,0,0,91.5,0,91.5,91.5,0,90,549,0.000549,,
A8561,5,,USD,NORTH,UDAIPUR,DEL00083,SECURE METERS LIMITED,Others,TRACKER,,Others,TRACKER,SURAJ PANDEY,Vinny,TIANMA,TIANMA,Nagendra,Bhavya,TJMS5852#01,Existing,0.39,0.347,13320,14120,,13320,,,,,20000,,,20000,5194.8,5506.8,0,5194.8,0,0,0,0,7800,0,0,7800,80.76,31496.4,0.0314964,,
A8597,5,,USD,NORTH,UDAIPUR,DEL00083,SECURE METERS LIMITED,Others,TRACKER,SECURE METERS LIMITED,Others,TRACKER,SURAJ PANDEY,Vinny,INTERSIL-RENESAS,INTERSIL-RENESAS,Uma,Manju PJ,ISL1208IB8Z-TK,Existing,0.39,0.373,3000,4000,6000,9000,4000,8000,3000,4000,6000,9000,4000,8000,1170,1560,2340,3510,1560,3120,1170,1560,2340,3510,1560,3120,68,26520,0.02652,,
A14153,5,,DIRECT,NORTH,UDAIPUR,DEL00083,SECURE METERS LIMITED,,,,,,SURAJ PANDEY,Vinny,TIANMA,TIANMA,Nagendra,Bhavya,TM12864U7BCSGWA1#01,Existing,1.93,1.834,,,10000,,,10000,,,10000,,,20000,0,0,19300,0,0,19300,0,0,19300,0,0,38600,50,96500,0.0965,,
A14214,5,,DIRECT,NORTH,UDAIPUR,DEL00083,SECURE METERS LIMITED,,,,,,SURAJ PANDEY,Vinny,TIANMA,TIANMA,Nagendra,Bhavya,TM12880FCCWGWA3,Existing,6.62,6.289,4000,4000,4000,4000,4000,4000,4000,4000,4000,4000,4000,4000,26480,26480,26480,26480,26480,26480,26480,26480,26480,26480,26480,26480,48,317760,0.31776,,
A11086,5,,USD,NORTH,UDAIPUR,DEL00083,SECURE METERS LIMITED,Others,TRACKER,,Others,TRACKER,SURAJ PANDEY,Vinny,IGNION,IGNION,Ram Mohan,Lavanya,NN02-224,Existing,0.78,0.675,,,2500,5000,6000,,,,2500,5000,6000,,0,0,1950,3900,4680,0,0,0,1950,3900,4680,0,27,21060,0.02106,,
A14151,5,,DIRECT,NORTH,UDAIPUR,DEL00083,SECURE METERS LIMITED,,,,,,SURAJ PANDEY,Vinny,EVE,EVE,Manju N,Kiran Bhamshetty,ER17505-W30-JST-2,Existing,1.35,0,,5000,,,5000,,,5000,,,5000,,0,6750,0,0,6750,0,0,6750,0,0,6750,0,20,27000,0.027,,
A8631,,,USD,NORTH,UDAIPUR,DEL00083,SECURE METERS LIMITED,Others,TRACKER,,Others,TRACKER,SURAJ PANDEY,Vinny,MACRONIX,MACRONIX,Pavan,Manju PJ,MX25L12833FM2I-10G TR,Existing,0.79,0.69,,4000,2000,2000,,2000,,4000,2000,2000,,2000,0,3160,1580,1580,0,1580,0,3160,1580,1580,0,1580,20,15800,0.0158,,
A9740,5,,USD,NORTH,UDAIPUR,DEL00083,SECURE METERS LIMITED,Others,TRACKER,SECURE METERS LIMITED,Others,TRACKER,SURAJ PANDEY,Vinny,RENESAS,RENESAS,Uma,Manju PJ,R7FA2E1A92DFM#HA0,Existing,0.676,0.636,1500,3000,,1500,,3000,1500,3000,,1500,,3000,1014,2028,0,1014,0,2028,1014,2028,0,1014,0,2028,18,12168,0.012168,,
A14250,5,,DIRECT,NORTH,UDAIPUR,DEL00083,SECURE METERS LIMITED,,,,,,SURAJ PANDEY,Vinny,TIANMA,TIANMA,Nagendra,Bhavya,TJMS5500#01,Existing,0.53,0.5035,,4000,,,4000,,,4000,,4000,,,0,2120,0,0,2120,0,0,2120,0,2120,0,0,16,8480,0.00848,,
A14254,5,,DIRECT,NORTH,UDAIPUR,DEL00083,SECURE METERS LIMITED,,,,,,SURAJ PANDEY,Vinny,TIANMA,TIANMA,Nagendra,Bhavya,TM12864U7BCSGWA1,Existing,1.89,1.7955,,3072,,,3072,,3072,,,,3072,,0,5806.08,0,0,5806.08,0,5806.08,0,0,0,5806.08,0,12.288,23224.32,0.02322432,,
A14228,,,DIRECT,NORTH,UDAIPUR,DEL00083,SECURE METERS LIMITED,,,,,,SURAJ PANDEY,Vinny,EVE,EVE,Manju N,Kiran Bhamshetty,SPC1520-W30-JST- 3P (G0677),Existing,1.58,1.525,,3000,,,3000,,,3000,,,3000,,0,4740,0,0,4740,0,0,4740,0,0,4740,0,12,18960,0.01896,,
A14248,,,DIRECT,NORTH,UDAIPUR,DEL00083,SECURE METERS LIMITED,,,,,,SURAJ PANDEY,Vinny,EVE,EVE,Manju N,Kiran Bhamshetty,CR17450AH,Existing,1.38,1.332,,,,,,5000,,,,,,5000,0,0,0,0,0,6900,0,0,0,0,0,6900,10,13800,0.0138,,
A11657,5,,USD,NORTH,UDAIPUR,DEL00083,SECURE METERS LIMITED,Others,TRACKER,,Others,TRACKER,SURAJ PANDEY,Vinny,TIANMA,TIANMA,Nagendra,Bhavya,TJMS5923#01,Existing,0.56,0.456,,,,,,5000,,,,,,5000,0,0,0,0,0,2800,0,0,0,0,0,2800,10,5600,0.0056,,
A12861,5,,USD,NORTH,UDAIPUR,DEL00083,SECURE METERS LIMITED,Others,TRACKER,,Others,TRACKER,SURAJ PANDEY,Vinny,TIANMA,TIANMA,Nagendra,Bhavya,TJMS5922#01,Existing,0.49,0.399,,,,,,5000,,,,,,5000,0,0,0,0,0,2450,0,0,0,0,0,2450,10,4900,0.0049,,
A8643,5,,USD,NORTH,UDAIPUR,DEL00083,SECURE METERS LIMITED,Others,TRACKER,SECURE METERS LIMITED,Others,TRACKER,SURAJ PANDEY,Vinny,TIANMA,TIANMA,Nagendra,Bhavya,TJM5927#01,Existing,0.26,0.247,,,,,,5000,,,,,,5000,0,0,0,0,0,1300,0,0,0,0,0,1300,10,2600,0.0026,,
A14249,,,DIRECT,NORTH,UDAIPUR,DEL00083,SECURE METERS LIMITED,,,,,,SURAJ PANDEY,Vinny,EVE,EVE,Manju N,Kiran Bhamshetty,CR1632 (M1498-LF),New,0.126,0.1197,,,,,,5000,,,,,,5000,0,0,0,0,0,630,0,0,0,0,0,630,10,1260,0.00126,,
,1,,INR,,NEW DELHI,,Modern Transformers Pvt. Ltd,,,,,,KULDEEP KUMAR,Palak,,quectel,,,EG800AKCN11LC-4I-SNNSA,,200,,,,,,,,,,20000,,,,0,0,0,0,0,0,0,0,4000000,0,0,0,20,4000000,0.0453309156844968,,
A14208,5,,DIRECT,NORTH,UDAIPUR,DEL00083,SECURE METERS LIMITED,,,,,,SURAJ PANDEY,Vinny,TIANMA,TIANMA,Nagendra,Bhavya,TJMS5876#01,Existing,0.61,0.5795,,1000,,,1000,,1000,,,,1000,,0,610,0,0,610,0,610,0,0,0,610,0,4,2440,0.00244,,
A14308,5,,DIRECT,NORTH,UDAIPUR,DEL00083,SECURE METERS LIMITED,,,,,,SURAJ PANDEY,Vinny,TIANMA,TIANMA,Nagendra,Bhavya,TM01003AVFSZGWA1,Existing,3.72,3.534,500,,,,500,,,,500,,,500,1860,0,0,0,1860,0,0,0,1860,0,0,1860,2,7440,0.00744,,
A14304,5,,DIRECT,NORTH,UDAIPUR,DEL00083,SECURE METERS LIMITED,,,,,,SURAJ PANDEY,Vinny,TIANMA,TIANMA,Nagendra,Bhavya,TM043NDH02-40,Existing,8.8,8.835,200,,200,,200,,200,200,,,,200,1760,0,1760,0,1760,0,1760,1760,0,0,0,1760,1.2,10560,0.01056,,
A13892,5,,USD,NORTH,UDAIPUR,AMD00188,SECURE METERS LIMITED SANAND,Industrial,TRACKER,,,,SURAJ PANDEY,Vinny,AOS,AOS,Adarsh,Shraddha,AOD2N100,Existing,0.2,0,52500,60000,65000,30000,30000,,,30000,30000,30000,30000,35000,10500,12000,13000,6000,6000,0,0,6000,6000,6000,6000,7000,392.5,78500,0.0785,,
,1,,USD,NORTH,UDAIPUR,AMD00188,SECURE METERS LIMITED SANAND,,,,,,SURAJ PANDEY,Vinny,,EL CUT,,,FUSE THERMAL X2X,Existing,0.21,,30000,30000,30000,30000,5000,35000,30000,30000,30000,30000,5000,35000,6300,6300,6300,6300,1050,7350,6300,6300,6300,6300,1050,7350,320,67200,0.0672,,
A14271,5,,DIRECT,NORTH,UDAIPUR,AMD00188,SECURE METERS LIMITED SANAND,,,,,,SURAJ PANDEY,Vinny,TIANMA,TIANMA,Nagendra,Bhavya,TM12864U2BCSUGGA2#01,Existing,1.7,1.615,20000,20000,20000,20000,20000,20000,20000,20000,20000,20000,20000,20000,34000,34000,34000,34000,34000,34000,34000,34000,34000,34000,34000,34000,240,408000,0.408,,
A14230,5,,DIRECT,NORTH,UDAIPUR,AMD00188,SECURE METERS LIMITED SANAND,,,,,,SURAJ PANDEY,Vinny,TIANMA,TIANMA,Nagendra,Bhavya,TLMS5731#01,Existing,0.385,0.36575,16000,8000,16000,16000,8000,16000,16000,8000,16000,16000,8000,16000,6160,3080,6160,6160,3080,6160,6160,3080,6160,6160,3080,6160,160,61600,0.0616,,
A14258,5,,DIRECT,NORTH,UDAIPUR,AMD00188,SECURE METERS LIMITED SANAND,,,,,,SURAJ PANDEY,Vinny,EVE,EVE,Manju N,Kiran Bhamshetty,CR2032/DW,Existing,0.103,0.09785,10000,10000,10000,10000,10000,10000,10000,10000,10000,10000,10000,10000,1030,1030,1030,1030,1030,1030,1030,1030,1030,1030,1030,1030,120,12360,0.01236,,
A14255,5,,DIRECT,NORTH,UDAIPUR,AMD00188,SECURE METERS LIMITED SANAND,,,,,,SURAJ PANDEY,Vinny,EVE,EVE,Manju N,Kiran Bhamshetty,SPC1520/3PT,Existing,1.38,1.31,5000,10000,5000,5000,10000,5000,5000,10000,5000,5000,10000,5000,6900,13800,6900,6900,13800,6900,6900,13800,6900,6900,13800,6900,80,110400,0.1104,,
A14259,,,DIRECT,NORTH,UDAIPUR,AMD00188,SECURE METERS LIMITED SANAND,,,,,,SURAJ PANDEY,Vinny,EVE,EVE,Manju N,Kiran Bhamshetty,ER34615C/W,Existing,3.92,3.72,,15000,,,15000,,,15000,,,15000,,0,58800,0,0,58800,0,0,58800,0,0,58800,0,60,235200,0.2352,,
A14268,5,,DIRECT,NORTH,UDAIPUR,AMD00188,SECURE METERS LIMITED SANAND,,,,,,SURAJ PANDEY,Vinny,TIANMA,TIANMA,Nagendra,Bhavya,TM12864U7BCSUGGA2#01,Existing,1.69,1.62735,,,10000,,,10000,,,10000,,,20000,0,0,16900,0,0,16900,0,0,16900,0,0,33800,50,84500,0.0845,,
A14187,5,,DIRECT,NORTH,UDAIPUR,AMD00188,SECURE METERS LIMITED SANAND,,,,,,SURAJ PANDEY,Vinny,TIANMA,TIANMA,Nagendra,Bhavya,TJMS5806,Existing,0.43,0.4085,,4000,,,4000,,,4000,,4000,,,0,1720,0,0,1720,0,0,1720,0,1720,0,0,16,6880,0.00688,,
A8678,5,,USD,NORTH,UDAIPUR,AMD00188,SECURE METERS LIMITED SANAND,Industrial,TRACKER,SECURE METERS LIMITED,Others,TRACKER,SURAJ PANDEY,Vinny,RENESAS,RENESAS,Uma,Manju PJ,R7FA6M3AF3CFB#HA0,Existing,2.667,2.48,1600,2400,,,,1600,1600,2400,,,,1600,4267.2,6400.8,0,0,0,4267.2,4267.2,6400.8,0,0,0,4267.2,11.2,29870.4,0.0298704,,
A14326,,,INR,NORTH,MOUSER,,MOUSER - NORTH,,,,,,SANDHYA KALYAN,,,MOUSER,Santhosh,,,,,,,,,,,,,,,,,,0,0,0,0,0,0,0,0,0,0,0,0,0,128000000,1.4505893019039,,1.55339805825243
A3695,5,,INR,NORTH,AHMEDABAD,AMD00013,MULTISPAN CONTROL INSTRUMENTS PVT. LTD.,Industrial,Panel Meter,,Industrial,Panel Meter,HARSH DOSHI,Poonam Kashyap,DIOTEC,DIOTEC,Adarsh,Prajwal,BZT52B18,Existing,1.25,1.08,30000,30000,,30000,,30000,,,30000,30000,,30000,37500,37500,0,37500,0,37500,0,0,37500,37500,0,37500,210,262500,0.0029748413417951,,
A6440,5,,INR,NORTH,AHMEDABAD,AMD00013,MULTISPAN CONTROL INSTRUMENTS PVT. LTD.,Industrial,Panel Meter,,Industrial,Panel Meter,HARSH DOSHI,Poonam Kashyap,DIOTEC,DIOTEC,Adarsh,Prajwal,MMFTP3334K,Existing,4.5,3.75,,30000,,,,30000,,,,30000,,30000,0,135000,0,0,0,135000,0,0,0,135000,0,135000,120,540000,0.00611967361740707,,
A3795,5,,INR,NORTH,AHMEDABAD,AMD00013,MULTISPAN CONTROL INSTRUMENTS PVT. LTD.,Industrial,Panel Meter,,Industrial,Panel Meter,HARSH DOSHI,Poonam Kashyap,RENESAS,RENESAS,Uma,Manju PJ,R7FA2A1AB3CFM#AA0,Existing,192,1.65,2000,2000,,2000,2000,2000,,2000,2000,2000,2000,2000,384000,384000,0,384000,384000,384000,0,384000,384000,384000,384000,384000,20,3840000,0.043517679057117,,
,1,,INR,NORTH,AHMEDABAD,AMD00013,MULTISPAN CONTROL INSTRUMENTS PVT. LTD.,Industrial,Panel Meter,,Industrial,Panel Meter,HARSH DOSHI,,,SG MICRO,,,SGMOP07EXS8G/TR,New,7.5,,,,,,5000,,,5000,,,5000,,0,0,0,0,37500,0,0,37500,0,0,37500,0,15,112500,0.00127493200362647,,
A2613,5,,INR,NORTH,AHMEDABAD,AMD00013,MULTISPAN CONTROL INSTRUMENTS PVT. LTD.,Industrial,Panel Meter,,Industrial,Panel Meter,HARSH DOSHI,Poonam Kashyap,DIOTEC,DIOTEC,Adarsh,Prajwal,2N2907A,Existing,1.23,1.07,,10000,,,,,,,,,,,0,12300,0,0,0,0,0,0,0,0,0,0,10,12300,0.000139392565729828,,
A12189,,,USD,NORTH,NEW DELHI,DEL01397,SGS TEKNIKS MANUFACTURING HRY A3,Consumer,White Goods,,Consumer,White Goods,KULDEEP KUMAR,Abha,NICHICON,NICHICON,Abhinandan,Shraddha,UPW1J471MHD3TN,Existing,0.215,0.195,5200,0,0,0,0,0,0,0,20000,20000,0,20000,1118,0,0,0,0,0,0,0,4300,4300,0,4300,65.2,14018,0.014018,,
A9791,,,USD,NORTH,NEW DELHI,DEL01397,SGS TEKNIKS MANUFACTURING HRY A3,Consumer,White Goods,,Consumer,White Goods,KULDEEP KUMAR,Abha,TAIWAN SEMI,TAIWAN SEMI,Gaurav,Prajwal,S3MBH,Existing,0.053,0.0365,0,3000,3000,3000,0,3000,3000,6000,6000,0,0,3000,0,159,159,159,0,159,159,318,318,0,0,159,30,1590,0.00159,,
A2485,5,,INR,NORTH,AHMEDABAD,AMD00013,MULTISPAN CONTROL INSTRUMENTS PVT. LTD.,Industrial,Panel Meter,,Industrial,Panel Meter,HARSH DOSHI,Poonam Kashyap,DIOTEC,DIOTEC,Adarsh,Prajwal,2N4403,Existing,1.2,1.03,,10000,,,,,,,,,,,0,12000,0,0,0,0,0,0,0,0,0,0,10,12000,0.000135992747053491,,
A13227,5,,USD,NORTH,NEW DELHI,DEL01397,SGS TEKNIKS MANUFACTURING HRY A3,Consumer,White Goods,,Consumer,White Goods,KULDEEP KUMAR,Abha,SUMIDA,SUMIDA,Karthik,Prajwal,55031032200,Existing,0.143,0.125,3000,,3000,,,3000,,,3000,,,,429,0,429,0,0,429,0,0,429,0,0,0,12,1716,0.001716,,
A6909,5,,INR,NORTH,AHMEDABAD,AMD00013,MULTISPAN CONTROL INSTRUMENTS PVT. LTD.,Industrial,Panel Meter,,Industrial,Panel Meter,HARSH DOSHI,Poonam Kashyap,DIOTEC,DIOTEC,Adarsh,Prajwal,MMBT2222A,Existing,0.76,0.54,10000,,,,,,,,,,,,7600,0,0,0,0,0,0,0,0,0,0,0,10,7600,8.6128739800544e-05,,
,1,,INR,,NEW DELHI,DEL00758,NEOLITE ZKW LIGHTINGS PRIVATE LIMITED,,,,,,MAHESH KUMAR MITTAL,Poonam Kashyap,,DIOTEC,,,S1M-Q,New,0.85,,,,,,,,,,,,50000,,0,0,0,0,0,0,0,0,0,0,42500,0,50,42500,0.000481640979147779,,
A12361,,,USD,NORTH,NEW DELHI,DEL01397,SGS TEKNIKS MANUFACTURING HRY A3,Consumer,White Goods,,Consumer,White Goods,KULDEEP KUMAR,Abha,TAIWAN SEMI,TAIWAN SEMI,Gaurav,Prajwal,1.5KE440CA,Existing,0.32,0.149,,,3000,,,,3000,,,,,,0,0,960,0,0,0,960,0,0,0,0,0,6,1920,0.00192,,
A10534,5,,USD,NORTH,NEW DELHI,DEL01397,SGS TEKNIKS MANUFACTURING HRY A3,Consumer,White Goods,,Consumer,White Goods,KULDEEP KUMAR,Abha,TAIWAN SEMI,TAIWAN SEMI,Gaurav,Prajwal,S8MCH,Existing,0.0646,0.0595,,,3000,,,,3000,,,,,,0,0,193.8,0,0,0,193.8,0,0,0,0,0,6,387.6,0.0003876,,
A13149,,,USD,NORTH,NEW DELHI,DEL01397,SGS TEKNIKS MANUFACTURING HRY A3,Consumer,White Goods,,Consumer,White Goods,KULDEEP KUMAR,Abha,TAIWAN SEMI,TAIWAN SEMI,Gaurav,Prajwal,RS1KLWH,Existing,0.0178,0.01679,,,3000,,,,3000,,,,,,0,0,53.4,0,0,0,53.4,0,0,0,0,0,6,106.8,0.0001068,,
A9245,5,,USD,NORTH,NEW DELHI,DEL01397,SGS TEKNIKS MANUFACTURING HRY A3,Consumer,White Goods,,Consumer,White Goods,KULDEEP KUMAR,Abha,AOS,AOS,Adarsh,Shraddha,AOZ1282CI-1,Existing,0.3,0.2708,,,2000,,,,,,,,,,0,0,600,0,0,0,0,0,0,0,0,0,2,600,0.0006,,
A6252,,,INR,NORTH,NEW DELHI,DEL00758,NEOLITE ZKW LIGHTINGS PRIVATE LIMITED,Automotive,Lighting,,Automotive,Lighting,MAHESH KUMAR MITTAL,Poonam Kashyap,TAIWAN SEMI,TAIWAN SEMI,Gaurav,Prajwal,SS16H,Existing,3.1,0.02247,0,7500,0,7500,0,7500,0,7500,0,7500,0,7500,0,23250,0,23250,0,23250,0,23250,0,23250,0,23250,45,139500,0.00158091568449683,,
A3245,,,INR,NORTH,NEW DELHI,DEL00758,NEOLITE ZKW LIGHTINGS PRIVATE LIMITED,Automotive,Lighting,,Automotive,Lighting,MAHESH KUMAR MITTAL,Poonam Kashyap,SUMIDA,SUMIDA,Karthik,Prajwal,CDRH127BNP-220PC,Existing,19.78,0.18,,,,,,3000,,,3000,,,,0,0,0,0,0,59340,0,0,59340,0,0,0,6,118680,0.00134496826835902,,
A11421,5,,USD,NORTH,NEW DELHI,DEL00085,SGS TEKNIKS MANUFACTURING-MANESAR,Consumer,White Goods,TATA ,Consumer,White Goods,KULDEEP KUMAR,Abha,MURATA,MURATA,Anita,Shraddha,GCM155R71H102KA37D,Existing,0.00096,0.00086,250000,,250000,,250000,,250000,,250000,,250000,,240,0,240,0,240,0,240,0,240,0,240,0,1500,1440,0.00144,,
A2803,,5,INR,NORTH,NEW DELHI,DEL01996,NOVUS HI-TECH ROBOTIC SYSTEMZ PRIVATE LIMITED,Automotive,Infotainment,,Automotive,Infotainment,ABHISHEKH CHOUDHARY,Poonam Kashyap,EVE,EVE,Manju N,Kiran Bhamshetty,CR2032HT,Existing,70,0.55,,,,,4000,,,4000,,,,4000,0,0,0,0,280000,0,0,280000,0,0,0,280000,12,840000,0.00951949229374433,,
A10394,5,,USD,NORTH,NEW DELHI,DEL00085,SGS TEKNIKS MANUFACTURING-MANESAR,Consumer,White Goods,TATA ,Consumer,White Goods,KULDEEP KUMAR,Abha,MURATA,MURATA,Anita,Shraddha,GCJ21BR71C475KA01L,Existing,0.02698,0.0166,200000,,200000,,200000,,200000,,200000,,200000,,5396,0,5396,0,5396,0,5396,0,5396,0,5396,0,1200,32376,0.032376,,
A2650,,,INR,NORTH,NEW DELHI,DEL00790,NUTRONICS INDIA,Industrial,Automation,,Industrial,Automation,SURAJ PANDEY,Abha,RENESAS,RENESAS,Uma,Manju PJ,R5F212CCSNFP#V2,Existing,204,1.503,,,,238,,,,238,,,,,0,0,0,48552,0,0,0,48552,0,0,0,0,0.476,97104,0.00110045330915685,,
A5143,5,,INR,NORTH,AHMEDABAD,AMD00164,PHILBRICK TECHNOLOGIES (INDIA) PVT. LTD.,Industrial,Panel Meter,,Industrial,Panel Meter,HARSH DOSHI,Poonam Kashyap,CT MICRO,CT MICRO,Karthik,Prajwal,CT817C(SL)(T1)-H,Existing,1.7,0.0145,25000,25000,,,25000,,,25000,25000,,25000,,42500,42500,0,0,42500,0,0,42500,42500,0,42500,0,150,255000,0.00288984587488667,,
A2020,5,,INR,NORTH,AHMEDABAD,AMD00164,PHILBRICK TECHNOLOGIES (INDIA) PVT. LTD.,Industrial,Panel Meter,,Industrial,Panel Meter,HARSH DOSHI,Poonam Kashyap,RENESAS,RENESAS,Uma,Manju PJ,R7FA2L1A93CFL#AA0,Existing,96.9,0.935,,1500,,,,,1500,,,,1500,,0,145350,0,0,0,0,145350,0,0,0,145350,0,4.5,436050,0.00494163644605621,,
,1,,INR,NORTH,NEW DELHI,,Pluto Mobility,,,,,,MAHESH KUMAR MITTAL,,,TIANMA,,,TM01258AVFSGWA,NEW,1350,,,,,500,,,,,,500,,,0,0,0,675000,0,0,0,0,0,675000,0,0,1,1350000,0.0152991840435177,,
,1,,USD,NORTH,NEW DELHI,DEL00085,SGS TEKNIKS MANUFACTURING-MANESAR,Consumer,White Goods,TATA ,Consumer,White Goods,KULDEEP KUMAR,Abha,MURATA,MURATA,Anita,Shraddha,GRM21BZ71E106KE15L,New,0.0368,0.03133,0,0,95000,0,0,95000,0,0,0,95000,0,95000,0,0,3496,0,0,3496,0,0,0,3496,0,3496,380,13984,0.013984,,
A9910,5,,USD,NORTH,NEW DELHI,DEL00085,SGS TEKNIKS MANUFACTURING-MANESAR,Consumer,White Goods,,Consumer,White Goods,KULDEEP KUMAR,Abha,VISHAY,VISHAY,Mahesha,Tanuja,SQA405EJ-T1_GE3,Existing,0.091,0.0794,20000,20000,20000,20000,20000,20000,20000,20000,20000,20000,20000,20000,1820,1820,1820,1820,1820,1820,1820,1820,1820,1820,1820,1820,240,21840,0.02184,,
A9453,5,,USD,NORTH,NEW DELHI,DEL00085,SGS TEKNIKS MANUFACTURING-MANESAR,Consumer,White Goods,TATA ,Consumer,White Goods,KULDEEP KUMAR,Abha,MURATA,MURATA,Anita,Shraddha,LQH32PH4R7NN0L,Existing,0.04962,0.04599,20000,,20000,,20000,,20000,,20000,,20000,,992.4,0,992.4,0,992.4,0,992.4,0,992.4,0,992.4,0,120,5954.4,0.0059544,,
A9360,5,,USD,NORTH,NEW DELHI,DEL00085,SGS TEKNIKS MANUFACTURING-MANESAR,Consumer,White Goods,TATA ,Consumer,White Goods,KULDEEP KUMAR,Abha,MURATA,MURATA,Anita,Shraddha,GCM21BR71A106KE22L,Existing,0.0374,0.03089,20000,,20000,,20000,,20000,,20000,,20000,,748,0,748,0,748,0,748,0,748,0,748,0,120,4488,0.004488,,
A9907,5,,USD,NORTH,NEW DELHI,DEL00085,SGS TEKNIKS MANUFACTURING-MANESAR,Consumer,White Goods,TATA ,Consumer,White Goods,KULDEEP KUMAR,Abha,MURATA,MURATA,Anita,Shraddha,LQW18AS4N7G0ZD,Existing,0.02901,0.0251,20000,,20000,,20000,,20000,,20000,,20000,,580.2,0,580.2,0,580.2,0,580.2,0,580.2,0,580.2,0,120,3481.2,0.0034812,,
A9909,5,,USD,NORTH,NEW DELHI,DEL00085,SGS TEKNIKS MANUFACTURING-MANESAR,Consumer,White Goods,TATA ,Consumer,White Goods,KULDEEP KUMAR,Abha,MURATA,MURATA,Anita,Shraddha,GCJ21BR71H105KA01L,Existing,0.02606,0.01689,20000,,20000,,20000,,20000,,20000,,20000,,521.2,0,521.2,0,521.2,0,521.2,0,521.2,0,521.2,0,120,3127.2,0.0031272,,
A9127,5,,USD,NORTH,NEW DELHI,DEL00085,SGS TEKNIKS MANUFACTURING-MANESAR,Consumer,White Goods,TATA ,Consumer,White Goods,KULDEEP KUMAR,Abha,MURATA,MURATA,Anita,Shraddha,GCM21BR71E225KA73L,Existing,0.01591,0.01424,20000,,20000,,20000,,20000,,20000,,20000,,318.2,0,318.2,0,318.2,0,318.2,0,318.2,0,318.2,0,120,1909.2,0.0019092,,
A11240,5,,USD,NORTH,NEW DELHI,DEL00085,SGS TEKNIKS MANUFACTURING-MANESAR,Consumer,White Goods,TATA ,Consumer,White Goods,KULDEEP KUMAR,Abha,MURATA,MURATA,Anita,Shraddha,GCQ1555C1H1R5BB01D,Existing,0.01328,0.01198,20000,,20000,,20000,,20000,,20000,,20000,,265.6,0,265.6,0,265.6,0,265.6,0,265.6,0,265.6,0,120,1593.6,0.0015936,,
A12732,5,,USD,NORTH,NEW DELHI,DEL00085,SGS TEKNIKS MANUFACTURING-MANESAR,Consumer,White Goods,TATA ,Consumer,White Goods,KULDEEP KUMAR,Abha,MURATA,MURATA,Anita,Shraddha,BLM15HG102SH1D,Existing,0.0079,0.0072,20000,,20000,,20000,,20000,,20000,,20000,,158,0,158,0,158,0,158,0,158,0,158,0,120,948,0.000948,,
A11778,5,,USD,NORTH,NEW DELHI,DEL00085,SGS TEKNIKS MANUFACTURING-MANESAR,Consumer,White Goods,TATA ,Consumer,White Goods,KULDEEP KUMAR,Abha,MURATA,MURATA,Anita,Shraddha,GCM1885C2A470JA16D,Existing,0.0043,0.00411,20000,,20000,,20000,,20000,,20000,,20000,,86,0,86,0,86,0,86,0,86,0,86,0,120,516,0.000516,,
A9881,5,,USD,NORTH,NEW DELHI,DEL00085,SGS TEKNIKS MANUFACTURING-MANESAR,Consumer,White Goods,TATA ,Consumer,White Goods,KULDEEP KUMAR,Abha,MURATA,MURATA,Anita,Shraddha,GCM1555C1H271FA16D,Existing,0.00389,0.0035,20000,,20000,,20000,,20000,,20000,,20000,,77.8,0,77.8,0,77.8,0,77.8,0,77.8,0,77.8,0,120,466.8,0.0004668,,
A9878,5,,USD,NORTH,NEW DELHI,DEL00085,SGS TEKNIKS MANUFACTURING-MANESAR,Consumer,White Goods,TATA ,Consumer,White Goods,KULDEEP KUMAR,Abha,MURATA,MURATA,Anita,Shraddha,GCM1555C1H6R8BA16D,Existing,0.003,0.0026,20000,,20000,,20000,,20000,,20000,,20000,,60,0,60,0,60,0,60,0,60,0,60,0,120,360,0.00036,,
A12258,5,,USD,NORTH,NEW DELHI,DEL00085,SGS TEKNIKS MANUFACTURING-MANESAR,Consumer,White Goods,TATA ,Consumer,White Goods,KULDEEP KUMAR,Abha,MURATA,MURATA,Anita,Shraddha,GCM1555C1H120FA16D,Existing,0.003,0.00234,20000,,20000,,20000,,20000,,20000,,20000,,60,0,60,0,60,0,60,0,60,0,60,0,120,360,0.00036,,
A9062,5,,USD,NORTH,NEW DELHI,DEL00085,SGS TEKNIKS MANUFACTURING-MANESAR,Consumer,White Goods,Reliance Jio ,Consumer,White Goods,KULDEEP KUMAR,Abha,MURATA,MURATA,Anita,Shraddha,GCM1555C1H101FA16D,Existing,0.0027,0.00242,20000,,20000,,20000,,20000,,20000,,20000,,54,0,54,0,54,0,54,0,54,0,54,0,120,324,0.000324,,
A9879,5,,USD,NORTH,NEW DELHI,DEL00085,SGS TEKNIKS MANUFACTURING-MANESAR,Consumer,White Goods,TATA ,Consumer,White Goods,KULDEEP KUMAR,Abha,MURATA,MURATA,Anita,Shraddha,GCM1555C1H221JA16D,Existing,0.0021,0.0017,20000,,20000,,20000,,20000,,20000,,20000,,42,0,42,0,42,0,42,0,42,0,42,0,120,252,0.000252,,
A12779,5,,USD,NORTH,NEW DELHI,DEL00085,SGS TEKNIKS MANUFACTURING-MANESAR,Consumer,White Goods,TATA ,Consumer,White Goods,KULDEEP KUMAR,Abha,MURATA,MURATA,Anita,Shraddha,GCM1555C1H180JA16D,Existing,0.00173,0.00139,20000,,20000,,20000,,20000,,20000,,20000,,34.6,0,34.6,0,34.6,0,34.6,0,34.6,0,34.6,0,120,207.6,0.0002076,,
A12236,5,,USD,NORTH,NEW DELHI,DEL00085,SGS TEKNIKS MANUFACTURING-MANESAR,Consumer,White Goods,TATA ,Consumer,White Goods,KULDEEP KUMAR,Abha,MURATA,MURATA,Anita,Shraddha,GCM1555C1H120JA16D,Existing,0.00152,0.00103,20000,,20000,,20000,,20000,,20000,,20000,,30.4,0,30.4,0,30.4,0,30.4,0,30.4,0,30.4,0,120,182.4,0.0001824,,
A9336,5,,USD,NORTH,NEW DELHI,DEL00085,SGS TEKNIKS MANUFACTURING-MANESAR,Consumer,White Goods,TATA ,Consumer,White Goods,KULDEEP KUMAR,Abha,MURATA,MURATA,Anita,Shraddha,GCM1555C1H470JA16D,Existing,0.00147,0.00116,20000,,20000,,20000,,20000,,20000,,20000,,29.4,0,29.4,0,29.4,0,29.4,0,29.4,0,29.4,0,120,176.4,0.0001764,,
A9358,5,,USD,NORTH,NEW DELHI,DEL00085,SGS TEKNIKS MANUFACTURING-MANESAR,Consumer,White Goods,TATA ,Consumer,White Goods,KULDEEP KUMAR,Abha,MURATA,MURATA,Anita,Shraddha,GCM155R71H103KA55D,Existing,0.00133,0.0012,20000,,20000,,20000,,20000,,20000,,20000,,26.6,0,26.6,0,26.6,0,26.6,0,26.6,0,26.6,0,120,159.6,0.0001596,,
A8486,,,USD,NORTH,NEW DELHI,DEL00085,SGS TEKNIKS MANUFACTURING-MANESAR,Consumer,White Goods,,Consumer,White Goods,KULDEEP KUMAR,Abha,MACRONIX,MACRONIX,Pavan,Manju PJ,MX25R2035FM1IH1,Existing,0.175,0.16,,,20000,,,20000,,,30000,,,30000,0,0,3500,0,0,3500,0,0,5250,0,0,5250,100,17500,0.0175,,
,1,,INR,NORTH,NEW DELHI,,Pluto Mobility,,,,,,MAHESH KUMAR MITTAL,,,QUECTEL,,,ECU200U-CN,NEW,790,,,,,500,,,,,,500,,,0,0,0,395000,0,0,0,0,0,395000,0,0,1,790000,0.00895285584768812,,
A12253,,,USD,NORTH,NEW DELHI,DEL00085,SGS TEKNIKS MANUFACTURING-MANESAR,Consumer,White Goods,,Consumer,White Goods,KULDEEP KUMAR,Abha,MACRONIX,MACRONIX,Pavan,Manju PJ,MX25R2035FM1IH1,New,0.175,0.16,,,20000,,,20000,,,20000,,,20000,0,0,3500,0,0,3500,0,0,3500,0,0,3500,80,14000,0.014,,
,1,,INR,NORTH,NEW DELHI,,Pluto Mobility,,,,,,MAHESH KUMAR MITTAL,,,RENESAS,,,R7FA4M3AF3CFB ,NEW,295,,,,,500,,,,,,500,,,0,0,0,147500,0,0,0,0,0,147500,0,0,1,295000,0.00334315503173164,,
,1,,USD,,NEW DELHI,,SGS TEKNIKS MANUFACTURING-MANESAR,Consumer,White Goods,,Consumer,White Goods,KULDEEP KUMAR,Abha,,NICHICON,,,UCY2W470MHD6,New,0.285,,,,40000,,,,,,,,,,0,0,11400,0,0,0,0,0,0,0,0,0,40,11400,0.0114,,
A9908,,,USD,NORTH,NEW DELHI,DEL00085,SGS TEKNIKS MANUFACTURING-MANESAR,Consumer,White Goods,TATA ,Consumer,White Goods,KULDEEP KUMAR,Abha,MURATA,MURATA,Anita,Shraddha,GCM21BR71E225KA73L,Existing,0.01591,0.01424,0,0,0,0,0,0,30000,0,0,0,0,0,0,0,0,0,0,0,477.3,0,0,0,0,0,30,477.3,0.0004773,,
,1,,INR,NORTH,NEW DELHI,,Pluto Mobility,,,,,,MAHESH KUMAR MITTAL,,,RENESAS,,,R7FA4M3AF3CFP ,NEW,275,,,,,500,,,,,,500,,,0,0,0,137500,0,0,0,0,0,137500,0,0,1,275000,0.00311650045330916,,
,1,,USD,,NEW DELHI,,SGS TEKNIKS MANUFACTURING-MANESAR,Consumer,White Goods,,Consumer,White Goods,KULDEEP KUMAR,Abha,,FUJITSU (FCL),,,FTR-MYAA012D,New,0.55,,3000,,3000,,,3000,,,,3000,,,1650,0,1650,0,0,1650,0,0,0,1650,0,0,12,6600,0.0066,,
A9359,,,USD,NORTH,NEW DELHI,DEL00085,SGS TEKNIKS MANUFACTURING-MANESAR,Consumer,White Goods,TATA ,Consumer,White Goods,KULDEEP KUMAR,Abha,MURATA,MURATA,Anita,Shraddha,BLM15HG102SH1D,Existing,0.0079,0.0072,0,0,0,0,0,0,10000,0,0,0,0,0,0,0,0,0,0,0,79,0,0,0,0,0,10,79,7.9e-05,,
A9882,,,USD,NORTH,NEW DELHI,DEL00085,SGS TEKNIKS MANUFACTURING-MANESAR,Consumer,White Goods,TATA ,Consumer,White Goods,KULDEEP KUMAR,Abha,MURATA,MURATA,Anita,Shraddha,BLM15HG102SH1D,Existing,0.0079,0.0072,0,0,0,0,0,10000,0,0,0,0,0,0,0,0,0,0,0,79,0,0,0,0,0,0,10,79,7.9e-05,,
A13856,,,USD,NORTH,NEW DELHI,DEL00085,SGS TEKNIKS MANUFACTURING-MANESAR,Consumer,White Goods,TATA ,Consumer,White Goods,KULDEEP KUMAR,Abha,MURATA,MURATA,Anita,Shraddha,GCM1555C1H180JA16D,Existing,0.00173,0,0,0,0,0,0,0,0,0,0,10000,0,0,0,0,0,0,0,0,0,0,0,17.3,0,0,10,17.3,1.73e-05,,
A9128,,,USD,NORTH,NEW DELHI,DEL00085,SGS TEKNIKS MANUFACTURING-MANESAR,Consumer,White Goods,TATA ,Consumer,White Goods,KULDEEP KUMAR,Abha,MURATA,MURATA,Anita,Shraddha,LQW18AS4N7G0ZD,Existing,0.02901,0.0251,0,0,0,0,0,0,0,8000,0,0,0,0,0,0,0,0,0,0,0,232.08,0,0,0,0,8,232.08,0.00023208,,
A10627,,,USD,NORTH,NEW DELHI,DEL00085,SGS TEKNIKS MANUFACTURING-MANESAR,Consumer,White Goods,TATA ,Consumer,White Goods,KULDEEP KUMAR,Abha,MURATA,MURATA,Anita,Shraddha,GCM1885C2A470JA16D,Existing,0.0043,0.00411,0,0,0,0,0,8000,0,0,0,0,0,0,0,0,0,0,0,34.4,0,0,0,0,0,0,8,34.4,3.44e-05,,
A9125,,,USD,NORTH,NEW DELHI,DEL00085,SGS TEKNIKS MANUFACTURING-MANESAR,Consumer,White Goods,TATA ,Consumer,White Goods,KULDEEP KUMAR,Abha,MURATA,MURATA,Anita,Shraddha,GCM1885C2A470JA16D,Existing,0.0043,0.00411,0,0,0,0,0,0,0,4000,0,0,0,0,0,0,0,0,0,0,0,17.2,0,0,0,0,4,17.2,1.72e-05,,
A9867,5,,USD,NORTH,GUJARAT,GUJ00520,SILVER CONSUMER ELECTRICALS LIMITED,Industrial,PLC,,Industrial,PLC,HARSH DOSHI,Poonam Kashyap,NICHICON,NICHICON,Abhinandan,Shraddha,UCW1V220MCL1GS,Existing,0.1011,0.0462,40000,40000,,,,40000,,,,,,40000,4044,4044,0,0,0,4044,0,0,0,0,0,4044,160,16176,0.016176,,
A9322,5,,USD,NORTH,GUJARAT,GUJ00520,SILVER CONSUMER ELECTRICALS LIMITED,Industrial,PLC,,Industrial,PLC,HARSH DOSHI,Poonam Kashyap,NICHICON,NICHICON,Abhinandan,Shraddha,UCW1V221MNL1GS,Existing,0.171,0.08,25000,25000,,,,,,25000,,,,25000,4275,4275,0,0,0,0,0,4275,0,0,0,4275,100,17100,0.0171,,
A12221,5,,USD,NORTH,GUJARAT,GUJ00520,SILVER CONSUMER ELECTRICALS LIMITED,Industrial,PLC,SILVER CONSUMER ELECTRICALS LIMITED,Industrial,PLC,HARSH DOSHI,Poonam Kashyap,MURATA,MURATA,Anita,Shraddha,GJM1555C1H1R0WB01D,Existing,0.104,0.09,15000,,,15000,,,,,,15000,,,1560,0,0,1560,0,0,0,0,0,1560,0,0,45,4680,0.00468,,
,1,,USD,NORTH,GUJARAT,,SILVER CONSUMER ELECTRICALS LIMITED,,,,,,HARSH DOSHI,,,Dialog -RENESAS,,,iW3627-00,Existing,0.12,,10000,,10000,,,,,10000,,,,10000,1200,0,1200,0,0,0,0,1200,0,0,0,1200,40,4800,0.0048,,
A12222,5,,USD,NORTH,GUJARAT,GUJ00520,SILVER CONSUMER ELECTRICALS LIMITED,Industrial,PLC,SILVER CONSUMER ELECTRICALS LIMITED,Industrial,PLC,HARSH DOSHI,Poonam Kashyap,MURATA,MURATA,Anita,Shraddha,LQW18AN10NG80D,Existing,0.036,0.03075,7000,7000,,,,,,,,7000,7000,7000,252,252,0,0,0,0,0,0,0,252,252,252,35,1260,0.00126,,
A13218,5,,USD,NORTH,GUJARAT,GUJ00520,SILVER CONSUMER ELECTRICALS LIMITED,Industrial,PLC,SILVER CONSUMER ELECTRICALS LIMITED,Industrial,PLC,HARSH DOSHI,Poonam Kashyap,MURATA,MURATA,Anita,Shraddha,GQM1875C2ER50WB12D,Existing,0.095,0.08,6000,6000,6000,,,,,,,,6000,6000,570,570,570,0,0,0,0,0,0,0,570,570,30,2850,0.00285,,
,1,,USD,NORTH,GUJARAT,,SILVER CONSUMER ELECTRICALS LIMITED,,,,,,HARSH DOSHI,,,NICHICON,,,UWT1C470MCL1GB,,0.043,,6000,,,6000,,,,,,6000,6000,6000,258,0,0,258,0,0,0,0,0,258,258,258,30,1290,0.00129,,
,1,,USD,NORTH,GUJARAT,,SILVER CONSUMER ELECTRICALS LIMITED,,,,,,HARSH DOSHI,,,HIROSE,,,FH34SRJ-14S-0.5SH(50),,0.366,,6000,6000,,,,6000,,,6000,,,,2196,2196,0,0,0,2196,0,0,2196,0,0,0,24,8784,0.008784,,
A9324,,,USD,NORTH,GUJARAT,GUJ00520,SILVER CONSUMER ELECTRICALS LIMITED,Industrial,PLC,,Industrial,PLC,HARSH DOSHI,Poonam Kashyap,ROHM,ROHM,Vivek,Mangalagowri,BR24G512FJ-3AGTE2,Existing,0.14,0.118,6000,6000,6000,,,,,,,,,6000,840,840,840,0,0,0,0,0,0,0,0,840,24,3360,0.00336,,
,1,,USD,NORTH,GUJARAT,,SILVER CONSUMER ELECTRICALS LIMITED,,,,,,HARSH DOSHI,,,COMCHIP,,,FR604A-G,,0.096,,6000,,,,,6000,,6000,6000,,,,576,0,0,0,0,576,0,576,576,0,0,0,24,2304,0.002304,,
A10609,5,,USD,NORTH,GUJARAT,GUJ00520,SILVER CONSUMER ELECTRICALS LIMITED,Industrial,PLC,SILVER CONSUMER ELECTRICALS LIMITED,Industrial,PLC,HARSH DOSHI,Poonam Kashyap,MURATA,MURATA,Anita,Shraddha,BLM21AG121SN1D,Existing,0.02,0.01909,,6000,,6000,,6000,,,,,,6000,0,120,0,120,0,120,0,0,0,0,0,120,24,480,0.00048,,
A12224,5,,USD,NORTH,GUJARAT,GUJ00520,SILVER CONSUMER ELECTRICALS LIMITED,Industrial,PLC,SILVER CONSUMER ELECTRICALS LIMITED,Industrial,PLC,HARSH DOSHI,Poonam Kashyap,MURATA,MURATA,Anita,Shraddha,GRM188R71E224KA88D,Existing,0.008,0.00589,6000,6000,,,,,,,,,6000,6000,48,48,0,0,0,0,0,0,0,0,48,48,24,192,0.000192,,
A9868,5,,USD,NORTH,GUJARAT,GUJ00520,SILVER CONSUMER ELECTRICALS LIMITED,Industrial,PLC,SILVER CONSUMER ELECTRICALS LIMITED,Industrial,PLC,HARSH DOSHI,Poonam Kashyap,MURATA,MURATA,Anita,Shraddha,LQW18AN13NG80D,Existing,0.036,0.03075,7000,,,,,,,,,7000,7000,0,252,0,0,0,0,0,0,0,0,252,252,0,21,756,0.000756,,
A10613,5,,USD,NORTH,GUJARAT,GUJ00520,SILVER CONSUMER ELECTRICALS LIMITED,Industrial,PLC,,Industrial,PLC,HARSH DOSHI,Poonam Kashyap,MACRONIX,MACRONIX,Pavan,Manju PJ,MX25L6433FM2I-08G TAPE & REEL,Existing,0.46,0.38,4000,,,,4000,,,,4000,,4000,4000,1840,0,0,0,1840,0,0,0,1840,0,1840,1840,20,9200,0.0092,,
A1613,5,,INR,NORTH,JAIPUR,JPR00004,POLARIS SMART METERING PRIVATE LIMITED,Energy Meter,Smart Meter,,Energy Meter,Smart Meter,KULDEEP KUMAR,Neha Chauhan,DIOTEC,DIOTEC,Adarsh,Prajwal,S1W,Existing,2.5,1.96,50000,,,,50000,,,,,,,,125000,0,0,0,125000,0,0,0,0,0,0,0,100,250000,0.00283318223028105,,
,1,,INR,NORTH,GUJARAT,GUJ00565,POLYCAB INDIA LTD,Energy Meter,Single Phase,,Energy Meter,Single Phase,HARSH DOSHI,,QUECTEL,QUECTEL,Ram Mohan,Lavanya,EC800GCNLR-I03-SNNDA,New,280,2.57,2000,,,2000,,5000,,,5000,,,10000,560000,0,0,560000,0,1400000,0,0,1400000,0,0,2800000,24,6720000,0.0761559383499547,,
A10610,5,,USD,NORTH,GUJARAT,GUJ00520,SILVER CONSUMER ELECTRICALS LIMITED,Industrial,PLC,,Industrial,PLC,HARSH DOSHI,Poonam Kashyap,NICHICON,NICHICON,Abhinandan,Shraddha,UCW1E101MCL1GS,Existing,0.06,0.0537,2000,,,,,,2000,,2000,2000,,,120,0,0,0,0,0,120,0,120,120,0,0,8,480,0.00048,,
,1,,INR,NORTH,GUJARAT,GUJ00565,POLYCAB INDIA LTD,Energy Meter,Single Phase,,Energy Meter,Single Phase,HARSH DOSHI,,,NICHICON,,,UHW1C222MHD,New,13.2,,,,,2000,,2000,,2000,,2000,,2000,0,0,0,26400,0,26400,0,26400,0,26400,0,26400,10,132000,0.0014959202175884,,
A1372,5,,INR,NORTH,GUJARAT,GUJ00165,POONAWALA ELECTRO WEIGH,Industrial,Automation,,Industrial,Automation,HARSH DOSHI,Poonam Kashyap,RENESAS,RENESAS,Uma,Manju PJ,R5F104BAAFP#10,Existing,55,0.3,2000,,,,2000,,,,2000,,,,110000,0,0,0,110000,0,0,0,110000,0,0,0,6,330000,0.00373980054397099,,
A10611,5,,USD,NORTH,GUJARAT,GUJ00520,SILVER CONSUMER ELECTRICALS LIMITED,Industrial,PLC,,Industrial,PLC,HARSH DOSHI,Poonam Kashyap,NICHICON,NICHICON,Abhinandan,Shraddha,UCW1C221MCL1GS,Existing,0.06,0.057,1000,,,,,1000,,,,1000,1000,1000,60,0,0,0,0,60,0,0,0,60,60,60,5,300,0.0003,,
A9866,5,,USD,NORTH,GUJARAT,GUJ00520,SILVER CONSUMER ELECTRICALS LIMITED,Industrial,PLC,,Industrial,PLC,HARSH DOSHI,Poonam Kashyap,NICHICON,NICHICON,Abhinandan,Shraddha,UCW1V331MNL1GS,Existing,0.14,0.127,1000,1000,1000,,,,,,1000,,,,140,140,140,0,0,0,0,0,140,0,0,0,4,560,0.00056,,
A9323,5,,USD,NORTH,GUJARAT,GUJ00520,SILVER CONSUMER ELECTRICALS LIMITED,Industrial,PLC,,Industrial,PLC,HARSH DOSHI,Poonam Kashyap,NICHICON,NICHICON,Abhinandan,Shraddha,UCW1E471MNL1GS,Existing,0.1,0.086,1000,1000,,,,1000,,,,,1000,,100,100,0,0,0,100,0,0,0,0,100,0,4,400,0.0004,,
DEL01325,5,,INR,,NEW DELHI,,Prakant Electronics Pvt Ltd,Kuldeep Kumar,,,,,ARPIT SINGH,Abha,,JODING,,,JBY109439AW2T,New ,26.56,,2000,,,2000,,,2000,,,,,,53120,0,0,53120,0,0,53120,0,0,0,0,0,6,159360,0.00180598368087035,,
A12223,5,,USD,NORTH,GUJARAT,GUJ00520,SILVER CONSUMER ELECTRICALS LIMITED,Industrial,PLC,,Industrial,PLC,HARSH DOSHI,Poonam Kashyap,IGNION,IGNION,Ram Mohan,Lavanya,NN02-220,Existing,0.94,0.85,,150,,150,,,,,150,,,150,0,141,0,141,0,0,0,0,141,0,0,141,0.6,564,0.000564,,
A10612,5,,USD,NORTH,GUJARAT,GUJ00520,SILVER CONSUMER ELECTRICALS LIMITED,Industrial,PLC,,Industrial,PLC,HARSH DOSHI,Poonam Kashyap,NICHICON,NICHICON,Abhinandan,Shraddha,LGG2W681MELHZS,Existing,2.25,2,100,100,100,,,,,,100,,,,225,225,225,0,0,0,0,0,225,0,0,0,0.4,900,0.0009,,
A3341,,5,INR,NORTH,NEW DELHI,DEL00076,PRANAV VIKAS INDIA (PVT) LTD,Automotive-EV,Motor Control Unit,,Automotive-EV,Motor Control Unit,MAHESH KUMAR MITTAL,Prakash,PANASONIC,PANASONIC,Vikram,Anbarasu,SSW6235S,Existing,1024.76,914.6,,,,,,500,,500,500,500,,500,0,0,0,0,0,512380,0,512380,512380,512380,0,512380,2.5,2561900,0.0290333182230281,,
A6430,,,INR,NORTH,NEW DELHI,DEL00076,PRANAV VIKAS INDIA (PVT) LTD,Automotive-EV,Motor Control Unit,,Automotive-EV,Motor Control Unit,MAHESH KUMAR MITTAL,Prakash,PANASONIC,PANASONIC,Vikram,Anbarasu,SSW71106C,New,1946,1862,,,,,,,,500,,500,,500,0,0,0,0,0,0,0,973000,0,973000,0,973000,1.5,2919000,0.0330802357207616,,
,1,,USD,NORTH,NEW DELHI,,SMART METER CUSTOMERS,Industrial,Meter & Measurement,,Industrial,Meter & Measurement,KULDEEP KUMAR,Neha,VISHAY,VISHAY,Mahesha,Tanuja,RCHIP  & P6SMB,New,0.068,0.055,,200000,200000,200000,200000,200000,200000,200000,200000,200000,200000,200000,0,13600,13600,13600,13600,13600,13600,13600,13600,13600,13600,13600,2200,149600,0.1496,,
,,,INR,,NEW DELHI,,PROBUS SMART THINGS PRIVATE LIMITED,,,,,,KULDEEP KUMAR,Abha,,Standex,,,OIL LEVEL SENSOR,New,1127,1050,,1000,,,,1000,,,,,,,0,1127000,0,0,0,1127000,0,0,0,0,0,0,2,2254000,0.025543970988214,,
A2831,,5,INR,NORTH,UDAIPUR,DEL02203,PYROTECH TECHNOLOGIES PRIVATE LIMITED,Industrial,Security & Surveillance,,Industrial,Security & Surveillance,ABHISHEKH CHOUDHARY,Abha,RENESAS,RENESAS,Uma,Manju PJ,R5F100ACASP#10,Existing,78,0.373,,,,,,,,,1260,,,,0,0,0,0,0,0,0,0,98280,0,0,0,1.26,98280,0.00111378059836809,,
A5695,,,INR,NORTH,UDAIPUR,DEL02203,PYROTECH TECHNOLOGIES PRIVATE LIMITED,Industrial,Security & Surveillance,,Industrial,Security & Surveillance,ABHISHEKH CHOUDHARY,Abha,RENESAS,RENESAS,Uma,Manju PJ,R5F10268ASP#55,Existing,48.8,0.327,,240,,,,240,,,,,,240,0,11712,0,0,0,11712,0,0,0,0,0,11712,0.72,35136,0.00039818676337262,,
,1,,USD,NORTH,AHMEDABAD,,SPACE APPLICATIONS CENTRE,,,,,,HARSH DOSHI,,,QUORVO,,,TGA2238,,800,,,,200,,,500,,,500,,300,,0,0,160000,0,0,400000,0,0,400000,0,240000,0,1.5,1200000,1.2,,
A5768,,,INR,NORTH,UDAIPUR,DEL02203,PYROTECH TECHNOLOGIES PRIVATE LIMITED,Industrial,Security & Surveillance,,Industrial,Security & Surveillance,ABHISHEKH CHOUDHARY,Abha,RENESAS,RENESAS,Uma,Manju PJ,R5F100ACASP#50,Existing,78,0.373,,600,,,,,,,,,,,0,46800,0,0,0,0,0,0,0,0,0,0,0.6,46800,0.000530371713508613,,
A7005,5,,INR,NORTH,GUJARAT,GUJ00016,RADIANT TECHNOLOGY,Others,OEM,,Others,OEM,HARSH DOSHI,Poonam Kashyap,RENESAS,RENESAS,Uma,Manju PJ,R5F104BCAFP#10,Existing,68.5,0.482,500,,,,500,,,,500,,,,34250,0,0,0,34250,0,0,0,34250,0,0,0,1.5,102750,0.00116443789664551,,
A7524,5,,INR,NORTH,GUJARAT,GUJ00016,RADIANT TECHNOLOGY,Others,OEM,,Others,OEM,HARSH DOSHI,Poonam Kashyap,RENESAS,RENESAS,Uma,Manju PJ,R7FA6M1AD3CFM#AA0,Existing,195,1.152,200,,,200,,,200,,,,200,,39000,0,0,39000,0,0,39000,0,0,0,39000,0,0.8,156000,0.00176790571169538,,
,1,,USD,NORTH,NEW DELHI,DEL02319,STATIQ,Industrial,EV CHARGER,shatiq,Automotive,EV CHARGER,MAHESH KUMAR MITTAL,Poonam Kashyap,LINK-PP,LINK-PP,Anita,Masila,LPJ4012GD-ZY,New,0.91,,1000,1000,1000,1000,1000,1000,1000,1000,1000,1000,1000,1000,910,910,910,910,910,910,910,910,910,910,910,910,12,10920,0.01092,,
,1,,USD,,NEW DELHI,DEL02319,STATIQ,,,,,,MAHESH KUMAR MITTAL,Poonam Kashyap,,MURATA,,,LQH5BPH470MT0L,New,0.1147,,1000,1000,1000,1000,1000,1000,1000,1000,1000,1000,1000,1000,114.7,114.7,114.7,114.7,114.7,114.7,114.7,114.7,114.7,114.7,114.7,114.7,12,1376.4,0.0013764,,
,1,,USD,,NEW DELHI,DEL02319,STATIQ,,,,,,MAHESH KUMAR MITTAL,Poonam Kashyap,,LINK-PP,,,7499011121A,New,0.91,,,,1000,,,,,,1000,,,1000,0,0,910,0,0,0,0,0,910,0,0,910,3,2730,0.00273,,
,1,,USD,,NEW DELHI,DEL02319,STATIQ,,,,,,MAHESH KUMAR MITTAL,Poonam Kashyap,,ATTEND,,,115U-A103,New,0.458,,,,1000,,,,,,1000,,,1000,0,0,458,0,0,0,0,0,458,0,0,458,3,1374,0.001374,,
,1,,USD,,NEW DELHI,DEL02319,STATIQ,,,,,,MAHESH KUMAR MITTAL,Poonam Kashyap,,ECS,,,ECS-.327-12.5-34QN-TR,New,0.224,,,,1000,,,,,,1000,,,1000,0,0,224,0,0,0,0,0,224,0,0,224,3,672,0.000672,,
,1,,USD,NORTH,NEW DELHI,DEL02319,STATIQ,Industrial,EV CHARGER,shatiq,Automotive,EV CHARGER,MAHESH KUMAR MITTAL,Poonam Kashyap,LUYOUFA,LUYOUFA,Anita,Priyanka N,CS-315-07137PW,New,0.185,,,,1000,,,,,,1000,,,1000,0,0,185,0,0,0,0,0,185,0,0,185,3,555,0.000555,,
,1,,USD,,NEW DELHI,DEL02319,STATIQ,,,,,,MAHESH KUMAR MITTAL,Poonam Kashyap,,ECS,,,ECS-320-8-33Q-JES-TR,New,0.16,,,,1000,,,,,,1000,,,1000,0,0,160,0,0,0,0,0,160,0,0,160,3,480,0.00048,,
A3939,5,,INR,NORTH,NEW DELHI,DEL02051,RIOT LABZ PRIVATE LIMITED,Energy Meter,Smart Meter,,Energy Meter,Smart Meter,ABHISHEKH CHOUDHARY,Poonam Kashyap,RENESAS,RENESAS,Uma,Manju PJ,R5F10NPJDFB#15,Existing,119.48,1.017,,,,,,,25000,,,25000,,,0,0,0,0,0,0,2987000,0,0,2987000,0,0,50,5974000,0.067701722574796,,
,1,,USD,NORTH,NEW DELHI,,Sterling G tek Mobility,,,,,,MAHESH KUMAR MITTAL,,,VISHAY,,,SIA483ADJ-T1-GE3,NEW,0.122,,,,,,,,,,5000,5000,5000,5000,0,0,0,0,0,0,0,0,610,610,610,610,20,2440,0.00244,,
A4565,5,,INR,NORTH,NEW DELHI,DEL02051,RIOT LABZ PRIVATE LIMITED,Energy Meter,Smart Meter,,Energy Meter,Smart Meter,ABHISHEKH CHOUDHARY,Poonam Kashyap,NICHICON,NICHICON,Abhinandan,Shraddha,UHW1E471MPD,Existing,9.6,0.09,5000,5000,,5000,,5000,5000,5000,,5000,,5000,48000,48000,0,48000,0,48000,48000,48000,0,48000,0,48000,40,384000,0.0043517679057117,,
A5235,5,,INR,NORTH,NEW DELHI,DEL02051,RIOT LABZ PRIVATE LIMITED,Energy Meter,Smart Meter,,Energy Meter,Smart Meter,ABHISHEKH CHOUDHARY,Poonam Kashyap,NICHICON,NICHICON,Abhinandan,Shraddha,UCY2G330MHD3,Existing,23.28,0.22,5000,5000,,5000,,5000,,,,,,,116400,116400,0,116400,0,116400,0,0,0,0,0,0,20,465600,0.00527651858567543,,
,,,INR,NORTH,NEW DELHI,,RIOT LABZ PRIVATE LIMITED,,,,,,ABHISHEKH CHOUDHARY,,,NICHICON,,,UHW1E102MPD,,9.98,,5000,5000,,5000,,5000,,,,,,,49900,49900,0,49900,0,49900,0,0,0,0,0,0,20,199600,0.00226201269265639,,
A1931,5,,INR,NORTH,NEW DELHI,DEL02051,RIOT LABZ PRIVATE LIMITED,Energy Meter,Smart Meter,,Energy Meter,Smart Meter,ABHISHEKH CHOUDHARY,Poonam Kashyap,NICHICON,NICHICON,Abhinandan,Shraddha,UCW1H470MNL1GS,Existing,9.03,0.085,5000,5000,,5000,,5000,,,,,,,45150,45150,0,45150,0,45150,0,0,0,0,0,0,20,180600,0.00204669084315503,,
A3696,5,,INR,NORTH,NEW DELHI,DEL02051,RIOT LABZ PRIVATE LIMITED,Energy Meter,Smart Meter,,Energy Meter,Smart Meter,ABHISHEKH CHOUDHARY,Poonam Kashyap,NICHICON,NICHICON,Abhinandan,Shraddha,UHW1C471MPD,Existing,7.6,0.072,5000,5000,,5000,,5000,,,,,,,38000,38000,0,38000,0,38000,0,0,0,0,0,0,20,152000,0.00172257479601088,,
,1,,INR,NORTH,NEW DELHI,,SAMRIDDHI AUTOMATIONS PVT. LTD.,Security camera,Consumer,,,,SURAJ PANDEY,Neha Chauhan,Jmicron,Jmicron,Rammohan,,JMS591-BHAA1A ,New,7350,,,,,,,10,,,,,,,0,0,0,0,0,73500,0,0,0,0,0,0,0.01,73500,0.000832955575702629,,
,1,,INR,NORTH,CHANDIGARH,,Semi-Conductor Laboratory,,,,,,MAHESH KUMAR MITTAL,,,EVE,,,ER18505,NEW,350,,,,,,,500,,500,,500,,500,0,0,0,0,0,175000,0,175000,0,175000,0,175000,2,700000,0.00793291024478695,,
A2102,,,INR,NORTH,AHMEDABAD,AMD00189,SERVOTRONICS,Industrial,Panel Meter,,Industrial,Panel Meter,HARSH DOSHI,Poonam Kashyap,RENESAS,RENESAS,Uma,Manju PJ,R5F100ACASP#50,Existing,42,0.275,2500,,,2500,,,2500,,,,,,105000,0,0,105000,0,0,105000,0,0,0,0,0,7.5,315000,0.00356980961015413,,
A2623,,,INR,NORTH,NEW DELHI,DEL01397,SGS TEKNIKS MANUFACTURING HRY A3,Consumer,White Goods,,Consumer,White Goods,KULDEEP KUMAR,Abha,DIOTEC,DIOTEC,Adarsh,Prajwal,SM4007,Existing,1.91,1.82,,75000,,,75000,,,75000,,,75000,,0,143250,0,0,143250,0,0,143250,0,0,143250,0,300,573000,0.00649365367180417,,
A4172,,,INR,NORTH,NEW DELHI,DEL01397,SGS TEKNIKS MANUFACTURING HRY A3,Consumer,White Goods,,Consumer,White Goods,KULDEEP KUMAR,Abha,DIOTEC,DIOTEC,Adarsh,Prajwal,EM513,Existing,1.8,1.04,,40000,,,40000,,,40000,,,40000,,0,72000,0,0,72000,0,0,72000,0,0,72000,0,160,288000,0.00326382592928377,,
A6144,,,INR,NORTH,NEW DELHI,DEL01397,SGS TEKNIKS MANUFACTURING HRY A3,Consumer,White Goods,,Consumer,White Goods,KULDEEP KUMAR,Abha,DIOTEC,DIOTEC,Adarsh,Prajwal,ZMM39,Existing,0.91,0.8,,,,,15000,,,,,15000,,,0,0,0,0,13650,0,0,0,0,13650,0,0,30,27300,0.000309383499546691,,
A3742,,,INR,NORTH,NEW DELHI,DEL01397,SGS TEKNIKS MANUFACTURING HRY A3,Consumer,White Goods,,Consumer,White Goods,KULDEEP KUMAR,Abha,DIOTEC,DIOTEC,Adarsh,Prajwal,BAS31,Existing,1.6,1.4,,3000,,,3000,,,3000,,,3000,,0,4800,0,0,4800,0,0,4800,0,0,4800,0,12,19200,0.000217588395285585,,
A2895,,,INR,NORTH,NEW DELHI,DEL01397,SGS TEKNIKS MANUFACTURING HRY A3,Consumer,White Goods,,Consumer,White Goods,KULDEEP KUMAR,Abha,DIOTEC,DIOTEC,Adarsh,Prajwal,UF5404,Existing,4.5,3.38,,,,,,,10000,,,,,,0,0,0,0,0,0,45000,0,0,0,0,0,10,45000,0.000509972801450589,,
A7143,,,INR,NORTH,NEW DELHI,DEL01397,SGS TEKNIKS MANUFACTURING HRY A3,Consumer,White Goods,,Consumer,White Goods,KULDEEP KUMAR,Abha,EATON,EATON,Veeranagouda,Milana,125NHG00B,Existing,405,337,,100,,,100,,,,100,,,100,0,40500,0,0,40500,0,0,0,40500,0,0,40500,0.4,162000,0.00183590208522212,,
A6938,,,INR,NORTH,NEW DELHI,DEL00085,SGS TEKNIKS MANUFACTURING-MANESAR,Consumer,White Goods,,Consumer,White Goods,KULDEEP KUMAR,Abha,NICHICON,NICHICON,Abhinandan,Shraddha,UCY2W330MHD3,Existing,19.5,0.188,,,,,,,30000,0,,20000,10000,20000,0,0,0,0,0,0,585000,0,0,390000,195000,390000,80,1560000,0.0176790571169538,,
A5297,,,INR,NORTH,NEW DELHI,DEL00085,SGS TEKNIKS MANUFACTURING-MANESAR,Consumer,White Goods,,Consumer,White Goods,KULDEEP KUMAR,Abha,RENESAS,RENESAS,Uma,Manju PJ,R5F10NPJDFB#15,Existing,122,1.05,10000,,,10000,,,10000,,,10000,,,1220000,0,0,1220000,0,0,1220000,0,0,1220000,0,0,40,4880000,0.0553037171350861,,
,1,,INR,NORTH,GUJARAT,,SILVER CONSUMER ELECTRICALS LIMITED,,,,,,HARSH DOSHI,,,DIOTEC,,,KBP210G,,5.9,,,4000,,,4000,4000,,,4000,4000,,,0,23600,0,0,23600,23600,0,0,23600,23600,0,0,20,118000,0.00133726201269266,,
,1,,INR,NORTH,GUJARAT,,SILVER CONSUMER ELECTRICALS LIMITED,,,,,,HARSH DOSHI,,,DIOTEC,,,GBI40W,,95,,,,,,,,,,4000,4000,0,0,0,0,0,0,0,0,0,0,380000,380000,0,0,8,760000,0.0086128739800544,,
,5,,INR,NORTH,AHMEDABAD,GUJ00454,SMART NODE,Industrial,Power,SMART NODE,Industrial,Power,HARSH DOSHI,Poonam Kashyap,SEIKO INSTRUMENTS,SEIKO INSTRUMENTS,Anita,Priyanka N,SC-32S 12.5PF20PPM,New,11,0,2000,2000,,2000,2000,2000,2000,2000,2000,2000,2000,2000,22000,22000,0,22000,22000,22000,22000,22000,22000,22000,22000,22000,22,242000,0.00274252039891206,,
A5618,5,,INR,NORTH,NEW DELHI,DEL02211,SNAES INDUSTRIES PVT. LTD,Automotive,Lighting,,Automotive,Lighting,ARPIT SINGH,Neha Chauhan,TAIWAN SEMI,TAIWAN SEMI,Gaurav,Prajwal,TSCR420CX6H RFG,Existing,6.8,0.057,,3000,,3000,,3000,,3000,,,3000,,0,20400,0,20400,0,20400,0,20400,0,0,20400,0,15,102000,0.00115593834995467,,
A2774,,,INR,NORTH,NEW DELHI,DEL02287,SONA BLW PRECISION FORGINGS LTD,Railways,Passenger Information System,,Railways,Passenger Information System,SURAJ PANDEY,Abha,SENSATA,SENSATA,Kishore,Milana,OLS710D324-003,Existing,6980,71.07,,,,,,,,,,25,,,0,0,0,0,0,0,0,0,0,174500,0,0,0.025,174500,0.00197756119673617,,
,1,,INR,NORTH,AHMEDABAD,,SPACE APPLICATIONS CENTRE,,,,,,HARSH DOSHI,,,QUORVO,,,CMD283C3 ,,4724,,,,,,25,,,,25,,25,,0,0,0,0,118100,0,0,0,118100,0,118100,0,0.075,354300,0.00401518585675431,,
,1,,INR,NORTH,AHMEDABAD,,SPACE APPLICATIONS CENTRE,,,,,,HARSH DOSHI,,,QUORVO,,,TQP9111 ,,1643,,,,,,25,,,,25,,25,,0,0,0,0,41075,0,0,0,41075,0,41075,0,0.075,123225,0.00139647552130553,,
A2941,,5,INR,NORTH,NEW DELHI,DEL02206,SPARROW ELECTRONICS,Industrial,IOT,,Industrial,IOT,SANDHYA KALYAN,Neha Chauhan,QORVO,QORVO-PPM,Adarsh,Tanuja,PAC5256QX,Existing,133.3,1.34,,,,10000,,,10000,,,10000,,,0,0,0,1333000,0,0,1333000,0,0,1333000,0,0,30,3999000,0.0453195829555757,,
,1,,INR,NORTH,NEW DELHI,,Sterling G tek Mobility,,,,,,MAHESH KUMAR MITTAL,,,Aishi,,,ERR1KM221K20OT,NEW,12.35,,,,,,,,,,5000,5000,5000,5000,0,0,0,0,0,0,0,0,61750,61750,61750,61750,20,247000,0.00279918404351768,,
,1,,INR,NORTH,NEW DELHI,,Sterling G tek Mobility,,,,,,MAHESH KUMAR MITTAL,,,Aishi,,,ERR1VM102W20OT,NEW,8.45,,,,,,,,,,5000,5000,5000,5000,0,0,0,0,0,0,0,0,42250,42250,42250,42250,20,169000,0.00191523118766999,,
,1,,INR,NORTH,NEW DELHI,,Sterling G tek Mobility,,,,,,MAHESH KUMAR MITTAL,,,Aishi,,,ERR1VM101E11OT,NEW,1.56,,,,,,,,,,5000,5000,5000,5000,0,0,0,0,0,0,0,0,7800,7800,7800,7800,20,31200,0.000353581142339075,,
,1,,INR,NORTH,NEW DELHI,,Sterling G tek Mobility,,,,,,MAHESH KUMAR MITTAL,,,Aishi,,,ELH2WM681R50AT,NEW,279.5,,,,,,,,,,,,,5000,0,0,0,0,0,0,0,0,0,0,0,1397500,5,1397500,0.0158374886672711,,
A5048,,,INR,NORTH,NEW DELHI,DEL01184,STJ Electronics  Pvt Ltd,Energy Meter,Smart Meter,,Energy Meter,Smart Meter,SURAJ PANDEY,Poonam Kashyap,ROHM,ROHM,Vivek,Mangalagowri,BM1P061FJ-E2,Existing,21.45,0.16,,,,,,,,,2500,,,,0,0,0,0,0,0,0,0,53625,0,0,0,2.5,53625,0.000607717588395286,,
A6589,,5,INR,NORTH,NEW DELHI,DEL00091,SUNRISE EMBEDDED SOLUTIONS PVT LTD,Industrial,Panel Meter,,Industrial,Panel Meter,ABHISHEKH CHOUDHARY,Abha,EPCOS,EPCOS,Karthik,Mangalagowri,B43254A5337M000,Existing,100,1.08,0,0,0,7000,0,0,0,0,0,0,0,0,0,0,0,700000,0,0,0,0,0,0,0,0,7,700000,0.00793291024478695,,
A6313,,5,INR,NORTH,NEW DELHI,DEL00091,SUNRISE EMBEDDED SOLUTIONS PVT LTD,Industrial,Panel Meter,,Industrial,Panel Meter,ABHISHEKH CHOUDHARY,Abha,TAIWAN SEMI,TAIWAN SEMI,Gaurav,Prajwal,TSM60NC390CP,Existing,39.21,0.35,0,1000,0,1000,0,1000,0,1000,0,1000,0,1000,0,39210,0,39210,0,39210,0,39210,0,39210,0,39210,6,235260,0.00266613780598368,,
A6307,5,,INR,NORTH,NEW DELHI,DEL01712,TECH OVN PVT LTD,Industrial,Security & Surveillance,,Industrial,Security & Surveillance,SURAJ PANDEY,Poonam Kashyap,DIOTEC,DIOTEC,Adarsh,Prajwal,"M7, T/R",Existing,0.44,0.39,,,,15000,,15000,,15000,,15000,,15000,0,0,0,6600,0,6600,0,6600,0,6600,0,6600,75,33000,0.000373980054397099,,
A3248,5,,INR,NORTH,NEW DELHI,DEL01712,TECH OVN PVT LTD,Industrial,Security & Surveillance,,Industrial,Security & Surveillance,SURAJ PANDEY,Poonam Kashyap,EVE,EVE,Manju N,Kiran Bhamshetty,CR2032CKP,Existing,9.5,0.084,,,,5000,,5000,,5000,,5000,,5000,0,0,0,47500,0,47500,0,47500,0,47500,0,47500,25,237500,0.002691523118767,,
,1,,INR,NORTH,NEW DELHI,DEL01712,TECH OVN PVT LTD,Industrial,Metering,ODM,Metering,Metering,SURAJ PANDEY,Poonam Kashyap,RENESAS,Quectel,Rammohan,Lavanya,EC200NCNAD-N05-SNNSA,New,390,,,,,5000,,5000,,5000,,5000,,,0,0,0,1950000,0,1950000,0,1950000,0,1950000,0,0,20,7800000,0.0883952855847688,,
,1,,INR,NORTH,NEW DELHI,DEL01712,TECH OVN PVT LTD,Industrial,Metering,ODM,Metering,Metering,SURAJ PANDEY,Poonam Kashyap,RENESAS,RENESAS,Uma,Manju PJ,R5F10NPJDFB#15,New,142,,,,,5000,,5000,,5000,,5000,,,0,0,0,710000,0,710000,0,710000,0,710000,0,0,20,2840000,0.0321849501359928,,
,1,,INR,NORTH,NEW DELHI,DEL01712,TECH OVN PVT LTD,Industrial,Metering,ODM,Metering,Metering,SURAJ PANDEY,Poonam Kashyap,RENESAS,EVE,Manju N,Bhavya,ER14250-3PF,New,45,,,,,5000,,5000,,5000,,5000,,,0,0,0,225000,0,225000,0,225000,0,225000,0,0,20,900000,0.0101994560290118,,
,1,,INR,NORTH,NEW DELHI,DEL01712,TECH OVN PVT LTD,Industrial,Metering,ODM,Metering,Metering,SURAJ PANDEY,Poonam Kashyap,RENESAS,Tianma,Manju N,Bhavya,TJMS5760#02,New,40,,,,,5000,,5000,,5000,,5000,,,0,0,0,200000,0,200000,0,200000,0,200000,0,0,20,800000,0.00906618313689937,,
,1,,INR,NORTH,NEW DELHI,DEL01712,TECH OVN PVT LTD,Industrial,Metering,ODM,Metering,Metering,SURAJ PANDEY,Poonam Kashyap,IGNION,IGNION,Rammohan,Lavanya,NN03-310,New,30,,,,,5000,,5000,,5000,,5000,,,0,0,0,150000,0,150000,0,150000,0,150000,0,0,20,600000,0.00679963735267453,,
,1,,INR,NORTH,NEW DELHI,DEL01712,TECH OVN PVT LTD,Industrial,Metering,ODM,Metering,Metering,SURAJ PANDEY,Poonam Kashyap,RENESAS,Nichicon,Abhinandan,Shraddha,UCY2G330MHD,New,21.9,,,,,5000,,5000,,5000,,5000,,,0,0,0,109500,0,109500,0,109500,0,109500,0,0,20,438000,0.0049637352674524,,
,1,,USD,,NEW DELHI,,UMA POLY SOLUTIONS PVT LTD,,,,,,KULDEEP KUMAR,Neha Chauhan,,QUECTEL,,,EC200NCNAD-N05-SNNSA,New,4,,10000,,,,,,10000,,,,10000,,40000,0,0,0,0,0,40000,0,0,0,40000,0,30,120000,0.12,,
,1,,USD,,NEW DELHI,,UMA POLY SOLUTIONS PVT LTD,,,,,,KULDEEP KUMAR,Neha Chauhan,,Renesas,,,R5F10NPJDFB#15,New,1.418,,10000,,,,,,10000,,,,10000,,14180,0,0,0,0,0,14180,0,0,0,14180,0,30,42540,0.04254,,
,1,,INR,NORTH,NEW DELHI,DEL01712,TECH OVN PVT LTD,Industrial,Metering,ODM,Metering,Metering,SURAJ PANDEY,Poonam Kashyap,RENESAS,Renesas,Uma,Manju PJ,AT25SF041B-SSHD-T,New,11.55,,,,,5000,,5000,,5000,,5000,,,0,0,0,57750,0,57750,0,57750,0,57750,0,0,20,231000,0.00261786038077969,,
,1,,USD,,NEW DELHI,,UMA POLY SOLUTIONS PVT LTD,,,,,,KULDEEP KUMAR,Neha Chauhan,,Tianma,,,TJMS5760#02,New,0.34,,10000,,,,,,10000,,,,10000,,3400,0,0,0,0,0,3400,0,0,0,3400,0,30,10200,0.0102,,
,1,,USD,,NEW DELHI,,UMA POLY SOLUTIONS PVT LTD,,,,,,KULDEEP KUMAR,Neha Chauhan,,Nichicon,,,UCY2W330KHDGZX,New,0.2013,,10000,,,,,,10000,,,,10000,,2013,0,0,0,0,0,2013,0,0,0,2013,0,30,6039,0.006039,,
,1,,USD,,NEW DELHI,,UMA POLY SOLUTIONS PVT LTD,,,,,,KULDEEP KUMAR,Neha Chauhan,,RENESAS,,,AT25SF041B-SSHD-T,New,0.16,,10000,,,,,,10000,,,,10000,,1600,0,0,0,0,0,1600,0,0,0,1600,0,30,4800,0.0048,,
,1,,USD,,NEW DELHI,,UMA POLY SOLUTIONS PVT LTD,,,,,,KULDEEP KUMAR,Neha Chauhan,,EPCOS,,,B82144B2333J000,New,0.145,,10000,,,,,,10000,,,,10000,,1450,0,0,0,0,0,1450,0,0,0,1450,0,30,4350,0.00435,,
,1,,USD,,NEW DELHI,,UMA POLY SOLUTIONS PVT LTD,,,,,,KULDEEP KUMAR,Neha Chauhan,,Nichicon,,,UHW1E471MPD,New,0.1011,,10000,,,,,,10000,,,,10000,,1011,0,0,0,0,0,1011,0,0,0,1011,0,30,3033,0.003033,,
,1,,INR,NORTH,NEW DELHI,DEL01712,TECH OVN PVT LTD,Industrial,Metering,ODM,Metering,Metering,SURAJ PANDEY,Poonam Kashyap,RENESAS,Nichicon,Abhinandan,Shraddha,UHW1E471MPD,New,7.5,,,,,5000,,5000,,5000,,5000,,,0,0,0,37500,0,37500,0,37500,0,37500,0,0,20,150000,0.00169990933816863,,
,1,,INR,NORTH,NEW DELHI,DEL01712,TECH OVN PVT LTD,Industrial,Metering,ODM,Metering,Metering,SURAJ PANDEY,Poonam Kashyap,RENESAS,Nichicon,Abhinandan,Shraddha,UHW1E102MPD,New,7,,,,,5000,,5000,,5000,,5000,,,0,0,0,35000,0,35000,0,35000,0,35000,0,0,20,140000,0.00158658204895739,,
,1,,INR,NORTH,NEW DELHI,DEL01712,TECH OVN PVT LTD,Industrial,Metering,ODM,Metering,Metering,SURAJ PANDEY,Poonam Kashyap,RENESAS,TDK,Karthik,Mangalagowri,CD45-E2GA472M-NKA,New,5.2,,,,,5000,,5000,,5000,,5000,,,0,0,0,26000,0,26000,0,26000,0,26000,0,0,20,104000,0.00117860380779692,,
,1,,USD,,NEW DELHI,,UMA POLY SOLUTIONS PVT LTD,,,,,,KULDEEP KUMAR,Neha Chauhan,,Nichicon,,,UCD1C100MCL1GS,New,0.065,,10000,,,,,,10000,,,,10000,,650,0,0,0,0,0,650,0,0,0,650,0,30,1950,0.00195,,
,1,,USD,,NEW DELHI,,UMA POLY SOLUTIONS PVT LTD,,,,,,KULDEEP KUMAR,Neha Chauhan,,TAIWAN SEMI,,,1SMB5927,New,0.063,,10000,,,,,,10000,,,,10000,,630,0,0,0,0,0,630,0,0,0,630,0,30,1890,0.00189,,
,1,,USD,,NEW DELHI,,UMA POLY SOLUTIONS PVT LTD,,,,,,KULDEEP KUMAR,Neha Chauhan,,Luyoufa,,,22850207CNG1SYA01,New,0.05,,10000,,,,,,10000,,,,10000,,500,0,0,0,0,0,500,0,0,0,500,0,30,1500,0.0015,,
,1,,INR,NORTH,NEW DELHI,DEL01712,TECH OVN PVT LTD,Industrial,Metering,ODM,Metering,Metering,SURAJ PANDEY,Poonam Kashyap,RENESAS,Diotec,Adarsh,Prajwal,US1M,New,0.85,,,,,5000,,5000,,5000,,5000,,,0,0,0,4250,0,4250,0,4250,0,4250,0,0,20,17000,0.000192656391659112,,
,1,,USD,,NEW DELHI,,UMA POLY SOLUTIONS PVT LTD,,,,,,KULDEEP KUMAR,Neha Chauhan,,MURATA,,,GRM21BZ71E106KE15L,New,0.0398,,10000,,,,,,10000,,,,10000,,398,0,0,0,0,0,398,0,0,0,398,0,30,1194,0.001194,,
,1,,USD,,NEW DELHI,,UMA POLY SOLUTIONS PVT LTD,,,,,,KULDEEP KUMAR,Neha Chauhan,,Murata,,,LQW18AN13NG80D,New,0.0354,,10000,,,,,,10000,,,,10000,,354,0,0,0,0,0,354,0,0,0,354,0,30,1062,0.001062,,
A2382,5,,INR,NORTH,AHMEDABAD,AMD00025,THITA CONTROLS AND AUTOMATION,Industrial,Panel Meter,THITA CONTROLS AND AUTOMATION,Industrial,Panel Meter,HARSH DOSHI,Poonam Kashyap,CHUROD,CHUROD,Anita,Priyanka N,CHM-S-112DA3,Existing,20.5,0.16,,5000,,,5000,,,,5000,,,5000,0,102500,0,0,102500,0,0,0,102500,0,0,102500,20,410000,0.00464641885766093,,
,1,,USD,,NEW DELHI,,UMA POLY SOLUTIONS PVT LTD,,,,,,KULDEEP KUMAR,Neha Chauhan,,Luyoufa,,,2285-203G0ASY01,New,0.0325,,10000,,,,,,10000,,,,10000,,325,0,0,0,0,0,325,0,0,0,325,0,30,975,0.000975,,
A2609,5,,INR,NORTH,AHMEDABAD,AMD00025,THITA CONTROLS AND AUTOMATION,Industrial,Panel Meter,,Industrial,Panel Meter,HARSH DOSHI,Poonam Kashyap,RENESAS,RENESAS,Uma,Manju PJ,R5F121BCGFP#30,Existing,36,0.284,,2000,,2000,,2000,,,2000,,2000,2000,0,72000,0,72000,0,72000,0,0,72000,0,72000,72000,12,432000,0.00489573889392566,,
A2543,,,INR,NORTH,AHMEDABAD,AMD00025,THITA CONTROLS AND AUTOMATION,Industrial,Panel Meter,,Industrial,Panel Meter,HARSH DOSHI,Poonam Kashyap,RENESAS,RENESAS,Uma,Manju PJ,R5F102A8ASP#50,Existing,49,0.395,500,,,500,,,,500,,,,,24500,0,0,24500,0,0,0,24500,0,0,0,0,1.5,73500,0.000832955575702629,,
A2554,5,,INR,NORTH,GUJARAT,GUJ00022,TRINITY ENERGY SYSTEMS PVT LTD,Energy Meter,Single Phase,,Energy Meter,Single Phase,HARSH DOSHI,Poonam Kashyap,EVE,EVE,Manju N,Kiran Bhamshetty,CR2032AKW,Existing,11.8,0.085,,200,,,200,,,200,200,,200,200,0,2360,0,0,2360,0,0,2360,2360,0,2360,2360,1.2,14160,0.000160471441523119,,
A5178,,5,INR,NORTH,NEW DELHI,DEL02250,TSUIKA AUTO PVT. LTD.,Industrial,Automation,,Industrial,Automation,SURAJ PANDEY,Neha Chauhan,TE CONNECTIVITY,TE CONNECTIVITY,Bharath,Milana,42486-1,Existing,2.08,1.89,,,,20000,20000,20000,20000,20000,20000,20000,20000,20000,0,0,0,41600,41600,41600,41600,41600,41600,41600,41600,41600,180,374400,0.0042429737080689,,
,1,,INR,,NEW DELHI,,UMA POLY SOLUTIONS PVT LTD,,,,,,KULDEEP KUMAR,Neha Chauhan,,QUECTEL,,,EG800AKCN11LC-4I-SNNSA ,New,335,,10000,,,,,,10000,,,,10000,,3350000,0,0,0,0,0,3350000,0,0,0,3350000,0,30,10050000,0.113893925657298,,
A11328,,,USD,NORTH,NEW DELHI,KKT00087,UMA POLY SOLUTIONS PVT LTD,Industrial,Panel Meter,UMA POLY SOLUTIONS PVT LTD,Industrial,Panel Meter,KULDEEP KUMAR,Neha Chauhan,LUYOUFA,LUYOUFA,Anita,Priyanka N,22850207CNG1SYA01,Existing,0.05,0.042,0,0,0,0,0,0,0,0,10000,0,0,0,0,0,0,0,0,0,0,0,500,0,0,0,10,500,0.0005,,
A9706,,,USD,NORTH,NEW DELHI,KKT00087,UMA POLY SOLUTIONS PVT LTD,Industrial,Panel Meter,UMA POLY SOLUTIONS PVT LTD,Industrial,Panel Meter,KULDEEP KUMAR,Neha Chauhan,LUYOUFA,LUYOUFA,Anita,Priyanka N,2285-203G0ASY01,Existing,0.0325,0.026,0,0,0,0,0,0,0,0,10000,0,0,0,0,0,0,0,0,0,0,0,325,0,0,0,10,325,0.000325,,
,1,,INR,,NEW DELHI,,UMA POLY SOLUTIONS PVT LTD,,,,,,KULDEEP KUMAR,Neha Chauhan,,Vishay,,,293D107X0010D2TE3,New,31.79,,10000,,,,,,10000,,,,10000,,317900,0,0,0,0,0,317900,0,0,0,317900,0,30,953700,0.0108080235720762,,
,1,,INR,,NEW DELHI,,UMA POLY SOLUTIONS PVT LTD,,,,,,KULDEEP KUMAR,Neha Chauhan,,Joding,,,JBD506424AG1C,New,8,,10000,,,,,,10000,,,,10000,,80000,0,0,0,0,0,80000,0,0,0,80000,0,30,240000,0.00271985494106981,,
A11454,,5,USD,NORTH,NEW DELHI,DEL01426,VEETHREE ELECTRONICS AND MARINE LLC,Industrial,Others-Industrial,,Industrial,Others-Industrial,MAHESH KUMAR MITTAL,Prakash,TIANMA,TIANMA,Nagendra,Bhavya,TM035KDGP03-00,Existing,11.4,8.5,,,2000,,2000,,2000,,2000,,2000,,0,0,22800,0,22800,0,22800,0,22800,0,22800,0,10,114000,0.114,,
,1,,INR,,NEW DELHI,,UMA POLY SOLUTIONS PVT LTD,,,,,,KULDEEP KUMAR,Neha Chauhan,,Nichicon,,,UCD1H470MCL1GS,New,6.38,,10000,,,,,,10000,,,,10000,,63800,0,0,0,0,0,63800,0,0,0,63800,0,30,191400,0.00216908431550317,,
,1,,INR,,NEW DELHI,,UMA POLY SOLUTIONS PVT LTD,,,,,,KULDEEP KUMAR,Neha Chauhan,,Nichicon,,,UCL1C470MCL6GS,New,6.05,,10000,,,,,,10000,,,,10000,,60500,0,0,0,0,0,60500,0,0,0,60500,0,30,181500,0.00205689029918404,,
,1,,INR,,NEW DELHI,,UMA POLY SOLUTIONS PVT LTD,,,,,,KULDEEP KUMAR,Neha Chauhan,,Diotec,,,LDI559-3.6EN,New,4.08,,10000,,,,,,10000,,,,10000,,40800,0,0,0,0,0,40800,0,0,0,40800,0,30,122400,0.0013871260199456,,
,1,,INR,,NEW DELHI,,UMA POLY SOLUTIONS PVT LTD,,,,,,KULDEEP KUMAR,Neha Chauhan,,Diotec,,,US2G,New,2.73,,10000,,,,,,10000,,,,10000,,27300,0,0,0,0,0,27300,0,0,0,27300,0,30,81900,0.000928150498640073,,
,1,,INR,,NEW DELHI,,UMA POLY SOLUTIONS PVT LTD,,,,,,KULDEEP KUMAR,Neha Chauhan,,Diotec,,,MMTL431AR,New,1.58,,10000,,,,,,10000,,,,10000,,15800,0,0,0,0,0,15800,0,0,0,15800,0,30,47400,0.000537171350861287,,
A9718,5,,USD,NORTH,NEW DELHI,DEL01781,VVDN TECHNOLOGIES PVT LTD,Others,TRACKER,VVDN TECHNOLOGIES PVT LTD,Others,TRACKER,ARPIT SINGH,Neha Chauhan,MURATA,MURATA,Anita,Shraddha,GRM033R71E102JA01D,Existing,0.00087,0.00078,5000,,,,,,,5000,,,,5000,4.35,0,0,0,0,0,0,4.35,0,0,0,4.35,15,13.05,1.305e-05,,
,1,,INR,,NEW DELHI,,UMA POLY SOLUTIONS PVT LTD,,,,,,KULDEEP KUMAR,Neha Chauhan,,Diotec,,,US1M,New,1.22,,10000,,,,,,10000,,,,10000,,12200,0,0,0,0,0,12200,0,0,0,12200,0,30,36600,0.000414777878513146,,
,1,,USD,,NEW DELHI,DEL01781,VVDN TECHNOLOGIES PVT LTD,,,,,,ARPIT SINGH,Neha Chauhan,MACRONIX,MACRONIX,,,MX25V8035FZUI,New,0.23,,3000,,,,,,,3000,,,,3000,690,0,0,0,0,0,0,690,0,0,0,690,9,2070,0.00207,,
A8511,5,,USD,NORTH,NEW DELHI,DEL01781,VVDN TECHNOLOGIES PVT LTD,Others,TRACKER,VVDN TECHNOLOGIES PVT LTD,Others,TRACKER,ARPIT SINGH,Neha Chauhan,MURATA,MURATA,Anita,Shraddha,GRM21BZ71A226ME15L,Existing,0.05,0.0444,3000,,,,,,,3000,,,,3000,150,0,0,0,0,0,0,150,0,0,0,150,9,450,0.00045,,
A10474,5,,USD,NORTH,NEW DELHI,DEL01781,VVDN TECHNOLOGIES PVT LTD,Others,TRACKER,VVDN TECHNOLOGIES PVT LTD,Others,TRACKER,ARPIT SINGH,Neha Chauhan,MURATA,MURATA,Anita,Shraddha,GRM21BC81H475KE11L,Existing,0.0368,0.0346,3000,,,,,,,3000,,,,3000,110.4,0,0,0,0,0,0,110.4,0,0,0,110.4,9,331.2,0.0003312,,
,1,,USD,,NEW DELHI,DEL01781,VVDN TECHNOLOGIES PVT LTD,,,,,,ARPIT SINGH,Neha Chauhan,TDK,TDK,,,C1608X7S1A475K080AC,,0.0163,,2000,,,,,,,2000,,,,2000,32.6,0,0,0,0,0,0,32.6,0,0,0,32.6,6,97.8,9.78e-05,,
A8512,5,,USD,NORTH,NEW DELHI,DEL01781,VVDN TECHNOLOGIES PVT LTD,Others,TRACKER,VVDN TECHNOLOGIES PVT LTD,Others,TRACKER,ARPIT SINGH,Neha Chauhan,MURATA,MURATA,Anita,Shraddha,GRM188C80J226ME15D,Existing,0.0124,0.01078,2000,,,,,,,2000,,,,2000,24.8,0,0,0,0,0,0,24.8,0,0,0,24.8,6,74.4,7.44e-05,,
,1,,USD,,NEW DELHI,DEL01781,VVDN TECHNOLOGIES PVT LTD,,,,,,ARPIT SINGH,Neha Chauhan,TDK,TDK,,,C1005X6S1A225K050BC,,0.0102,,2000,,,,,,,2000,,,,2000,20.4,0,0,0,0,0,0,20.4,0,0,0,20.4,6,61.2,6.12e-05,,
,1,,USD,,NEW DELHI,DEL01781,VVDN TECHNOLOGIES PVT LTD,,,,,,ARPIT SINGH,Neha Chauhan,MURATA,MURATA,,,GCM155R71H104KE02J,New,0.0027,,2000,,,,,,,2000,,,,2000,5.4,0,0,0,0,0,0,5.4,0,0,0,5.4,6,16.2,1.62e-05,,
A9187,5,,USD,NORTH,NEW DELHI,DEL01781,VVDN TECHNOLOGIES PVT LTD,Others,TRACKER,VVDN TECHNOLOGIES PVT LTD,Others,TRACKER,ARPIT SINGH,Neha Chauhan,MURATA,MURATA,Anita,Shraddha,GCM155R71H333KE02D,Existing,0.0024,0.00213,1000,,,,,,,1000,,,,1000,2.4,0,0,0,0,0,0,2.4,0,0,0,2.4,3,7.2,7.2e-06,,
A11934,,,USD,NORTH,NEW DELHI,DEL01781,VVDN TECHNOLOGIES PVT LTD,Others,TRACKER,,Others,TRACKER,ARPIT SINGH,Neha Chauhan,MERCURY,MERCURY,Sinouvassane,Tanuja,AM3152,Existing,182.7,157.46,,,100,,,100,,,100,,,100,0,0,18270,0,0,18270,0,0,18270,0,0,18270,0.4,73080,0.07308,,
,1,,INR,,NEW DELHI,,UMA POLY SOLUTIONS PVT LTD,,,,,,KULDEEP KUMAR,Neha Chauhan,,Diotec,,,BAV99W,New,0.82,,10000,,,,,,10000,,,,10000,,8200,0,0,0,0,0,8200,0,0,0,8200,0,30,24600,0.000278785131459656,,
,1,,INR,,NEW DELHI,,UMA POLY SOLUTIONS PVT LTD,,,,,,KULDEEP KUMAR,Neha Chauhan,,Diotec,,,BAT54C,New,0.8,,10000,,,,,,10000,,,,10000,,8000,0,0,0,0,0,8000,0,0,0,8000,0,30,24000,0.000271985494106981,,
,1,,INR,,NEW DELHI,,UMA POLY SOLUTIONS PVT LTD,,,,,,KULDEEP KUMAR,Neha Chauhan,,Diotec,,,M7,New,0.45,,10000,,,,,,10000,,,,10000,,4500,0,0,0,0,0,4500,0,0,0,4500,0,30,13500,0.000152991840435177,,
A4697,5,,INR,NORTH,AHMEDABAD,AMD00237,VARDHMAN CONTROL INSTRUMENTS,Industrial,Panel Meter,,Industrial,Panel Meter,HARSH DOSHI,Poonam Kashyap,RENESAS,RENESAS,Uma,Manju PJ,R5F102A8ASP#50,Existing,47.84,0.36,2500,,,,2500,,,2500,,,2500,,119600,0,0,0,119600,0,0,119600,0,0,119600,0,10,478400,0.00542157751586582,,
A3670,5,,INR,NORTH,GUJARAT,GUJ00251,VARNI DIGITAL PRIVATE LIMITED,Industrial,Panel Meter,VARNI DIGITAL PRIVATE LIMITED,Industrial,Panel Meter,HARSH DOSHI,Poonam Kashyap,CHUROD,CHUROD,Anita,Priyanka N,A1-S-112IA2F,Existing,20.25,0.156,30000,,,,30000,,,,30000,,,,607500,0,0,0,607500,0,0,0,607500,0,0,0,90,1822500,0.0206538984587489,,
A5097,5,,INR,NORTH,NEW DELHI,DEL01781,VVDN TECHNOLOGIES PVT LTD,Telecom,Routers,,Telecom,Routers,ARPIT SINGH,Neha Chauhan,DIOTEC,DIOTEC,Adarsh,Prajwal,1N4007,Existing,0.75,0.65,12000,,,12000,,,,12000,,,12000,,9000,0,0,9000,0,0,0,9000,0,0,9000,0,48,36000,0.000407978241160471,,
A6242,5,,INR,NORTH,NEW DELHI,DEL01781,VVDN TECHNOLOGIES PVT LTD,Telecom,Routers,,Telecom,Routers,ARPIT SINGH,Neha Chauhan,DIOTEC,DIOTEC,Adarsh,Prajwal,ABS15Y,Existing,6.65,5.77,5000,5000,,5000,5000,,5000,5000,,5000,5000,,33250,33250,0,33250,33250,0,33250,33250,0,33250,33250,0,40,266000,0.00301450589301904,,
,1,,INR,,NEW DELHI,,ZENWIN MOTORPARTS PVT LTD,Automotive,Regulator Rectifier,,Automotive,Regulator Rectifier,MAHESH KUMAR MITTAL,Prakash,,EPCOS,,,B72210S0250K101,New,3.6,,250000,,,,,250000,,,,,,,900000,0,0,0,0,900000,0,0,0,0,0,0,500,1800000,0.0203989120580236,,
,1,,INR,NORTH,NEW DELHI,,ZENWIN MOTORPARTS PVT LTD,Automotive,Regulator Rectifier,,Automotive,Regulator Rectifier,MAHESH KUMAR MITTAL,Prakash,,EPCOS,,,B72210S0250K101,New,3.6,,250000,,,,,250000,,,,,,,900000,0,0,0,0,900000,0,0,0,0,0,0,500,1800000,0.0203989120580236,,
